frame,id,layer,cx,cy,rx,ry,deg
1674,island0,5,162.0,-93.0,261.0,261.0,0.0
1674,island1,5,1055.2,344.4,145.2,145.2,0.0
1674,island2,5,162.0,546.0,234.9,234.9,0.0
1674,island3,5,1087.8,663.0,163.7,163.7,0.0
1674,island4,5,1087.8,1063.5,183.0,183.0,0.0
1674,island5,5,141.0,1347.0,241.5,241.5,0.0
1674,island6,5,1113.9,1464.0,209.4,209.4,0.0
1674,island9,5,90.0,1770.0,175.6,175.6,0.0
1674,island10,5,864.0,1950.0,221.8,221.8,0.0
1674,coral0,1,83.9,2130.7,22.1,22.1,0.0
1674,coral1,1,261.7,241.4,21.3,21.3,0.0
1674,coral4,1,-89.5,879.9,26.9,26.9,0.0
1674,coral6,1,219.7,2020.3,38.7,38.7,0.0
1674,coral11,1,183.5,855.3,31.7,31.7,0.0
1674,coral14,1,19.3,1072.1,21.2,21.2,0.0
1674,coral15,1,363.7,2131.1,40.0,40.0,0.0
1674,coral20,1,292.3,1002.6,28.0,28.0,0.0
1674,coral21,1,1228.3,2162.7,32.3,32.3,0.0
1674,coral24,1,341.5,774.6,29.4,29.4,0.0
1674,coral27,1,380.3,1849.1,36.0,36.0,0.0
1674,coral28,1,1153.5,-248.5,37.9,37.9,0.0
1674,coral30,1,1004.0,-5.1,37.9,37.9,0.0
1674,coral31,1,1149.1,1952.4,28.6,28.6,0.0
1674,coral32,1,900.2,157.2,29.4,29.4,0.0
1674,coral33,1,-146.2,1124.0,32.7,32.7,0.0
1674,coral34,1,896.8,-189.4,31.4,31.4,0.0
1674,coral35,1,-127.5,-259.1,18.0,18.0,0.0
1674,coral37,1,-137.0,703.2,34.2,34.2,0.0
1674,coral39,1,-2.8,1993.2,20.8,20.8,0.0
1674,coral40,1,-140.8,1847.7,24.2,24.2,0.0
1674,coral41,1,-160.4,1657.7,33.2,33.2,0.0
1674,coral42,1,1173.1,48.6,18.8,18.8,0.0
1674,coral44,1,910.8,1237.8,22.7,22.7,0.0
1674,coral45,1,-100.2,84.9,27.9,27.9,0.0
1674,coral46,1,1194.6,1728.5,31.6,31.6,0.0
1674,coral48,1,1221.8,841.8,28.9,28.9,0.0
1674,coral50,1,1027.8,2182.6,17.8,17.8,0.0
1674,coral52,1,391.4,1673.3,29.1,29.1,0.0
1674,coral54,1,1226.3,455.5,21.7,21.7,0.0
1674,coral55,1,16.6,220.1,29.9,29.9,0.0
1674,coral57,1,909.5,534.1,32.3,32.3,0.0
1674,manta,2,580.5,463.4,184.5,184.5,0.0
1674,turtle0,2,804.0,-298.4,55.8,55.8,0.0
1674,turtle1,2,298.4,875.2,55.8,55.8,0.0
1674,school0,2,600.6,-15.8,121.5,121.5,0.0
1674,boat,4,555.0,1180.0,61.2,154.8,0.0
1676,island0,5,162.0,-85.8,261.0,261.0,0.0
1676,island1,5,1055.2,351.6,145.2,145.2,0.0
1676,island2,5,162.0,553.2,234.9,234.9,0.0
1676,island3,5,1087.8,670.2,163.7,163.7,0.0
1676,island4,5,1087.8,1070.7,183.0,183.0,0.0
1676,island5,5,141.0,1354.2,241.5,241.5,0.0
1676,island6,5,1113.9,1471.2,209.4,209.4,0.0
1676,island9,5,90.0,1777.2,175.6,175.6,0.0
1676,island10,5,864.0,1957.2,221.8,221.8,0.0
1676,coral0,1,83.9,2137.9,22.1,22.1,0.0
1676,coral1,1,261.7,248.5,21.3,21.3,0.0
1676,coral4,1,-89.5,887.0,26.9,26.9,0.0
1676,coral6,1,219.7,2027.5,38.7,38.7,0.0
1676,coral11,1,183.5,862.4,31.7,31.7,0.0
1676,coral14,1,19.3,1079.3,21.2,21.2,0.0
1676,coral15,1,363.7,2138.3,40.0,40.0,0.0
1676,coral20,1,292.3,1009.8,28.0,28.0,0.0
1676,coral21,1,1228.3,2169.8,32.3,32.3,0.0
1676,coral24,1,341.5,781.8,29.4,29.4,0.0
1676,coral27,1,380.3,1856.2,36.0,36.0,0.0
1676,coral28,1,1153.5,-241.4,37.9,37.9,0.0
1676,coral30,1,1004.0,2.1,37.9,37.9,0.0
1676,coral31,1,1149.1,1959.5,28.6,28.6,0.0
1676,coral32,1,900.2,164.4,29.4,29.4,0.0
1676,coral33,1,-146.2,1131.2,32.7,32.7,0.0
1676,coral34,1,896.8,-182.3,31.4,31.4,0.0
1676,coral35,1,-127.5,-251.9,18.0,18.0,0.0
1676,coral37,1,-137.0,710.4,34.2,34.2,0.0
1676,coral39,1,-2.8,2000.3,20.8,20.8,0.0
1676,coral40,1,-140.8,1854.8,24.2,24.2,0.0
1676,coral41,1,-160.4,1664.9,33.2,33.2,0.0
1676,coral42,1,1173.1,55.7,18.8,18.8,0.0
1676,coral44,1,910.8,1244.9,22.7,22.7,0.0
1676,coral45,1,-100.2,92.1,27.9,27.9,0.0
1676,coral46,1,1194.6,1735.7,31.6,31.6,0.0
1676,coral48,1,1221.8,848.9,28.9,28.9,0.0
1676,coral50,1,1027.8,2189.8,17.8,17.8,0.0
1676,coral52,1,391.4,1680.4,29.1,29.1,0.0
1676,coral54,1,1226.3,462.7,21.7,21.7,0.0
1676,coral55,1,16.6,227.2,29.9,29.9,0.0
1676,coral57,1,909.5,541.2,32.3,32.3,0.0
1676,manta,2,578.8,474.9,184.5,184.5,0.0
1676,turtle0,2,800.2,-290.3,55.8,55.8,0.0
1676,turtle1,2,301.0,885.3,55.8,55.8,0.0
1676,school0,2,605.8,-10.2,121.5,121.5,0.0
1676,boat,4,555.0,1180.0,61.2,154.8,0.0
1678,island0,5,162.0,-78.7,261.0,261.0,0.0
1678,island1,5,1055.2,358.7,145.2,145.2,0.0
1678,island2,5,162.0,560.3,234.9,234.9,0.0
1678,island3,5,1087.8,677.3,163.7,163.7,0.0
1678,island4,5,1087.8,1077.8,183.0,183.0,0.0
1678,island5,5,141.0,1361.3,241.5,241.5,0.0
1678,island6,5,1113.9,1478.3,209.4,209.4,0.0
1678,island9,5,90.0,1784.3,175.6,175.6,0.0
1678,island10,5,864.0,1964.3,221.8,221.8,0.0
1678,coral0,1,83.9,2145.0,22.1,22.1,0.0
1678,coral1,1,261.7,255.7,21.3,21.3,0.0
1678,coral4,1,-89.5,894.2,26.9,26.9,0.0
1678,coral6,1,219.7,2034.6,38.7,38.7,0.0
1678,coral11,1,183.5,869.6,31.7,31.7,0.0
1678,coral14,1,19.3,1086.4,21.2,21.2,0.0
1678,coral15,1,363.7,2145.4,40.0,40.0,0.0
1678,coral20,1,292.3,1017.0,28.0,28.0,0.0
1678,coral21,1,1228.3,2177.0,32.3,32.3,0.0
1678,coral24,1,341.5,788.9,29.4,29.4,0.0
1678,coral27,1,380.3,1863.4,36.0,36.0,0.0
1678,coral28,1,1153.5,-234.2,37.9,37.9,0.0
1678,coral30,1,1004.0,9.2,37.9,37.9,0.0
1678,coral31,1,1149.1,1966.7,28.6,28.6,0.0
1678,coral32,1,900.2,171.5,29.4,29.4,0.0
1678,coral33,1,-146.2,1138.3,32.7,32.7,0.0
1678,coral34,1,896.8,-175.1,31.4,31.4,0.0
1678,coral35,1,-127.5,-244.8,18.0,18.0,0.0
1678,coral37,1,-137.0,717.5,34.2,34.2,0.0
1678,coral39,1,-2.8,2007.5,20.8,20.8,0.0
1678,coral40,1,-140.8,1862.0,24.2,24.2,0.0
1678,coral41,1,-160.4,1672.0,33.2,33.2,0.0
1678,coral42,1,1173.1,62.9,18.8,18.8,0.0
1678,coral44,1,910.8,1252.1,22.7,22.7,0.0
1678,coral45,1,-100.2,99.2,27.9,27.9,0.0
1678,coral46,1,1194.6,1742.8,31.6,31.6,0.0
1678,coral48,1,1221.8,856.1,28.9,28.9,0.0
1678,coral50,1,1027.8,2196.9,17.8,17.8,0.0
1678,coral52,1,391.4,1687.6,29.1,29.1,0.0
1678,coral54,1,1226.3,469.8,21.7,21.7,0.0
1678,coral55,1,16.6,234.4,29.9,29.9,0.0
1678,coral57,1,909.5,548.4,32.3,32.3,0.0
1678,manta,2,577.7,486.3,184.5,184.5,0.0
1678,turtle0,2,796.4,-282.1,55.8,55.8,0.0
1678,turtle1,2,303.8,895.3,55.8,55.8,0.0
1678,school0,2,611.0,-4.5,121.5,121.5,0.0
1678,boat,4,555.0,1180.0,61.2,154.8,0.0
1680,island0,5,162.0,-71.5,261.0,261.0,0.0
1680,island1,5,1055.2,365.9,145.2,145.2,0.0
1680,island2,5,162.0,567.5,234.9,234.9,0.0
1680,island3,5,1087.8,684.5,163.7,163.7,0.0
1680,island4,5,1087.8,1085.0,183.0,183.0,0.0
1680,island5,5,141.0,1368.5,241.5,241.5,0.0
1680,island6,5,1113.9,1485.5,209.4,209.4,0.0
1680,island9,5,90.0,1791.5,175.6,175.6,0.0
1680,island10,5,864.0,1971.5,221.8,221.8,0.0
1680,coral0,1,83.9,2152.2,22.1,22.1,0.0
1680,coral1,1,261.7,262.8,21.3,21.3,0.0
1680,coral4,1,-89.5,901.3,26.9,26.9,0.0
1680,coral6,1,219.7,2041.8,38.7,38.7,0.0
1680,coral11,1,183.5,876.7,31.7,31.7,0.0
1680,coral14,1,19.3,1093.6,21.2,21.2,0.0
1680,coral15,1,363.7,2152.6,40.0,40.0,0.0
1680,coral20,1,292.3,1024.1,28.0,28.0,0.0
1680,coral21,1,1228.3,2184.2,32.3,32.3,0.0
1680,coral24,1,341.5,796.1,29.4,29.4,0.0
1680,coral27,1,380.3,1870.5,36.0,36.0,0.0
1680,coral28,1,1153.5,-227.0,37.9,37.9,0.0
1680,coral30,1,1004.0,16.4,37.9,37.9,0.0
1680,coral31,1,1149.1,1973.8,28.6,28.6,0.0
1680,coral32,1,900.2,178.7,29.4,29.4,0.0
1680,coral33,1,-146.2,1145.5,32.7,32.7,0.0
1680,coral34,1,896.8,-168.0,31.4,31.4,0.0
1680,coral35,1,-127.5,-237.6,18.0,18.0,0.0
1680,coral37,1,-137.0,724.7,34.2,34.2,0.0
1680,coral39,1,-2.8,2014.6,20.8,20.8,0.0
1680,coral40,1,-140.8,1869.1,24.2,24.2,0.0
1680,coral41,1,-160.4,1679.2,33.2,33.2,0.0
1680,coral42,1,1173.1,70.0,18.8,18.8,0.0
1680,coral44,1,910.8,1259.2,22.7,22.7,0.0
1680,coral45,1,-100.2,106.4,27.9,27.9,0.0
1680,coral46,1,1194.6,1750.0,31.6,31.6,0.0
1680,coral48,1,1221.8,863.3,28.9,28.9,0.0
1680,coral50,1,1027.8,2204.1,17.8,17.8,0.0
1680,coral52,1,391.4,1694.7,29.1,29.1,0.0
1680,coral54,1,1226.3,477.0,21.7,21.7,0.0
1680,coral55,1,16.6,241.5,29.9,29.9,0.0
1680,coral57,1,909.5,555.5,32.3,32.3,0.0
1680,manta,2,577.3,497.4,184.5,184.5,0.0
1680,turtle0,2,792.6,-273.8,55.8,55.8,0.0
1680,turtle1,2,306.6,905.2,55.8,55.8,0.0
1680,school0,2,616.2,1.2,121.5,121.5,0.0
1680,boat,4,555.0,1180.0,61.2,154.8,0.0
1682,island0,5,162.0,-64.4,261.0,261.0,0.0
1682,island1,5,1055.2,373.0,145.2,145.2,0.0
1682,island2,5,162.0,574.6,234.9,234.9,0.0
1682,island3,5,1087.8,691.6,163.7,163.7,0.0
1682,island4,5,1087.8,1092.1,183.0,183.0,0.0
1682,island5,5,141.0,1375.6,241.5,241.5,0.0
1682,island6,5,1113.9,1492.6,209.4,209.4,0.0
1682,island9,5,90.0,1798.6,175.6,175.6,0.0
1682,island10,5,864.0,1978.6,221.8,221.8,0.0
1682,coral0,1,83.9,2159.3,22.1,22.1,0.0
1682,coral1,1,261.7,270.0,21.3,21.3,0.0
1682,coral4,1,-89.5,908.5,26.9,26.9,0.0
1682,coral6,1,219.7,2048.9,38.7,38.7,0.0
1682,coral11,1,183.5,883.9,31.7,31.7,0.0
1682,coral14,1,19.3,1100.7,21.2,21.2,0.0
1682,coral15,1,363.7,2159.7,40.0,40.0,0.0
1682,coral20,1,292.3,1031.3,28.0,28.0,0.0
1682,coral21,1,1228.3,2191.3,32.3,32.3,0.0
1682,coral24,1,341.5,803.2,29.4,29.4,0.0
1682,coral27,1,380.3,1877.7,36.0,36.0,0.0
1682,coral28,1,1153.5,-219.9,37.9,37.9,0.0
1682,coral30,1,1004.0,23.5,37.9,37.9,0.0
1682,coral31,1,1149.1,1981.0,28.6,28.6,0.0
1682,coral32,1,900.2,185.9,29.4,29.4,0.0
1682,coral33,1,-146.2,1152.6,32.7,32.7,0.0
1682,coral34,1,896.8,-160.8,31.4,31.4,0.0
1682,coral35,1,-127.5,-230.5,18.0,18.0,0.0
1682,coral37,1,-137.0,731.8,34.2,34.2,0.0
1682,coral39,1,-2.8,2021.8,20.8,20.8,0.0
1682,coral40,1,-140.8,1876.3,24.2,24.2,0.0
1682,coral41,1,-160.4,1686.3,33.2,33.2,0.0
1682,coral42,1,1173.1,77.2,18.8,18.8,0.0
1682,coral44,1,910.8,1266.4,22.7,22.7,0.0
1682,coral45,1,-100.2,113.5,27.9,27.9,0.0
1682,coral46,1,1194.6,1757.1,31.6,31.6,0.0
1682,coral48,1,1221.8,870.4,28.9,28.9,0.0
1682,coral50,1,1027.8,2211.2,17.8,17.8,0.0
1682,coral52,1,391.4,1701.9,29.1,29.1,0.0
1682,coral54,1,1226.3,484.1,21.7,21.7,0.0
1682,coral55,1,16.6,248.7,29.9,29.9,0.0
1682,coral57,1,909.5,562.7,32.3,32.3,0.0
1682,manta,2,577.9,507.9,184.5,184.5,0.0
1682,turtle0,2,788.8,-265.3,55.8,55.8,0.0
1682,turtle1,2,309.7,914.8,55.8,55.8,0.0
1682,school0,2,621.5,7.0,121.5,121.5,0.0
1682,boat,4,555.0,1180.0,61.2,154.8,0.0
1684,island0,5,162.0,-57.2,261.0,261.0,0.0
1684,island1,5,1055.2,380.2,145.2,145.2,0.0
1684,island2,5,162.0,581.8,234.9,234.9,0.0
1684,island3,5,1087.8,698.8,163.7,163.7,0.0
1684,island4,5,1087.8,1099.3,183.0,183.0,0.0
1684,island5,5,141.0,1382.8,241.5,241.5,0.0
1684,island6,5,1113.9,1499.8,209.4,209.4,0.0
1684,island9,5,90.0,1805.8,175.6,175.6,0.0
1684,island10,5,864.0,1985.8,221.8,221.8,0.0
1684,coral0,1,83.9,2166.5,22.1,22.1,0.0
1684,coral1,1,261.7,277.1,21.3,21.3,0.0
1684,coral4,1,-89.5,915.6,26.9,26.9,0.0
1684,coral6,1,219.7,2056.1,38.7,38.7,0.0
1684,coral11,1,183.5,891.0,31.7,31.7,0.0
1684,coral14,1,19.3,1107.9,21.2,21.2,0.0
1684,coral15,1,363.7,2166.9,40.0,40.0,0.0
1684,coral20,1,292.3,1038.4,28.0,28.0,0.0
1684,coral21,1,1228.3,2198.5,32.3,32.3,0.0
1684,coral24,1,341.5,810.4,29.4,29.4,0.0
1684,coral27,1,380.3,1884.8,36.0,36.0,0.0
1684,coral28,1,1153.5,-212.7,37.9,37.9,0.0
1684,coral30,1,1004.0,30.7,37.9,37.9,0.0
1684,coral31,1,1149.1,1988.1,28.6,28.6,0.0
1684,coral32,1,900.2,193.0,29.4,29.4,0.0
1684,coral33,1,-146.2,1159.8,32.7,32.7,0.0
1684,coral34,1,896.8,-153.7,31.4,31.4,0.0
1684,coral35,1,-127.5,-223.3,18.0,18.0,0.0
1684,coral37,1,-137.0,739.0,34.2,34.2,0.0
1684,coral39,1,-2.8,2029.0,20.8,20.8,0.0
1684,coral40,1,-140.8,1883.4,24.2,24.2,0.0
1684,coral41,1,-160.4,1693.5,33.2,33.2,0.0
1684,coral42,1,1173.1,84.3,18.8,18.8,0.0
1684,coral44,1,910.8,1273.5,22.7,22.7,0.0
1684,coral45,1,-100.2,120.7,27.9,27.9,0.0
1684,coral46,1,1194.6,1764.3,31.6,31.6,0.0
1684,coral48,1,1221.8,877.6,28.9,28.9,0.0
1684,coral50,1,1027.8,2218.4,17.8,17.8,0.0
1684,coral52,1,391.4,1709.0,29.1,29.1,0.0
1684,coral54,1,1226.3,491.3,21.7,21.7,0.0
1684,coral55,1,16.6,255.8,29.9,29.9,0.0
1684,coral57,1,909.5,569.8,32.3,32.3,0.0
1684,manta,2,578.3,518.0,184.5,184.5,0.0
1684,turtle0,2,785.1,-256.8,55.8,55.8,0.0
1684,turtle1,2,313.0,924.2,55.8,55.8,0.0
1684,school0,2,626.7,13.0,121.5,121.5,0.0
1684,boat,4,555.0,1180.0,61.2,154.8,0.0
1686,island0,5,162.0,-50.1,261.0,261.0,0.0
1686,island1,5,1055.2,387.3,145.2,145.2,0.0
1686,island2,5,162.0,588.9,234.9,234.9,0.0
1686,island3,5,1087.8,705.9,163.7,163.7,0.0
1686,island4,5,1087.8,1106.4,183.0,183.0,0.0
1686,island5,5,141.0,1389.9,241.5,241.5,0.0
1686,island6,5,1113.9,1506.9,209.4,209.4,0.0
1686,island9,5,90.0,1812.9,175.6,175.6,0.0
1686,island10,5,864.0,1992.9,221.8,221.8,0.0
1686,coral0,1,83.9,2173.7,22.1,22.1,0.0
1686,coral1,1,261.7,284.3,21.3,21.3,0.0
1686,coral4,1,-89.5,922.8,26.9,26.9,0.0
1686,coral6,1,219.7,2063.2,38.7,38.7,0.0
1686,coral11,1,183.5,898.2,31.7,31.7,0.0
1686,coral14,1,19.3,1115.0,21.2,21.2,0.0
1686,coral15,1,363.7,2174.0,40.0,40.0,0.0
1686,coral20,1,292.3,1045.6,28.0,28.0,0.0
1686,coral21,1,1228.3,2205.6,32.3,32.3,0.0
1686,coral24,1,341.5,817.5,29.4,29.4,0.0
1686,coral27,1,380.3,1892.0,36.0,36.0,0.0
1686,coral28,1,1153.5,-205.6,37.9,37.9,0.0
1686,coral30,1,1004.0,37.9,37.9,37.9,0.0
1686,coral31,1,1149.1,1995.3,28.6,28.6,0.0
1686,coral32,1,900.2,200.2,29.4,29.4,0.0
1686,coral33,1,-146.2,1166.9,32.7,32.7,0.0
1686,coral34,1,896.8,-146.5,31.4,31.4,0.0
1686,coral35,1,-127.5,-216.1,18.0,18.0,0.0
1686,coral37,1,-137.0,746.1,34.2,34.2,0.0
1686,coral39,1,-2.8,2036.1,20.8,20.8,0.0
1686,coral40,1,-140.8,1890.6,24.2,24.2,0.0
1686,coral41,1,-160.4,1700.6,33.2,33.2,0.0
1686,coral42,1,1173.1,91.5,18.8,18.8,0.0
1686,coral44,1,910.8,1280.7,22.7,22.7,0.0
1686,coral45,1,-100.2,127.8,27.9,27.9,0.0
1686,coral46,1,1194.6,1771.4,31.6,31.6,0.0
1686,coral48,1,1221.8,884.7,28.9,28.9,0.0
1686,coral52,1,391.4,1716.2,29.1,29.1,0.0
1686,coral54,1,1226.3,498.5,21.7,21.7,0.0
1686,coral55,1,16.6,263.0,29.9,29.9,0.0
1686,coral57,1,909.5,577.0,32.3,32.3,0.0
1686,manta,2,578.8,527.5,184.5,184.5,0.0
1686,turtle0,2,781.4,-248.3,55.8,55.8,0.0
1686,turtle1,2,316.5,933.2,55.8,55.8,0.0
1686,school0,2,632.0,19.1,121.5,121.5,0.0
1686,boat,4,555.0,1180.0,61.2,154.8,0.0
1688,island0,5,162.0,-42.9,261.0,261.0,0.0
1688,island1,5,1055.2,394.5,145.2,145.2,0.0
1688,island2,5,162.0,596.1,234.9,234.9,0.0
1688,island3,5,1087.8,713.1,163.7,163.7,0.0
1688,island4,5,1087.8,1113.6,183.0,183.0,0.0
1688,island5,5,141.0,1397.1,241.5,241.5,0.0
1688,island6,5,1113.9,1514.1,209.4,209.4,0.0
1688,island9,5,90.0,1820.1,175.6,175.6,0.0
1688,island10,5,864.0,2000.1,221.8,221.8,0.0
1688,coral0,1,83.9,2180.8,22.1,22.1,0.0
1688,coral1,1,261.7,291.4,21.3,21.3,0.0
1688,coral4,1,-89.5,930.0,26.9,26.9,0.0
1688,coral6,1,219.7,2070.4,38.7,38.7,0.0
1688,coral11,1,183.5,905.3,31.7,31.7,0.0
1688,coral14,1,19.3,1122.2,21.2,21.2,0.0
1688,coral15,1,363.7,2181.2,40.0,40.0,0.0
1688,coral20,1,292.3,1052.7,28.0,28.0,0.0
1688,coral21,1,1228.3,2212.8,32.3,32.3,0.0
1688,coral24,1,341.5,824.7,29.4,29.4,0.0
1688,coral27,1,380.3,1899.1,36.0,36.0,0.0
1688,coral28,1,1153.5,-198.4,37.9,37.9,0.0
1688,coral30,1,1004.0,45.0,37.9,37.9,0.0
1688,coral31,1,1149.1,2002.4,28.6,28.6,0.0
1688,coral32,1,900.2,207.3,29.4,29.4,0.0
1688,coral33,1,-146.2,1174.1,32.7,32.7,0.0
1688,coral34,1,896.8,-139.3,31.4,31.4,0.0
1688,coral35,1,-127.5,-209.0,18.0,18.0,0.0
1688,coral37,1,-137.0,753.3,34.2,34.2,0.0
1688,coral39,1,-2.8,2043.3,20.8,20.8,0.0
1688,coral40,1,-140.8,1897.7,24.2,24.2,0.0
1688,coral41,1,-160.4,1707.8,33.2,33.2,0.0
1688,coral42,1,1173.1,98.6,18.8,18.8,0.0
1688,coral44,1,910.8,1287.8,22.7,22.7,0.0
1688,coral45,1,-100.2,135.0,27.9,27.9,0.0
1688,coral46,1,1194.6,1778.6,31.6,31.6,0.0
1688,coral48,1,1221.8,891.9,28.9,28.9,0.0
1688,coral52,1,391.4,1723.3,29.1,29.1,0.0
1688,coral54,1,1226.3,505.6,21.7,21.7,0.0
1688,coral55,1,16.6,270.1,29.9,29.9,0.0
1688,coral57,1,909.5,584.1,32.3,32.3,0.0
1688,manta,2,579.4,536.4,184.5,184.5,0.0
1688,turtle0,2,777.6,-239.9,55.8,55.8,0.0
1688,turtle1,2,320.2,941.8,55.8,55.8,0.0
1688,school0,2,637.4,25.5,121.5,121.5,0.0
1688,boat,4,555.0,1180.0,61.2,154.8,0.0
1690,island0,5,162.0,-35.8,261.0,261.0,0.0
1690,island1,5,1055.2,401.6,145.2,145.2,0.0
1690,island2,5,162.0,603.2,234.9,234.9,0.0
1690,island3,5,1087.8,720.2,163.7,163.7,0.0
1690,island4,5,1087.8,1120.7,183.0,183.0,0.0
1690,island5,5,141.0,1404.2,241.5,241.5,0.0
1690,island6,5,1113.9,1521.2,209.4,209.4,0.0
1690,island9,5,90.0,1827.2,175.6,175.6,0.0
1690,island10,5,864.0,2007.2,221.8,221.8,0.0
1690,coral0,1,83.9,2188.0,22.1,22.1,0.0
1690,coral1,1,261.7,298.6,21.3,21.3,0.0
1690,coral4,1,-89.5,937.1,26.9,26.9,0.0
1690,coral6,1,219.7,2077.5,38.7,38.7,0.0
1690,coral11,1,183.5,912.5,31.7,31.7,0.0
1690,coral14,1,19.3,1129.4,21.2,21.2,0.0
1690,coral15,1,363.7,2188.3,40.0,40.0,0.0
1690,coral20,1,292.3,1059.9,28.0,28.0,0.0
1690,coral21,1,1228.3,2219.9,32.3,32.3,0.0
1690,coral24,1,341.5,831.8,29.4,29.4,0.0
1690,coral27,1,380.3,1906.3,36.0,36.0,0.0
1690,coral28,1,1153.5,-191.3,37.9,37.9,0.0
1690,coral30,1,1004.0,52.2,37.9,37.9,0.0
1690,coral31,1,1149.1,2009.6,28.6,28.6,0.0
1690,coral32,1,900.2,214.5,29.4,29.4,0.0
1690,coral33,1,-146.2,1181.2,32.7,32.7,0.0
1690,coral34,1,896.8,-132.2,31.4,31.4,0.0
1690,coral35,1,-127.5,-201.8,18.0,18.0,0.0
1690,coral37,1,-137.0,760.4,34.2,34.2,0.0
1690,coral39,1,-2.8,2050.4,20.8,20.8,0.0
1690,coral40,1,-140.8,1904.9,24.2,24.2,0.0
1690,coral41,1,-160.4,1715.0,33.2,33.2,0.0
1690,coral42,1,1173.1,105.8,18.8,18.8,0.0
1690,coral44,1,910.8,1295.0,22.7,22.7,0.0
1690,coral45,1,-100.2,142.1,27.9,27.9,0.0
1690,coral46,1,1194.6,1785.8,31.6,31.6,0.0
1690,coral48,1,1221.8,899.0,28.9,28.9,0.0
1690,coral52,1,391.4,1730.5,29.1,29.1,0.0
1690,coral54,1,1226.3,512.8,21.7,21.7,0.0
1690,coral55,1,16.6,277.3,29.9,29.9,0.0
1690,coral57,1,909.5,591.3,32.3,32.3,0.0
1690,manta,2,580.1,544.7,184.5,184.5,0.0
1690,turtle0,2,773.8,-231.7,55.8,55.8,0.0
1690,turtle1,2,324.0,950.0,55.8,55.8,0.0
1690,school0,2,642.7,32.1,121.5,121.5,0.0
1690,boat,4,555.0,1180.0,61.2,154.8,0.0
1692,island0,5,162.0,-28.6,261.0,261.0,0.0
1692,island1,5,1055.2,408.8,145.2,145.2,0.0
1692,island2,5,162.0,610.4,234.9,234.9,0.0
1692,island3,5,1087.8,727.4,163.7,163.7,0.0
1692,island4,5,1087.8,1127.9,183.0,183.0,0.0
1692,island5,5,141.0,1411.4,241.5,241.5,0.0
1692,island6,5,1113.9,1528.4,209.4,209.4,0.0
1692,island9,5,90.0,1834.4,175.6,175.6,0.0
1692,island10,5,864.0,2014.4,221.8,221.8,0.0
1692,coral0,1,83.9,2195.1,22.1,22.1,0.0
1692,coral1,1,261.7,305.7,21.3,21.3,0.0
1692,coral4,1,-89.5,944.3,26.9,26.9,0.0
1692,coral6,1,219.7,2084.7,38.7,38.7,0.0
1692,coral11,1,183.5,919.6,31.7,31.7,0.0
1692,coral14,1,19.3,1136.5,21.2,21.2,0.0
1692,coral15,1,363.7,2195.5,40.0,40.0,0.0
1692,coral20,1,292.3,1067.0,28.0,28.0,0.0
1692,coral24,1,341.5,839.0,29.4,29.4,0.0
1692,coral27,1,380.3,1913.5,36.0,36.0,0.0
1692,coral28,1,1153.5,-184.1,37.9,37.9,0.0
1692,coral30,1,1004.0,59.3,37.9,37.9,0.0
1692,coral31,1,1149.1,2016.7,28.6,28.6,0.0
1692,coral32,1,900.2,221.6,29.4,29.4,0.0
1692,coral33,1,-146.2,1188.4,32.7,32.7,0.0
1692,coral34,1,896.8,-125.0,31.4,31.4,0.0
1692,coral35,1,-127.5,-194.7,18.0,18.0,0.0
1692,coral37,1,-137.0,767.6,34.2,34.2,0.0
1692,coral39,1,-2.8,2057.6,20.8,20.8,0.0
1692,coral40,1,-140.8,1912.0,24.2,24.2,0.0
1692,coral41,1,-160.4,1722.1,33.2,33.2,0.0
1692,coral42,1,1173.1,113.0,18.8,18.8,0.0
1692,coral44,1,910.8,1302.1,22.7,22.7,0.0
1692,coral45,1,-100.2,149.3,27.9,27.9,0.0
1692,coral46,1,1194.6,1792.9,31.6,31.6,0.0
1692,coral48,1,1221.8,906.2,28.9,28.9,0.0
1692,coral52,1,391.4,1737.6,29.1,29.1,0.0
1692,coral54,1,1226.3,519.9,21.7,21.7,0.0
1692,coral55,1,16.6,284.4,29.9,29.9,0.0
1692,coral57,1,909.5,598.5,32.3,32.3,0.0
1692,manta,2,580.7,552.2,184.5,184.5,0.0
1692,turtle0,2,769.9,-223.8,55.8,55.8,0.0
1692,turtle1,2,327.9,957.7,55.8,55.8,0.0
1692,school0,2,648.1,39.1,121.5,121.5,0.0
1692,boat,4,555.0,1180.0,61.2,154.8,0.0
1694,island0,5,162.0,-21.5,261.0,261.0,0.0
1694,island1,5,1055.2,415.9,145.2,145.2,0.0
1694,island2,5,162.0,617.5,234.9,234.9,0.0
1694,island3,5,1087.8,734.5,163.7,163.7,0.0
1694,island4,5,1087.8,1135.0,183.0,183.0,0.0
1694,island5,5,141.0,1418.5,241.5,241.5,0.0
1694,island6,5,1113.9,1535.5,209.4,209.4,0.0
1694,island9,5,90.0,1841.5,175.6,175.6,0.0
1694,island10,5,864.0,2021.5,221.8,221.8,0.0
1694,coral0,1,83.9,2202.3,22.1,22.1,0.0
1694,coral1,1,261.7,312.9,21.3,21.3,0.0
1694,coral4,1,-89.5,951.4,26.9,26.9,0.0
1694,coral6,1,219.7,2091.8,38.7,38.7,0.0
1694,coral11,1,183.5,926.8,31.7,31.7,0.0
1694,coral14,1,19.3,1143.7,21.2,21.2,0.0
1694,coral15,1,363.7,2202.6,40.0,40.0,0.0
1694,coral20,1,292.3,1074.2,28.0,28.0,0.0
1694,coral24,1,341.5,846.2,29.4,29.4,0.0
1694,coral27,1,380.3,1920.6,36.0,36.0,0.0
1694,coral28,1,1153.5,-177.0,37.9,37.9,0.0
1694,coral30,1,1004.0,66.5,37.9,37.9,0.0
1694,coral31,1,1149.1,2023.9,28.6,28.6,0.0
1694,coral32,1,900.2,228.8,29.4,29.4,0.0
1694,coral33,1,-146.2,1195.5,32.7,32.7,0.0
1694,coral34,1,896.8,-117.9,31.4,31.4,0.0
1694,coral35,1,-127.5,-187.5,18.0,18.0,0.0
1694,coral37,1,-137.0,774.8,34.2,34.2,0.0
1694,coral39,1,-2.8,2064.7,20.8,20.8,0.0
1694,coral40,1,-140.8,1919.2,24.2,24.2,0.0
1694,coral41,1,-160.4,1729.3,33.2,33.2,0.0
1694,coral42,1,1173.1,120.1,18.8,18.8,0.0
1694,coral44,1,910.8,1309.3,22.7,22.7,0.0
1694,coral45,1,-100.2,156.5,27.9,27.9,0.0
1694,coral46,1,1194.6,1800.1,31.6,31.6,0.0
1694,coral48,1,1221.8,913.3,28.9,28.9,0.0
1694,coral52,1,391.4,1744.8,29.1,29.1,0.0
1694,coral54,1,1226.3,527.1,21.7,21.7,0.0
1694,coral55,1,16.6,291.6,29.9,29.9,0.0
1694,coral57,1,909.5,605.6,32.3,32.3,0.0
1694,manta,2,581.3,559.0,184.5,184.5,0.0
1694,turtle0,2,766.0,-216.5,55.8,55.8,0.0
1694,turtle1,2,331.9,964.8,55.8,55.8,0.0
1694,school0,2,653.5,46.4,121.5,121.5,0.0
1694,boat,4,555.0,1180.0,61.2,154.8,0.0
1696,island0,5,162.0,-14.3,261.0,261.0,0.0
1696,island1,5,1055.2,423.1,145.2,145.2,0.0
1696,island2,5,162.0,624.7,234.9,234.9,0.0
1696,island3,5,1087.8,741.7,163.7,163.7,0.0
1696,island4,5,1087.8,1142.2,183.0,183.0,0.0
1696,island5,5,141.0,1425.7,241.5,241.5,0.0
1696,island6,5,1113.9,1542.7,209.4,209.4,0.0
1696,island9,5,90.0,1848.7,175.6,175.6,0.0
1696,island10,5,864.0,2028.7,221.8,221.8,0.0
1696,coral0,1,83.9,2209.4,22.1,22.1,0.0
1696,coral1,1,261.7,320.1,21.3,21.3,0.0
1696,coral4,1,-89.5,958.6,26.9,26.9,0.0
1696,coral6,1,219.7,2099.0,38.7,38.7,0.0
1696,coral11,1,183.5,934.0,31.7,31.7,0.0
1696,coral14,1,19.3,1150.8,21.2,21.2,0.0
1696,coral15,1,363.7,2209.8,40.0,40.0,0.0
1696,coral20,1,292.3,1081.3,28.0,28.0,0.0
1696,coral24,1,341.5,853.3,29.4,29.4,0.0
1696,coral27,1,380.3,1927.8,36.0,36.0,0.0
1696,coral28,1,1153.5,-169.8,37.9,37.9,0.0
1696,coral30,1,1004.0,73.6,37.9,37.9,0.0
1696,coral31,1,1149.1,2031.1,28.6,28.6,0.0
1696,coral32,1,900.2,235.9,29.4,29.4,0.0
1696,coral33,1,-146.2,1202.7,32.7,32.7,0.0
1696,coral34,1,896.8,-110.7,31.4,31.4,0.0
1696,coral35,1,-127.5,-180.4,18.0,18.0,0.0
1696,coral37,1,-137.0,781.9,34.2,34.2,0.0
1696,coral39,1,-2.8,2071.9,20.8,20.8,0.0
1696,coral40,1,-140.8,1926.4,24.2,24.2,0.0
1696,coral41,1,-160.4,1736.4,33.2,33.2,0.0
1696,coral42,1,1173.1,127.3,18.8,18.8,0.0
1696,coral44,1,910.8,1316.4,22.7,22.7,0.0
1696,coral45,1,-100.2,163.6,27.9,27.9,0.0
1696,coral46,1,1194.6,1807.2,31.6,31.6,0.0
1696,coral48,1,1221.8,920.5,28.9,28.9,0.0
1696,coral52,1,391.4,1752.0,29.1,29.1,0.0
1696,coral54,1,1226.3,534.2,21.7,21.7,0.0
1696,coral55,1,16.6,298.7,29.9,29.9,0.0
1696,coral57,1,909.5,612.8,32.3,32.3,0.0
1696,coral59,1,333.5,-297.2,33.5,33.5,0.0
1696,manta,2,581.7,564.9,184.5,184.5,0.0
1696,turtle0,2,762.1,-209.9,55.8,55.8,0.0
1696,turtle1,2,335.8,971.6,55.8,55.8,0.0
1696,school0,2,658.9,53.9,121.5,121.5,0.0
1696,boat,4,555.0,1180.0,61.2,154.8,0.0
1698,island0,5,162.0,-7.1,261.0,261.0,0.0
1698,island1,5,1055.2,430.3,145.2,145.2,0.0
1698,island2,5,162.0,631.9,234.9,234.9,0.0
1698,island3,5,1087.8,748.9,163.7,163.7,0.0
1698,island4,5,1087.8,1149.4,183.0,183.0,0.0
1698,island5,5,141.0,1432.9,241.5,241.5,0.0
1698,island6,5,1113.9,1549.9,209.4,209.4,0.0
1698,island9,5,90.0,1855.9,175.6,175.6,0.0
1698,island10,5,864.0,2035.9,221.8,221.8,0.0
1698,coral0,1,83.9,2216.6,22.1,22.1,0.0
1698,coral1,1,261.7,327.2,21.3,21.3,0.0
1698,coral4,1,-89.5,965.7,26.9,26.9,0.0
1698,coral6,1,219.7,2106.2,38.7,38.7,0.0
1698,coral11,1,183.5,941.1,31.7,31.7,0.0
1698,coral14,1,19.3,1158.0,21.2,21.2,0.0
1698,coral15,1,363.7,2216.9,40.0,40.0,0.0
1698,coral20,1,292.3,1088.5,28.0,28.0,0.0
1698,coral24,1,341.5,860.5,29.4,29.4,0.0
1698,coral27,1,380.3,1934.9,36.0,36.0,0.0
1698,coral28,1,1153.5,-162.7,37.9,37.9,0.0
1698,coral30,1,1004.0,80.8,37.9,37.9,0.0
1698,coral31,1,1149.1,2038.2,28.6,28.6,0.0
1698,coral32,1,900.2,243.1,29.4,29.4,0.0
1698,coral33,1,-146.2,1209.9,32.7,32.7,0.0
1698,coral34,1,896.8,-103.6,31.4,31.4,0.0
1698,coral35,1,-127.5,-173.2,18.0,18.0,0.0
1698,coral37,1,-137.0,789.1,34.2,34.2,0.0
1698,coral39,1,-2.8,2079.0,20.8,20.8,0.0
1698,coral40,1,-140.8,1933.5,24.2,24.2,0.0
1698,coral41,1,-160.4,1743.6,33.2,33.2,0.0
1698,coral42,1,1173.1,134.4,18.8,18.8,0.0
1698,coral44,1,910.8,1323.6,22.7,22.7,0.0
1698,coral45,1,-100.2,170.8,27.9,27.9,0.0
1698,coral46,1,1194.6,1814.4,31.6,31.6,0.0
1698,coral48,1,1221.8,927.6,28.9,28.9,0.0
1698,coral52,1,391.4,1759.1,29.1,29.1,0.0
1698,coral54,1,1226.3,541.4,21.7,21.7,0.0
1698,coral55,1,16.6,305.9,29.9,29.9,0.0
1698,coral57,1,909.5,619.9,32.3,32.3,0.0
1698,coral59,1,333.5,-290.0,33.5,33.5,0.0
1698,manta,2,582.0,570.1,184.5,184.5,0.0
1698,turtle0,2,758.3,-204.0,55.8,55.8,0.0
1698,turtle1,2,339.6,978.0,55.8,55.8,0.0
1698,school0,2,664.3,61.6,121.5,121.5,0.0
1698,boat,4,555.0,1180.0,61.2,154.8,0.0
1700,island0,5,162.0,0.0,261.0,261.0,0.0
1700,island1,5,1055.2,437.4,145.2,145.2,0.0
1700,island2,5,162.0,639.0,234.9,234.9,0.0
1700,island3,5,1087.8,756.0,163.7,163.7,0.0
1700,island4,5,1087.8,1156.5,183.0,183.0,0.0
1700,island5,5,141.0,1440.0,241.5,241.5,0.0
1700,island6,5,1113.9,1557.0,209.4,209.4,0.0
1700,island9,5,90.0,1863.0,175.6,175.6,0.0
1700,island10,5,864.0,2043.0,221.8,221.8,0.0
1700,coral1,1,261.7,334.4,21.3,21.3,0.0
1700,coral4,1,-89.5,972.9,26.9,26.9,0.0
1700,coral6,1,219.7,2113.3,38.7,38.7,0.0
1700,coral11,1,183.5,948.3,31.7,31.7,0.0
1700,coral14,1,19.3,1165.1,21.2,21.2,0.0
1700,coral20,1,292.3,1095.6,28.0,28.0,0.0
1700,coral22,1,-7.5,-296.0,33.2,33.2,0.0
1700,coral24,1,341.5,867.6,29.4,29.4,0.0
1700,coral27,1,380.3,1942.1,36.0,36.0,0.0
1700,coral28,1,1153.5,-155.5,37.9,37.9,0.0
1700,coral30,1,1004.0,87.9,37.9,37.9,0.0
1700,coral31,1,1149.1,2045.4,28.6,28.6,0.0
1700,coral32,1,900.2,250.2,29.4,29.4,0.0
1700,coral33,1,-146.2,1217.0,32.7,32.7,0.0
1700,coral34,1,896.8,-96.4,31.4,31.4,0.0
1700,coral35,1,-127.5,-166.1,18.0,18.0,0.0
1700,coral37,1,-137.0,796.2,34.2,34.2,0.0
1700,coral39,1,-2.8,2086.2,20.8,20.8,0.0
1700,coral40,1,-140.8,1940.7,24.2,24.2,0.0
1700,coral41,1,-160.4,1750.7,33.2,33.2,0.0
1700,coral42,1,1173.1,141.6,18.8,18.8,0.0
1700,coral44,1,910.8,1330.8,22.7,22.7,0.0
1700,coral45,1,-100.2,177.9,27.9,27.9,0.0
1700,coral46,1,1194.6,1821.5,31.6,31.6,0.0
1700,coral48,1,1221.8,934.8,28.9,28.9,0.0
1700,coral52,1,391.4,1766.3,29.1,29.1,0.0
1700,coral54,1,1226.3,548.5,21.7,21.7,0.0
1700,coral55,1,16.6,313.1,29.9,29.9,0.0
1700,coral57,1,909.5,627.1,32.3,32.3,0.0
1700,coral59,1,333.5,-282.8,33.5,33.5,0.0
1700,manta,2,582.0,574.6,184.5,184.5,0.0
1700,turtle0,2,754.9,-198.8,55.8,55.8,0.0
1700,turtle1,2,343.0,984.2,55.8,55.8,0.0
1700,school0,2,669.6,69.4,121.5,121.5,0.0
1700,boat,4,555.0,1180.0,61.2,154.8,0.0
1702,island0,5,162.0,7.2,261.0,261.0,0.0
1702,island1,5,1055.2,444.6,145.2,145.2,0.0
1702,island2,5,162.0,646.2,234.9,234.9,0.0
1702,island3,5,1087.8,763.2,163.7,163.7,0.0
1702,island4,5,1087.8,1163.7,183.0,183.0,0.0
1702,island5,5,141.0,1447.2,241.5,241.5,0.0
1702,island6,5,1113.9,1564.2,209.4,209.4,0.0
1702,island9,5,90.0,1870.2,175.6,175.6,0.0
1702,island10,5,864.0,2050.2,221.8,221.8,0.0
1702,coral1,1,261.7,341.5,21.3,21.3,0.0
1702,coral4,1,-89.5,980.0,26.9,26.9,0.0
1702,coral6,1,219.7,2120.5,38.7,38.7,0.0
1702,coral11,1,183.5,955.4,31.7,31.7,0.0
1702,coral14,1,19.3,1172.3,21.2,21.2,0.0
1702,coral20,1,292.3,1102.8,28.0,28.0,0.0
1702,coral22,1,-7.5,-288.8,33.2,33.2,0.0
1702,coral24,1,341.5,874.8,29.4,29.4,0.0
1702,coral27,1,380.3,1949.2,36.0,36.0,0.0
1702,coral28,1,1153.5,-148.4,37.9,37.9,0.0
1702,coral30,1,1004.0,95.1,37.9,37.9,0.0
1702,coral31,1,1149.1,2052.5,28.6,28.6,0.0
1702,coral32,1,900.2,257.4,29.4,29.4,0.0
1702,coral33,1,-146.2,1224.2,32.7,32.7,0.0
1702,coral34,1,896.8,-89.3,31.4,31.4,0.0
1702,coral35,1,-127.5,-158.9,18.0,18.0,0.0
1702,coral37,1,-137.0,803.4,34.2,34.2,0.0
1702,coral39,1,-2.8,2093.3,20.8,20.8,0.0
1702,coral40,1,-140.8,1947.8,24.2,24.2,0.0
1702,coral41,1,-160.4,1757.9,33.2,33.2,0.0
1702,coral42,1,1173.1,148.7,18.8,18.8,0.0
1702,coral44,1,910.8,1337.9,22.7,22.7,0.0
1702,coral45,1,-100.2,185.1,27.9,27.9,0.0
1702,coral46,1,1194.6,1828.7,31.6,31.6,0.0
1702,coral48,1,1221.8,942.0,28.9,28.9,0.0
1702,coral52,1,391.4,1773.4,29.1,29.1,0.0
1702,coral54,1,1226.3,555.7,21.7,21.7,0.0
1702,coral55,1,16.6,320.2,29.9,29.9,0.0
1702,coral57,1,909.5,634.2,32.3,32.3,0.0
1702,coral59,1,333.5,-275.7,33.5,33.5,0.0
1702,manta,2,581.8,578.6,184.5,184.5,0.0
1702,turtle0,2,751.8,-194.1,55.8,55.8,0.0
1702,turtle1,2,346.0,990.6,55.8,55.8,0.0
1702,school0,2,675.0,77.3,121.5,121.5,0.0
1702,boat,4,555.0,1180.0,61.2,154.8,0.0
1704,island0,5,162.0,14.3,261.0,261.0,0.0
1704,island1,5,1055.2,451.7,145.2,145.2,0.0
1704,island2,5,162.0,653.3,234.9,234.9,0.0
1704,island3,5,1087.8,770.3,163.7,163.7,0.0
1704,island4,5,1087.8,1170.8,183.0,183.0,0.0
1704,island5,5,141.0,1454.3,241.5,241.5,0.0
1704,island6,5,1113.9,1571.3,209.4,209.4,0.0
1704,island9,5,90.0,1877.3,175.6,175.6,0.0
1704,island10,5,864.0,2057.3,221.8,221.8,0.0
1704,coral1,1,261.7,348.7,21.3,21.3,0.0
1704,coral4,1,-89.5,987.2,26.9,26.9,0.0
1704,coral6,1,219.7,2127.6,38.7,38.7,0.0
1704,coral11,1,183.5,962.6,31.7,31.7,0.0
1704,coral14,1,19.3,1179.4,21.2,21.2,0.0
1704,coral20,1,292.3,1110.0,28.0,28.0,0.0
1704,coral22,1,-7.5,-281.7,33.2,33.2,0.0
1704,coral24,1,341.5,881.9,29.4,29.4,0.0
1704,coral27,1,380.3,1956.4,36.0,36.0,0.0
1704,coral28,1,1153.5,-141.2,37.9,37.9,0.0
1704,coral30,1,1004.0,102.2,37.9,37.9,0.0
1704,coral31,1,1149.1,2059.7,28.6,28.6,0.0
1704,coral32,1,900.2,264.5,29.4,29.4,0.0
1704,coral33,1,-146.2,1231.3,32.7,32.7,0.0
1704,coral34,1,896.8,-82.1,31.4,31.4,0.0
1704,coral35,1,-127.5,-151.8,18.0,18.0,0.0
1704,coral37,1,-137.0,810.5,34.2,34.2,0.0
1704,coral39,1,-2.8,2100.5,20.8,20.8,0.0
1704,coral40,1,-140.8,1955.0,24.2,24.2,0.0
1704,coral41,1,-160.4,1765.0,33.2,33.2,0.0
1704,coral42,1,1173.1,155.9,18.8,18.8,0.0
1704,coral44,1,910.8,1345.1,22.7,22.7,0.0
1704,coral45,1,-100.2,192.2,27.9,27.9,0.0
1704,coral46,1,1194.6,1835.8,31.6,31.6,0.0
1704,coral48,1,1221.8,949.1,28.9,28.9,0.0
1704,coral52,1,391.4,1780.6,29.1,29.1,0.0
1704,coral54,1,1226.3,562.8,21.7,21.7,0.0
1704,coral55,1,16.6,327.4,29.9,29.9,0.0
1704,coral57,1,909.5,641.4,32.3,32.3,0.0
1704,coral59,1,333.5,-268.5,33.5,33.5,0.0
1704,manta,2,581.5,582.1,184.5,184.5,0.0
1704,turtle0,2,748.9,-189.7,55.8,55.8,0.0
1704,turtle1,2,348.6,997.2,55.8,55.8,0.0
1704,school0,2,680.4,85.1,121.5,121.5,0.0
1704,boat,4,555.0,1180.0,61.2,154.8,0.0
1706,island0,5,162.0,21.5,261.0,261.0,0.0
1706,island1,5,1055.2,458.9,145.2,145.2,0.0
1706,island2,5,162.0,660.5,234.9,234.9,0.0
1706,island3,5,1087.8,777.5,163.7,163.7,0.0
1706,island4,5,1087.8,1178.0,183.0,183.0,0.0
1706,island5,5,141.0,1461.5,241.5,241.5,0.0
1706,island6,5,1113.9,1578.5,209.4,209.4,0.0
1706,island9,5,90.0,1884.5,175.6,175.6,0.0
1706,island10,5,864.0,2064.5,221.8,221.8,0.0
1706,coral1,1,261.7,355.8,21.3,21.3,0.0
1706,coral4,1,-89.5,994.3,26.9,26.9,0.0
1706,coral6,1,219.7,2134.8,38.7,38.7,0.0
1706,coral11,1,183.5,969.7,31.7,31.7,0.0
1706,coral14,1,19.3,1186.6,21.2,21.2,0.0
1706,coral20,1,292.3,1117.1,28.0,28.0,0.0
1706,coral22,1,-7.5,-274.5,33.2,33.2,0.0
1706,coral24,1,341.5,889.1,29.4,29.4,0.0
1706,coral27,1,380.3,1963.5,36.0,36.0,0.0
1706,coral28,1,1153.5,-134.0,37.9,37.9,0.0
1706,coral30,1,1004.0,109.4,37.9,37.9,0.0
1706,coral31,1,1149.1,2066.8,28.6,28.6,0.0
1706,coral32,1,900.2,271.7,29.4,29.4,0.0
1706,coral33,1,-146.2,1238.5,32.7,32.7,0.0
1706,coral34,1,896.8,-75.0,31.4,31.4,0.0
1706,coral35,1,-127.5,-144.6,18.0,18.0,0.0
1706,coral37,1,-137.0,817.7,34.2,34.2,0.0
1706,coral39,1,-2.8,2107.7,20.8,20.8,0.0
1706,coral40,1,-140.8,1962.1,24.2,24.2,0.0
1706,coral41,1,-160.4,1772.2,33.2,33.2,0.0
1706,coral42,1,1173.1,163.0,18.8,18.8,0.0
1706,coral44,1,910.8,1352.2,22.7,22.7,0.0
1706,coral45,1,-100.2,199.4,27.9,27.9,0.0
1706,coral46,1,1194.6,1843.0,31.6,31.6,0.0
1706,coral48,1,1221.8,956.3,28.9,28.9,0.0
1706,coral52,1,391.4,1787.7,29.1,29.1,0.0
1706,coral54,1,1226.3,570.0,21.7,21.7,0.0
1706,coral55,1,16.6,334.5,29.9,29.9,0.0
1706,coral57,1,909.5,648.5,32.3,32.3,0.0
1706,coral59,1,333.5,-261.4,33.5,33.5,0.0
1706,manta,2,581.0,585.3,184.5,184.5,0.0
1706,turtle0,2,746.2,-185.5,55.8,55.8,0.0
1706,turtle1,2,350.6,1004.1,55.8,55.8,0.0
1706,school0,2,685.7,92.8,121.5,121.5,0.0
1706,boat,4,555.0,1180.0,61.2,154.8,0.0
1708,island0,5,162.0,28.6,261.0,261.0,0.0
1708,island1,5,1055.2,466.0,145.2,145.2,0.0
1708,island2,5,162.0,667.6,234.9,234.9,0.0
1708,island3,5,1087.8,784.6,163.7,163.7,0.0
1708,island4,5,1087.8,1185.1,183.0,183.0,0.0
1708,island5,5,141.0,1468.6,241.5,241.5,0.0
1708,island6,5,1113.9,1585.6,209.4,209.4,0.0
1708,island9,5,90.0,1891.6,175.6,175.6,0.0
1708,island10,5,864.0,2071.6,221.8,221.8,0.0
1708,coral1,1,261.7,363.0,21.3,21.3,0.0
1708,coral4,1,-89.5,1001.5,26.9,26.9,0.0
1708,coral6,1,219.7,2141.9,38.7,38.7,0.0
1708,coral11,1,183.5,976.9,31.7,31.7,0.0
1708,coral14,1,19.3,1193.7,21.2,21.2,0.0
1708,coral20,1,292.3,1124.3,28.0,28.0,0.0
1708,coral22,1,-7.5,-267.4,33.2,33.2,0.0
1708,coral24,1,341.5,896.2,29.4,29.4,0.0
1708,coral27,1,380.3,1970.7,36.0,36.0,0.0
1708,coral28,1,1153.5,-126.9,37.9,37.9,0.0
1708,coral30,1,1004.0,116.5,37.9,37.9,0.0
1708,coral31,1,1149.1,2074.0,28.6,28.6,0.0
1708,coral32,1,900.2,278.9,29.4,29.4,0.0
1708,coral33,1,-146.2,1245.6,32.7,32.7,0.0
1708,coral34,1,896.8,-67.8,31.4,31.4,0.0
1708,coral35,1,-127.5,-137.5,18.0,18.0,0.0
1708,coral37,1,-137.0,824.8,34.2,34.2,0.0
1708,coral39,1,-2.8,2114.8,20.8,20.8,0.0
1708,coral40,1,-140.8,1969.3,24.2,24.2,0.0
1708,coral41,1,-160.4,1779.3,33.2,33.2,0.0
1708,coral42,1,1173.1,170.2,18.8,18.8,0.0
1708,coral44,1,910.8,1359.4,22.7,22.7,0.0
1708,coral45,1,-100.2,206.5,27.9,27.9,0.0
1708,coral46,1,1194.6,1850.1,31.6,31.6,0.0
1708,coral48,1,1221.8,963.4,28.9,28.9,0.0
1708,coral52,1,391.4,1794.9,29.1,29.1,0.0
1708,coral54,1,1226.3,577.2,21.7,21.7,0.0
1708,coral55,1,16.6,341.7,29.9,29.9,0.0
1708,coral57,1,909.5,655.7,32.3,32.3,0.0
1708,coral59,1,333.5,-254.2,33.5,33.5,0.0
1708,manta,2,580.4,588.2,184.5,184.5,0.0
1708,turtle0,2,743.6,-181.3,55.8,55.8,0.0
1708,turtle1,2,351.9,1011.3,55.8,55.8,0.0
1708,school0,2,691.1,100.5,121.5,121.5,0.0
1708,boat,4,555.0,1180.0,61.2,154.8,0.0
1710,island0,5,162.0,35.8,261.0,261.0,0.0
1710,island1,5,1055.2,473.2,145.2,145.2,0.0
1710,island2,5,162.0,674.8,234.9,234.9,0.0
1710,island3,5,1087.8,791.8,163.7,163.7,0.0
1710,island4,5,1087.8,1192.3,183.0,183.0,0.0
1710,island5,5,141.0,1475.8,241.5,241.5,0.0
1710,island6,5,1113.9,1592.8,209.4,209.4,0.0
1710,island9,5,90.0,1898.8,175.6,175.6,0.0
1710,island10,5,864.0,2078.8,221.8,221.8,0.0
1710,coral1,1,261.7,370.1,21.3,21.3,0.0
1710,coral4,1,-89.5,1008.7,26.9,26.9,0.0
1710,coral6,1,219.7,2149.1,38.7,38.7,0.0
1710,coral11,1,183.5,984.0,31.7,31.7,0.0
1710,coral14,1,19.3,1200.9,21.2,21.2,0.0
1710,coral20,1,292.3,1131.4,28.0,28.0,0.0
1710,coral22,1,-7.5,-260.2,33.2,33.2,0.0
1710,coral24,1,341.5,903.4,29.4,29.4,0.0
1710,coral27,1,380.3,1977.8,36.0,36.0,0.0
1710,coral28,1,1153.5,-119.7,37.9,37.9,0.0
1710,coral30,1,1004.0,123.7,37.9,37.9,0.0
1710,coral31,1,1149.1,2081.1,28.6,28.6,0.0
1710,coral32,1,900.2,286.0,29.4,29.4,0.0
1710,coral33,1,-146.2,1252.8,32.7,32.7,0.0
1710,coral34,1,896.8,-60.7,31.4,31.4,0.0
1710,coral35,1,-127.5,-130.3,18.0,18.0,0.0
1710,coral37,1,-137.0,832.0,34.2,34.2,0.0
1710,coral39,1,-2.8,2122.0,20.8,20.8,0.0
1710,coral40,1,-140.8,1976.4,24.2,24.2,0.0
1710,coral41,1,-160.4,1786.5,33.2,33.2,0.0
1710,coral42,1,1173.1,177.3,18.8,18.8,0.0
1710,coral44,1,910.8,1366.5,22.7,22.7,0.0
1710,coral45,1,-100.2,213.7,27.9,27.9,0.0
1710,coral46,1,1194.6,1857.3,31.6,31.6,0.0
1710,coral48,1,1221.8,970.6,28.9,28.9,0.0
1710,coral52,1,391.4,1802.0,29.1,29.1,0.0
1710,coral54,1,1226.3,584.3,21.7,21.7,0.0
1710,coral55,1,16.6,348.8,29.9,29.9,0.0
1710,coral57,1,909.5,662.8,32.3,32.3,0.0
1710,coral59,1,333.5,-247.1,33.5,33.5,0.0
1710,manta,2,579.8,590.9,184.5,184.5,0.0
1710,turtle0,2,741.0,-177.1,55.8,55.8,0.0
1710,turtle1,2,352.6,1018.7,55.8,55.8,0.0
1710,school0,2,696.5,108.1,121.5,121.5,0.0
1710,boat,4,555.0,1180.0,61.2,154.8,0.0
1712,island0,5,162.0,42.9,261.0,261.0,0.0
1712,island1,5,1055.2,480.3,145.2,145.2,0.0
1712,island2,5,162.0,681.9,234.9,234.9,0.0
1712,island3,5,1087.8,798.9,163.7,163.7,0.0
1712,island4,5,1087.8,1199.4,183.0,183.0,0.0
1712,island5,5,141.0,1482.9,241.5,241.5,0.0
1712,island6,5,1113.9,1599.9,209.4,209.4,0.0
1712,island9,5,90.0,1905.9,175.6,175.6,0.0
1712,island10,5,864.0,2085.9,221.8,221.8,0.0
1712,coral1,1,261.7,377.3,21.3,21.3,0.0
1712,coral4,1,-89.5,1015.8,26.9,26.9,0.0
1712,coral6,1,219.7,2156.2,38.7,38.7,0.0
1712,coral11,1,183.5,991.2,31.7,31.7,0.0
1712,coral14,1,19.3,1208.0,21.2,21.2,0.0
1712,coral20,1,292.3,1138.6,28.0,28.0,0.0
1712,coral22,1,-7.5,-253.1,33.2,33.2,0.0
1712,coral24,1,341.5,910.5,29.4,29.4,0.0
1712,coral27,1,380.3,1985.0,36.0,36.0,0.0
1712,coral28,1,1153.5,-112.6,37.9,37.9,0.0
1712,coral30,1,1004.0,130.9,37.9,37.9,0.0
1712,coral31,1,1149.1,2088.3,28.6,28.6,0.0
1712,coral32,1,900.2,293.2,29.4,29.4,0.0
1712,coral33,1,-146.2,1259.9,32.7,32.7,0.0
1712,coral34,1,896.8,-53.5,31.4,31.4,0.0
1712,coral35,1,-127.5,-123.1,18.0,18.0,0.0
1712,coral37,1,-137.0,839.1,34.2,34.2,0.0
1712,coral39,1,-2.8,2129.1,20.8,20.8,0.0
1712,coral40,1,-140.8,1983.6,24.2,24.2,0.0
1712,coral41,1,-160.4,1793.6,33.2,33.2,0.0
1712,coral42,1,1173.1,184.5,18.8,18.8,0.0
1712,coral44,1,910.8,1373.7,22.7,22.7,0.0
1712,coral45,1,-100.2,220.8,27.9,27.9,0.0
1712,coral46,1,1194.6,1864.5,31.6,31.6,0.0
1712,coral48,1,1221.8,977.7,28.9,28.9,0.0
1712,coral52,1,391.4,1809.2,29.1,29.1,0.0
1712,coral54,1,1226.3,591.5,21.7,21.7,0.0
1712,coral55,1,16.6,356.0,29.9,29.9,0.0
1712,coral57,1,909.5,670.0,32.3,32.3,0.0
1712,coral59,1,333.5,-239.9,33.5,33.5,0.0
1712,manta,2,579.3,593.4,184.5,184.5,0.0
1712,turtle0,2,738.2,-172.8,55.8,55.8,0.0
1712,turtle1,2,352.5,1026.2,55.8,55.8,0.0
1712,school0,2,701.9,115.6,121.5,121.5,0.0
1712,boat,4,555.0,1180.0,61.2,154.8,0.0
1714,island0,5,162.0,50.1,261.0,261.0,0.0
1714,island1,5,1055.2,487.5,145.2,145.2,0.0
1714,island2,5,162.0,689.1,234.9,234.9,0.0
1714,island3,5,1087.8,806.1,163.7,163.7,0.0
1714,island4,5,1087.8,1206.6,183.0,183.0,0.0
1714,island5,5,141.0,1490.1,241.5,241.5,0.0
1714,island6,5,1113.9,1607.1,209.4,209.4,0.0
1714,island9,5,90.0,1913.1,175.6,175.6,0.0
1714,island10,5,864.0,2093.1,221.8,221.8,0.0
1714,coral1,1,261.7,384.4,21.3,21.3,0.0
1714,coral4,1,-89.5,1023.0,26.9,26.9,0.0
1714,coral6,1,219.7,2163.4,38.7,38.7,0.0
1714,coral11,1,183.5,998.3,31.7,31.7,0.0
1714,coral14,1,19.3,1215.2,21.2,21.2,0.0
1714,coral20,1,292.3,1145.7,28.0,28.0,0.0
1714,coral22,1,-7.5,-245.9,33.2,33.2,0.0
1714,coral24,1,341.5,917.7,29.4,29.4,0.0
1714,coral27,1,380.3,1992.1,36.0,36.0,0.0
1714,coral28,1,1153.5,-105.4,37.9,37.9,0.0
1714,coral30,1,1004.0,138.0,37.9,37.9,0.0
1714,coral31,1,1149.1,2095.4,28.6,28.6,0.0
1714,coral32,1,900.2,300.3,29.4,29.4,0.0
1714,coral33,1,-146.2,1267.1,32.7,32.7,0.0
1714,coral34,1,896.8,-46.3,31.4,31.4,0.0
1714,coral35,1,-127.5,-116.0,18.0,18.0,0.0
1714,coral37,1,-137.0,846.3,34.2,34.2,0.0
1714,coral39,1,-2.8,2136.3,20.8,20.8,0.0
1714,coral40,1,-140.8,1990.7,24.2,24.2,0.0
1714,coral41,1,-160.4,1800.8,33.2,33.2,0.0
1714,coral42,1,1173.1,191.7,18.8,18.8,0.0
1714,coral44,1,910.8,1380.8,22.7,22.7,0.0
1714,coral45,1,-100.2,228.0,27.9,27.9,0.0
1714,coral46,1,1194.6,1871.6,31.6,31.6,0.0
1714,coral48,1,1221.8,984.9,28.9,28.9,0.0
1714,coral52,1,391.4,1816.3,29.1,29.1,0.0
1714,coral54,1,1226.3,598.6,21.7,21.7,0.0
1714,coral55,1,16.6,363.1,29.9,29.9,0.0
1714,coral57,1,909.5,677.1,32.3,32.3,0.0
1714,coral59,1,333.5,-232.8,33.5,33.5,0.0
1714,manta,2,579.1,595.7,184.5,184.5,0.0
1714,turtle0,2,735.4,-168.4,55.8,55.8,0.0
1714,turtle1,2,351.6,1033.7,55.8,55.8,0.0
1714,school0,2,707.3,123.0,121.5,121.5,0.0
1714,boat,4,555.0,1180.0,61.2,154.8,0.0
1716,island0,5,162.0,57.2,261.0,261.0,0.0
1716,island1,5,1055.2,494.6,145.2,145.2,0.0
1716,island2,5,162.0,696.2,234.9,234.9,0.0
1716,island3,5,1087.8,813.2,163.7,163.7,0.0
1716,island4,5,1087.8,1213.7,183.0,183.0,0.0
1716,island5,5,141.0,1497.2,241.5,241.5,0.0
1716,island6,5,1113.9,1614.2,209.4,209.4,0.0
1716,island9,5,90.0,1920.2,175.6,175.6,0.0
1716,island10,5,864.0,2100.2,221.8,221.8,0.0
1716,coral1,1,261.7,391.6,21.3,21.3,0.0
1716,coral4,1,-89.5,1030.1,26.9,26.9,0.0
1716,coral6,1,219.7,2170.5,38.7,38.7,0.0
1716,coral11,1,183.5,1005.5,31.7,31.7,0.0
1716,coral14,1,19.3,1222.4,21.2,21.2,0.0
1716,coral20,1,292.3,1152.9,28.0,28.0,0.0
1716,coral22,1,-7.5,-238.8,33.2,33.2,0.0
1716,coral24,1,341.5,924.9,29.4,29.4,0.0
1716,coral27,1,380.3,1999.3,36.0,36.0,0.0
1716,coral28,1,1153.5,-98.3,37.9,37.9,0.0
1716,coral30,1,1004.0,145.2,37.9,37.9,0.0
1716,coral31,1,1149.1,2102.6,28.6,28.6,0.0
1716,coral32,1,900.2,307.5,29.4,29.4,0.0
1716,coral33,1,-146.2,1274.2,32.7,32.7,0.0
1716,coral34,1,896.8,-39.2,31.4,31.4,0.0
1716,coral35,1,-127.5,-108.8,18.0,18.0,0.0
1716,coral37,1,-137.0,853.5,34.2,34.2,0.0
1716,coral39,1,-2.8,2143.4,20.8,20.8,0.0
1716,coral40,1,-140.8,1997.9,24.2,24.2,0.0
1716,coral41,1,-160.4,1808.0,33.2,33.2,0.0
1716,coral42,1,1173.1,198.8,18.8,18.8,0.0
1716,coral44,1,910.8,1388.0,22.7,22.7,0.0
1716,coral45,1,-100.2,235.1,27.9,27.9,0.0
1716,coral46,1,1194.6,1878.8,31.6,31.6,0.0
1716,coral48,1,1221.8,992.0,28.9,28.9,0.0
1716,coral52,1,391.4,1823.5,29.1,29.1,0.0
1716,coral54,1,1226.3,605.8,21.7,21.7,0.0
1716,coral55,1,16.6,370.3,29.9,29.9,0.0
1716,coral57,1,909.5,684.3,32.3,32.3,0.0
1716,coral59,1,333.5,-225.6,33.5,33.5,0.0
1716,manta,2,579.0,597.9,184.5,184.5,0.0
1716,turtle0,2,732.4,-163.9,55.8,55.8,0.0
1716,turtle1,2,349.8,1041.2,55.8,55.8,0.0
1716,school0,2,712.7,130.1,121.5,121.5,0.0
1716,boat,4,555.0,1180.0,61.2,154.8,0.0
1718,island0,5,162.0,64.4,261.0,261.0,0.0
1718,island1,5,1055.2,501.8,145.2,145.2,0.0
1718,island2,5,162.0,703.4,234.9,234.9,0.0
1718,island3,5,1087.8,820.4,163.7,163.7,0.0
1718,island4,5,1087.8,1220.9,183.0,183.0,0.0
1718,island5,5,141.0,1504.4,241.5,241.5,0.0
1718,island6,5,1113.9,1621.4,209.4,209.4,0.0
1718,island9,5,90.0,1927.4,175.6,175.6,0.0
1718,island10,5,864.0,2107.4,221.8,221.8,0.0
1718,coral1,1,261.7,398.8,21.3,21.3,0.0
1718,coral4,1,-89.5,1037.3,26.9,26.9,0.0
1718,coral6,1,219.7,2177.7,38.7,38.7,0.0
1718,coral11,1,183.5,1012.6,31.7,31.7,0.0
1718,coral14,1,19.3,1229.5,21.2,21.2,0.0
1718,coral20,1,292.3,1160.0,28.0,28.0,0.0
1718,coral22,1,-7.5,-231.6,33.2,33.2,0.0
1718,coral24,1,341.5,932.0,29.4,29.4,0.0
1718,coral26,1,1226.4,-299.7,34.4,34.4,0.0
1718,coral27,1,380.3,2006.5,36.0,36.0,0.0
1718,coral28,1,1153.5,-91.1,37.9,37.9,0.0
1718,coral30,1,1004.0,152.3,37.9,37.9,0.0
1718,coral31,1,1149.1,2109.7,28.6,28.6,0.0
1718,coral32,1,900.2,314.6,29.4,29.4,0.0
1718,coral33,1,-146.2,1281.4,32.7,32.7,0.0
1718,coral34,1,896.8,-32.0,31.4,31.4,0.0
1718,coral35,1,-127.5,-101.7,18.0,18.0,0.0
1718,coral37,1,-137.0,860.6,34.2,34.2,0.0
1718,coral39,1,-2.8,2150.6,20.8,20.8,0.0
1718,coral40,1,-140.8,2005.1,24.2,24.2,0.0
1718,coral41,1,-160.4,1815.1,33.2,33.2,0.0
1718,coral42,1,1173.1,206.0,18.8,18.8,0.0
1718,coral44,1,910.8,1395.1,22.7,22.7,0.0
1718,coral45,1,-100.2,242.3,27.9,27.9,0.0
1718,coral46,1,1194.6,1885.9,31.6,31.6,0.0
1718,coral48,1,1221.8,999.2,28.9,28.9,0.0
1718,coral52,1,391.4,1830.7,29.1,29.1,0.0
1718,coral54,1,1226.3,612.9,21.7,21.7,0.0
1718,coral55,1,16.6,377.4,29.9,29.9,0.0
1718,coral57,1,909.5,691.5,32.3,32.3,0.0
1718,coral59,1,333.5,-218.5,33.5,33.5,0.0
1718,manta,2,579.1,599.9,184.5,184.5,0.0
1718,turtle0,2,729.3,-159.2,55.8,55.8,0.0
1718,turtle1,2,347.1,1048.6,55.8,55.8,0.0
1718,school0,2,718.1,136.8,121.5,121.5,0.0
1718,boat,4,555.0,1180.0,61.2,154.8,0.0
1720,island0,5,162.0,71.5,261.0,261.0,0.0
1720,island1,5,1055.2,508.9,145.2,145.2,0.0
1720,island2,5,162.0,710.5,234.9,234.9,0.0
1720,island3,5,1087.8,827.5,163.7,163.7,0.0
1720,island4,5,1087.8,1228.0,183.0,183.0,0.0
1720,island5,5,141.0,1511.5,241.5,241.5,0.0
1720,island6,5,1113.9,1628.5,209.4,209.4,0.0
1720,island9,5,90.0,1934.5,175.6,175.6,0.0
1720,island10,5,864.0,2114.5,221.8,221.8,0.0
1720,coral1,1,261.7,405.9,21.3,21.3,0.0
1720,coral4,1,-89.5,1044.4,26.9,26.9,0.0
1720,coral6,1,219.7,2184.9,38.7,38.7,0.0
1720,coral11,1,183.5,1019.8,31.7,31.7,0.0
1720,coral14,1,19.3,1236.7,21.2,21.2,0.0
1720,coral20,1,292.3,1167.2,28.0,28.0,0.0
1720,coral22,1,-7.5,-224.4,33.2,33.2,0.0
1720,coral24,1,341.5,939.2,29.4,29.4,0.0
1720,coral26,1,1226.4,-292.5,34.4,34.4,0.0
1720,coral27,1,380.3,2013.6,36.0,36.0,0.0
1720,coral28,1,1153.5,-84.0,37.9,37.9,0.0
1720,coral30,1,1004.0,159.5,37.9,37.9,0.0
1720,coral31,1,1149.1,2116.9,28.6,28.6,0.0
1720,coral32,1,900.2,321.8,29.4,29.4,0.0
1720,coral33,1,-146.2,1288.6,32.7,32.7,0.0
1720,coral34,1,896.8,-24.9,31.4,31.4,0.0
1720,coral35,1,-127.5,-94.5,18.0,18.0,0.0
1720,coral37,1,-137.0,867.8,34.2,34.2,0.0
1720,coral39,1,-2.8,2157.7,20.8,20.8,0.0
1720,coral40,1,-140.8,2012.2,24.2,24.2,0.0
1720,coral41,1,-160.4,1822.3,33.2,33.2,0.0
1720,coral42,1,1173.1,213.1,18.8,18.8,0.0
1720,coral44,1,910.8,1402.3,22.7,22.7,0.0
1720,coral45,1,-100.2,249.5,27.9,27.9,0.0
1720,coral46,1,1194.6,1893.1,31.6,31.6,0.0
1720,coral48,1,1221.8,1006.3,28.9,28.9,0.0
1720,coral52,1,391.4,1837.8,29.1,29.1,0.0
1720,coral54,1,1226.3,620.1,21.7,21.7,0.0
1720,coral55,1,16.6,384.6,29.9,29.9,0.0
1720,coral57,1,909.5,698.6,32.3,32.3,0.0
1720,coral59,1,333.5,-211.3,33.5,33.5,0.0
1720,manta,2,579.4,601.8,184.5,184.5,0.0
1720,turtle0,2,726.2,-154.4,55.8,55.8,0.0
1720,turtle1,2,343.3,1055.9,55.8,55.8,0.0
1720,school0,2,723.4,143.2,121.5,121.5,0.0
1720,boat,4,555.0,1180.0,61.2,154.8,0.0
1722,island0,5,162.0,78.7,261.0,261.0,0.0
1722,island1,5,1055.2,516.1,145.2,145.2,0.0
1722,island2,5,162.0,717.7,234.9,234.9,0.0
1722,island3,5,1087.8,834.7,163.7,163.7,0.0
1722,island4,5,1087.8,1235.2,183.0,183.0,0.0
1722,island5,5,141.0,1518.7,241.5,241.5,0.0
1722,island6,5,1113.9,1635.7,209.4,209.4,0.0
1722,island9,5,90.0,1941.7,175.6,175.6,0.0
1722,island10,5,864.0,2121.7,221.8,221.8,0.0
1722,coral1,1,261.7,413.1,21.3,21.3,0.0
1722,coral4,1,-89.5,1051.6,26.9,26.9,0.0
1722,coral6,1,219.7,2192.0,38.7,38.7,0.0
1722,coral11,1,183.5,1027.0,31.7,31.7,0.0
1722,coral14,1,19.3,1243.8,21.2,21.2,0.0
1722,coral20,1,292.3,1174.3,28.0,28.0,0.0
1722,coral22,1,-7.5,-217.3,33.2,33.2,0.0
1722,coral24,1,341.5,946.3,29.4,29.4,0.0
1722,coral26,1,1226.4,-285.4,34.4,34.4,0.0
1722,coral27,1,380.3,2020.8,36.0,36.0,0.0
1722,coral28,1,1153.5,-76.8,37.9,37.9,0.0
1722,coral30,1,1004.0,166.6,37.9,37.9,0.0
1722,coral31,1,1149.1,2124.1,28.6,28.6,0.0
1722,coral32,1,900.2,328.9,29.4,29.4,0.0
1722,coral33,1,-146.2,1295.7,32.7,32.7,0.0
1722,coral34,1,896.8,-17.7,31.4,31.4,0.0
1722,coral35,1,-127.5,-87.4,18.0,18.0,0.0
1722,coral37,1,-137.0,874.9,34.2,34.2,0.0
1722,coral39,1,-2.8,2164.9,20.8,20.8,0.0
1722,coral40,1,-140.8,2019.4,24.2,24.2,0.0
1722,coral41,1,-160.4,1829.4,33.2,33.2,0.0
1722,coral42,1,1173.1,220.3,18.8,18.8,0.0
1722,coral44,1,910.8,1409.5,22.7,22.7,0.0
1722,coral45,1,-100.2,256.6,27.9,27.9,0.0
1722,coral46,1,1194.6,1900.2,31.6,31.6,0.0
1722,coral48,1,1221.8,1013.5,28.9,28.9,0.0
1722,coral52,1,391.4,1845.0,29.1,29.1,0.0
1722,coral54,1,1226.3,627.2,21.7,21.7,0.0
1722,coral55,1,16.6,391.8,29.9,29.9,0.0
1722,coral57,1,909.5,705.8,32.3,32.3,0.0
1722,coral59,1,333.5,-204.1,33.5,33.5,0.0
1722,manta,2,579.9,603.6,184.5,184.5,0.0
1722,turtle0,2,722.9,-149.5,55.8,55.8,0.0
1722,turtle1,2,339.4,1063.1,55.8,55.8,0.0
1722,school0,2,728.6,149.1,121.5,121.5,0.0
1722,boat,4,555.0,1180.0,61.2,154.8,0.0
1724,island0,5,162.0,85.9,261.0,261.0,0.0
1724,island1,5,1055.2,523.3,145.2,145.2,0.0
1724,island2,5,162.0,724.9,234.9,234.9,0.0
1724,island3,5,1087.8,841.9,163.7,163.7,0.0
1724,island4,5,1087.8,1242.4,183.0,183.0,0.0
1724,island5,5,141.0,1525.9,241.5,241.5,0.0
1724,island6,5,1113.9,1642.9,209.4,209.4,0.0
1724,island9,5,90.0,1948.9,175.6,175.6,0.0
1724,island10,5,864.0,2128.9,221.8,221.8,0.0
1724,coral1,1,261.7,420.2,21.3,21.3,0.0
1724,coral4,1,-89.5,1058.7,26.9,26.9,0.0
1724,coral6,1,219.7,2199.2,38.7,38.7,0.0
1724,coral11,1,183.5,1034.1,31.7,31.7,0.0
1724,coral14,1,19.3,1251.0,21.2,21.2,0.0
1724,coral20,1,292.3,1181.5,28.0,28.0,0.0
1724,coral22,1,-7.5,-210.1,33.2,33.2,0.0
1724,coral24,1,341.5,953.5,29.4,29.4,0.0
1724,coral26,1,1226.4,-278.2,34.4,34.4,0.0
1724,coral27,1,380.3,2027.9,36.0,36.0,0.0
1724,coral28,1,1153.5,-69.7,37.9,37.9,0.0
1724,coral30,1,1004.0,173.8,37.9,37.9,0.0
1724,coral31,1,1149.1,2131.2,28.6,28.6,0.0
1724,coral32,1,900.2,336.1,29.4,29.4,0.0
1724,coral33,1,-146.2,1302.9,32.7,32.7,0.0
1724,coral34,1,896.8,-10.6,31.4,31.4,0.0
1724,coral35,1,-127.5,-80.2,18.0,18.0,0.0
1724,coral37,1,-137.0,882.1,34.2,34.2,0.0
1724,coral39,1,-2.8,2172.0,20.8,20.8,0.0
1724,coral40,1,-140.8,2026.5,24.2,24.2,0.0
1724,coral41,1,-160.4,1836.6,33.2,33.2,0.0
1724,coral42,1,1173.1,227.4,18.8,18.8,0.0
1724,coral44,1,910.8,1416.6,22.7,22.7,0.0
1724,coral45,1,-100.2,263.8,27.9,27.9,0.0
1724,coral46,1,1194.6,1907.4,31.6,31.6,0.0
1724,coral48,1,1221.8,1020.6,28.9,28.9,0.0
1724,coral52,1,391.4,1852.1,29.1,29.1,0.0
1724,coral54,1,1226.3,634.4,21.7,21.7,0.0
1724,coral55,1,16.6,398.9,29.9,29.9,0.0
1724,coral57,1,909.5,712.9,32.3,32.3,0.0
1724,coral59,1,333.5,-197.0,33.5,33.5,0.0
1724,manta,2,580.6,605.4,184.5,184.5,0.0
1724,turtle0,2,719.6,-144.6,55.8,55.8,0.0
1724,turtle1,2,335.4,1070.2,55.8,55.8,0.0
1724,school0,2,733.5,154.4,121.5,121.5,0.0
1724,boat,4,555.0,1180.0,61.2,154.8,0.0
1726,island0,5,162.0,93.0,261.0,261.0,0.0
1726,island1,5,1055.2,530.4,145.2,145.2,0.0
1726,island2,5,162.0,732.0,234.9,234.9,0.0
1726,island3,5,1087.8,849.0,163.7,163.7,0.0
1726,island4,5,1087.8,1249.5,183.0,183.0,0.0
1726,island5,5,141.0,1533.0,241.5,241.5,0.0
1726,island6,5,1113.9,1650.0,209.4,209.4,0.0
1726,island9,5,90.0,1956.0,175.6,175.6,0.0
1726,island10,5,864.0,2136.0,221.8,221.8,0.0
1726,coral1,1,261.7,427.4,21.3,21.3,0.0
1726,coral4,1,-89.5,1065.9,26.9,26.9,0.0
1726,coral6,1,219.7,2206.3,38.7,38.7,0.0
1726,coral11,1,183.5,1041.3,31.7,31.7,0.0
1726,coral14,1,19.3,1258.1,21.2,21.2,0.0
1726,coral20,1,292.3,1188.7,28.0,28.0,0.0
1726,coral22,1,-7.5,-203.0,33.2,33.2,0.0
1726,coral24,1,341.5,960.6,29.4,29.4,0.0
1726,coral26,1,1226.4,-271.1,34.4,34.4,0.0
1726,coral27,1,380.3,2035.1,36.0,36.0,0.0
1726,coral28,1,1153.5,-62.5,37.9,37.9,0.0
1726,coral30,1,1004.0,180.9,37.9,37.9,0.0
1726,coral31,1,1149.1,2138.4,28.6,28.6,0.0
1726,coral32,1,900.2,343.2,29.4,29.4,0.0
1726,coral33,1,-146.2,1310.0,32.7,32.7,0.0
1726,coral34,1,896.8,-3.4,31.4,31.4,0.0
1726,coral35,1,-127.5,-73.1,18.0,18.0,0.0
1726,coral37,1,-137.0,889.2,34.2,34.2,0.0
1726,coral39,1,-2.8,2179.2,20.8,20.8,0.0
1726,coral40,1,-140.8,2033.7,24.2,24.2,0.0
1726,coral41,1,-160.4,1843.7,33.2,33.2,0.0
1726,coral42,1,1173.1,234.6,18.8,18.8,0.0
1726,coral44,1,910.8,1423.8,22.7,22.7,0.0
1726,coral45,1,-100.2,270.9,27.9,27.9,0.0
1726,coral46,1,1194.6,1914.5,31.6,31.6,0.0
1726,coral48,1,1221.8,1027.8,28.9,28.9,0.0
1726,coral52,1,391.4,1859.3,29.1,29.1,0.0
1726,coral54,1,1226.3,641.5,21.7,21.7,0.0
1726,coral55,1,16.6,406.1,29.9,29.9,0.0
1726,coral57,1,909.5,720.1,32.3,32.3,0.0
1726,coral59,1,333.5,-189.8,33.5,33.5,0.0
1726,manta,2,581.4,607.2,184.5,184.5,0.0
1726,turtle0,2,716.3,-139.6,55.8,55.8,0.0
1726,turtle1,2,331.5,1077.4,55.8,55.8,0.0
1726,school0,2,737.6,159.3,121.5,121.5,0.0
1726,boat,4,555.0,1180.0,61.2,154.8,0.0
1728,island0,5,162.0,100.2,261.0,261.0,0.0
1728,island1,5,1055.2,537.6,145.2,145.2,0.0
1728,island2,5,162.0,739.2,234.9,234.9,0.0
1728,island3,5,1087.8,856.2,163.7,163.7,0.0
1728,island4,5,1087.8,1256.7,183.0,183.0,0.0
1728,island5,5,141.0,1540.2,241.5,241.5,0.0
1728,island6,5,1113.9,1657.2,209.4,209.4,0.0
1728,island9,5,90.0,1963.2,175.6,175.6,0.0
1728,island10,5,864.0,2143.2,221.8,221.8,0.0
1728,coral1,1,261.7,434.5,21.3,21.3,0.0
1728,coral4,1,-89.5,1073.0,26.9,26.9,0.0
1728,coral6,1,219.7,2213.5,38.7,38.7,0.0
1728,coral11,1,183.5,1048.4,31.7,31.7,0.0
1728,coral14,1,19.3,1265.3,21.2,21.2,0.0
1728,coral20,1,292.3,1195.8,28.0,28.0,0.0
1728,coral22,1,-7.5,-195.8,33.2,33.2,0.0
1728,coral24,1,341.5,967.8,29.4,29.4,0.0
1728,coral26,1,1226.4,-263.9,34.4,34.4,0.0
1728,coral27,1,380.3,2042.2,36.0,36.0,0.0
1728,coral28,1,1153.5,-55.3,37.9,37.9,0.0
1728,coral30,1,1004.0,188.1,37.9,37.9,0.0
1728,coral31,1,1149.1,2145.5,28.6,28.6,0.0
1728,coral32,1,900.2,350.4,29.4,29.4,0.0
1728,coral33,1,-146.2,1317.2,32.7,32.7,0.0
1728,coral34,1,896.8,3.7,31.4,31.4,0.0
1728,coral35,1,-127.5,-65.9,18.0,18.0,0.0
1728,coral37,1,-137.0,896.4,34.2,34.2,0.0
1728,coral39,1,-2.8,2186.3,20.8,20.8,0.0
1728,coral40,1,-140.8,2040.8,24.2,24.2,0.0
1728,coral41,1,-160.4,1850.9,33.2,33.2,0.0
1728,coral42,1,1173.1,241.7,18.8,18.8,0.0
1728,coral44,1,910.8,1430.9,22.7,22.7,0.0
1728,coral45,1,-100.2,278.1,27.9,27.9,0.0
1728,coral46,1,1194.6,1921.7,31.6,31.6,0.0
1728,coral48,1,1221.8,1035.0,28.9,28.9,0.0
1728,coral52,1,391.4,1866.4,29.1,29.1,0.0
1728,coral54,1,1226.3,648.7,21.7,21.7,0.0
1728,coral55,1,16.6,413.2,29.9,29.9,0.0
1728,coral57,1,909.5,727.2,32.3,32.3,0.0
1728,coral59,1,333.5,-182.7,33.5,33.5,0.0
1728,manta,2,582.4,609.0,184.5,184.5,0.0
1728,turtle0,2,713.0,-134.5,55.8,55.8,0.0
1728,turtle1,2,327.5,1084.6,55.8,55.8,0.0
1728,school0,2,740.6,163.9,121.5,121.5,0.0
1728,boat,4,555.0,1180.0,61.2,154.8,0.0
1730,island0,5,162.0,107.3,261.0,261.0,0.0
1730,island1,5,1055.2,544.7,145.2,145.2,0.0
1730,island2,5,162.0,746.3,234.9,234.9,0.0
1730,island3,5,1087.8,863.3,163.7,163.7,0.0
1730,island4,5,1087.8,1263.8,183.0,183.0,0.0
1730,island5,5,141.0,1547.3,241.5,241.5,0.0
1730,island6,5,1113.9,1664.3,209.4,209.4,0.0
1730,island9,5,90.0,1970.3,175.6,175.6,0.0
1730,island10,5,864.0,2150.3,221.8,221.8,0.0
1730,coral1,1,261.7,441.7,21.3,21.3,0.0
1730,coral4,1,-89.5,1080.2,26.9,26.9,0.0
1730,coral11,1,183.5,1055.6,31.7,31.7,0.0
1730,coral14,1,19.3,1272.4,21.2,21.2,0.0
1730,coral20,1,292.3,1203.0,28.0,28.0,0.0
1730,coral22,1,-7.5,-188.7,33.2,33.2,0.0
1730,coral24,1,341.5,974.9,29.4,29.4,0.0
1730,coral26,1,1226.4,-256.8,34.4,34.4,0.0
1730,coral27,1,380.3,2049.4,36.0,36.0,0.0
1730,coral28,1,1153.5,-48.2,37.9,37.9,0.0
1730,coral30,1,1004.0,195.2,37.9,37.9,0.0
1730,coral31,1,1149.1,2152.7,28.6,28.6,0.0
1730,coral32,1,900.2,357.6,29.4,29.4,0.0
1730,coral33,1,-146.2,1324.3,32.7,32.7,0.0
1730,coral34,1,896.8,10.9,31.4,31.4,0.0
1730,coral35,1,-127.5,-58.8,18.0,18.0,0.0
1730,coral37,1,-137.0,903.5,34.2,34.2,0.0
1730,coral39,1,-2.8,2193.5,20.8,20.8,0.0
1730,coral40,1,-140.8,2048.0,24.2,24.2,0.0
1730,coral41,1,-160.4,1858.0,33.2,33.2,0.0
1730,coral42,1,1173.1,248.9,18.8,18.8,0.0
1730,coral44,1,910.8,1438.1,22.7,22.7,0.0
1730,coral45,1,-100.2,285.2,27.9,27.9,0.0
1730,coral46,1,1194.6,1928.8,31.6,31.6,0.0
1730,coral48,1,1221.8,1042.1,28.9,28.9,0.0
1730,coral52,1,391.4,1873.6,29.1,29.1,0.0
1730,coral54,1,1226.3,655.9,21.7,21.7,0.0
1730,coral55,1,16.6,420.4,29.9,29.9,0.0
1730,coral57,1,909.5,734.4,32.3,32.3,0.0
1730,coral59,1,333.5,-175.5,33.5,33.5,0.0
1730,manta,2,583.6,610.9,184.5,184.5,0.0
1730,turtle0,2,709.7,-129.6,55.8,55.8,0.0
1730,turtle1,2,323.6,1092.0,55.8,55.8,0.0
1730,school0,2,742.5,168.2,121.5,121.5,0.0
1730,boat,4,555.0,1180.0,61.2,154.8,0.0
1732,island0,5,162.0,114.5,261.0,261.0,0.0
1732,island1,5,1055.2,551.9,145.2,145.2,0.0
1732,island2,5,162.0,753.5,234.9,234.9,0.0
1732,island3,5,1087.8,870.5,163.7,163.7,0.0
1732,island4,5,1087.8,1271.0,183.0,183.0,0.0
1732,island5,5,141.0,1554.5,241.5,241.5,0.0
1732,island6,5,1113.9,1671.5,209.4,209.4,0.0
1732,island9,5,90.0,1977.5,175.6,175.6,0.0
1732,island10,5,864.0,2157.5,221.8,221.8,0.0
1732,coral1,1,261.7,448.8,21.3,21.3,0.0
1732,coral4,1,-89.5,1087.3,26.9,26.9,0.0
1732,coral11,1,183.5,1062.7,31.7,31.7,0.0
1732,coral14,1,19.3,1279.6,21.2,21.2,0.0
1732,coral20,1,292.3,1210.1,28.0,28.0,0.0
1732,coral22,1,-7.5,-181.5,33.2,33.2,0.0
1732,coral24,1,341.5,982.1,29.4,29.4,0.0
1732,coral25,1,-158.5,-295.1,37.2,37.2,0.0
1732,coral26,1,1226.4,-249.6,34.4,34.4,0.0
1732,coral27,1,380.3,2056.5,36.0,36.0,0.0
1732,coral28,1,1153.5,-41.0,37.9,37.9,0.0
1732,coral30,1,1004.0,202.4,37.9,37.9,0.0
1732,coral31,1,1149.1,2159.8,28.6,28.6,0.0
1732,coral32,1,900.2,364.7,29.4,29.4,0.0
1732,coral33,1,-146.2,1331.5,32.7,32.7,0.0
1732,coral34,1,896.8,18.0,31.4,31.4,0.0
1732,coral35,1,-127.5,-51.6,18.0,18.0,0.0
1732,coral37,1,-137.0,910.7,34.2,34.2,0.0
1732,coral39,1,-2.8,2200.7,20.8,20.8,0.0
1732,coral40,1,-140.8,2055.1,24.2,24.2,0.0
1732,coral41,1,-160.4,1865.2,33.2,33.2,0.0
1732,coral42,1,1173.1,256.0,18.8,18.8,0.0
1732,coral44,1,910.8,1445.2,22.7,22.7,0.0
1732,coral45,1,-100.2,292.4,27.9,27.9,0.0
1732,coral46,1,1194.6,1936.0,31.6,31.6,0.0
1732,coral48,1,1221.8,1049.3,28.9,28.9,0.0
1732,coral52,1,391.4,1880.7,29.1,29.1,0.0
1732,coral54,1,1226.3,663.0,21.7,21.7,0.0
1732,coral55,1,16.6,427.5,29.9,29.9,0.0
1732,coral57,1,909.5,741.5,32.3,32.3,0.0
1732,coral59,1,333.5,-168.4,33.5,33.5,0.0
1732,manta,2,585.0,612.9,184.5,184.5,0.0
1732,turtle0,2,706.4,-124.7,55.8,55.8,0.0
1732,turtle1,2,319.6,1099.5,55.8,55.8,0.0
1732,school0,2,743.3,172.4,121.5,121.5,0.0
1732,boat,4,555.0,1180.0,61.2,154.8,0.0
1734,island0,5,162.0,121.6,261.0,261.0,0.0
1734,island1,5,1055.2,559.0,145.2,145.2,0.0
1734,island2,5,162.0,760.6,234.9,234.9,0.0
1734,island3,5,1087.8,877.6,163.7,163.7,0.0
1734,island4,5,1087.8,1278.1,183.0,183.0,0.0
1734,island5,5,141.0,1561.6,241.5,241.5,0.0
1734,island6,5,1113.9,1678.6,209.4,209.4,0.0
1734,island9,5,90.0,1984.6,175.6,175.6,0.0
1734,island10,5,864.0,2164.6,221.8,221.8,0.0
1734,coral1,1,261.7,456.0,21.3,21.3,0.0
1734,coral4,1,-89.5,1094.5,26.9,26.9,0.0
1734,coral11,1,183.5,1069.9,31.7,31.7,0.0
1734,coral14,1,19.3,1286.7,21.2,21.2,0.0
1734,coral20,1,292.3,1217.3,28.0,28.0,0.0
1734,coral22,1,-7.5,-174.4,33.2,33.2,0.0
1734,coral24,1,341.5,989.2,29.4,29.4,0.0
1734,coral25,1,-158.5,-288.0,37.2,37.2,0.0
1734,coral26,1,1226.4,-242.5,34.4,34.4,0.0
1734,coral27,1,380.3,2063.7,36.0,36.0,0.0
1734,coral28,1,1153.5,-33.9,37.9,37.9,0.0
1734,coral30,1,1004.0,209.6,37.9,37.9,0.0
1734,coral31,1,1149.1,2167.0,28.6,28.6,0.0
1734,coral32,1,900.2,371.9,29.4,29.4,0.0
1734,coral33,1,-146.2,1338.6,32.7,32.7,0.0
1734,coral34,1,896.8,25.2,31.4,31.4,0.0
1734,coral35,1,-127.5,-44.4,18.0,18.0,0.0
1734,coral37,1,-137.0,917.8,34.2,34.2,0.0
1734,coral39,1,-2.8,2207.8,20.8,20.8,0.0
1734,coral40,1,-140.8,2062.3,24.2,24.2,0.0
1734,coral41,1,-160.4,1872.3,33.2,33.2,0.0
1734,coral42,1,1173.1,263.2,18.8,18.8,0.0
1734,coral44,1,910.8,1452.4,22.7,22.7,0.0
1734,coral45,1,-100.2,299.5,27.9,27.9,0.0
1734,coral46,1,1194.6,1943.2,31.6,31.6,0.0
1734,coral48,1,1221.8,1056.4,28.9,28.9,0.0
1734,coral52,1,391.4,1887.9,29.1,29.1,0.0
1734,coral54,1,1226.3,670.2,21.7,21.7,0.0
1734,coral55,1,16.6,434.7,29.9,29.9,0.0
1734,coral57,1,909.5,748.7,32.3,32.3,0.0
1734,coral59,1,333.5,-161.2,33.5,33.5,0.0
1734,manta,2,586.5,614.8,184.5,184.5,0.0
1734,turtle0,2,703.2,-119.8,55.8,55.8,0.0
1734,turtle1,2,315.7,1107.1,55.8,55.8,0.0
1734,school0,2,743.1,176.6,121.5,121.5,0.0
1734,boat,4,555.0,1180.0,61.2,154.8,0.0
1736,island0,5,162.0,128.8,261.0,261.0,0.0
1736,island1,5,1055.2,566.2,145.2,145.2,0.0
1736,island2,5,162.0,767.8,234.9,234.9,0.0
1736,island3,5,1087.8,884.8,163.7,163.7,0.0
1736,island4,5,1087.8,1285.3,183.0,183.0,0.0
1736,island5,5,141.0,1568.8,241.5,241.5,0.0
1736,island6,5,1113.9,1685.8,209.4,209.4,0.0
1736,island9,5,90.0,1991.8,175.6,175.6,0.0
1736,island10,5,864.0,2171.8,221.8,221.8,0.0
1736,coral1,1,261.7,463.1,21.3,21.3,0.0
1736,coral4,1,-89.5,1101.7,26.9,26.9,0.0
1736,coral11,1,183.5,1077.0,31.7,31.7,0.0
1736,coral14,1,19.3,1293.9,21.2,21.2,0.0
1736,coral20,1,292.3,1224.4,28.0,28.0,0.0
1736,coral22,1,-7.5,-167.2,33.2,33.2,0.0
1736,coral24,1,341.5,996.4,29.4,29.4,0.0
1736,coral25,1,-158.5,-280.8,37.2,37.2,0.0
1736,coral26,1,1226.4,-235.3,34.4,34.4,0.0
1736,coral27,1,380.3,2070.8,36.0,36.0,0.0
1736,coral28,1,1153.5,-26.7,37.9,37.9,0.0
1736,coral30,1,1004.0,216.7,37.9,37.9,0.0
1736,coral31,1,1149.1,2174.1,28.6,28.6,0.0
1736,coral32,1,900.2,379.0,29.4,29.4,0.0
1736,coral33,1,-146.2,1345.8,32.7,32.7,0.0
1736,coral34,1,896.8,32.4,31.4,31.4,0.0
1736,coral35,1,-127.5,-37.3,18.0,18.0,0.0
1736,coral37,1,-137.0,925.0,34.2,34.2,0.0
1736,coral39,1,-2.8,2215.0,20.8,20.8,0.0
1736,coral40,1,-140.8,2069.4,24.2,24.2,0.0
1736,coral41,1,-160.4,1879.5,33.2,33.2,0.0
1736,coral42,1,1173.1,270.4,18.8,18.8,0.0
1736,coral44,1,910.8,1459.5,22.7,22.7,0.0
1736,coral45,1,-100.2,306.7,27.9,27.9,0.0
1736,coral46,1,1194.6,1950.3,31.6,31.6,0.0
1736,coral48,1,1221.8,1063.6,28.9,28.9,0.0
1736,coral52,1,391.4,1895.0,29.1,29.1,0.0
1736,coral54,1,1226.3,677.3,21.7,21.7,0.0
1736,coral55,1,16.6,441.8,29.9,29.9,0.0
1736,coral57,1,909.5,755.8,32.3,32.3,0.0
1736,coral59,1,333.5,-154.1,33.5,33.5,0.0
1736,manta,2,588.1,616.8,184.5,184.5,0.0
1736,turtle0,2,700.1,-115.1,55.8,55.8,0.0
1736,turtle1,2,311.8,1114.9,55.8,55.8,0.0
1736,school0,2,742.3,180.9,121.5,121.5,0.0
1736,boat,4,555.0,1180.0,61.2,154.8,0.0
1738,island0,5,162.0,135.9,261.0,261.0,0.0
1738,island1,5,1055.2,573.3,145.2,145.2,0.0
1738,island2,5,162.0,774.9,234.9,234.9,0.0
1738,island3,5,1087.8,891.9,163.7,163.7,0.0
1738,island4,5,1087.8,1292.4,183.0,183.0,0.0
1738,island5,5,141.0,1575.9,241.5,241.5,0.0
1738,island6,5,1113.9,1692.9,209.4,209.4,0.0
1738,island8,5,1009.5,-296.1,156.6,156.6,0.0
1738,island9,5,90.0,1998.9,175.6,175.6,0.0
1738,island10,5,864.0,2178.9,221.8,221.8,0.0
1738,coral1,1,261.7,470.3,21.3,21.3,0.0
1738,coral4,1,-89.5,1108.8,26.9,26.9,0.0
1738,coral11,1,183.5,1084.2,31.7,31.7,0.0
1738,coral14,1,19.3,1301.1,21.2,21.2,0.0
1738,coral16,1,217.5,-296.2,32.2,32.2,0.0
1738,coral20,1,292.3,1231.6,28.0,28.0,0.0
1738,coral22,1,-7.5,-160.1,33.2,33.2,0.0
1738,coral24,1,341.5,1003.5,29.4,29.4,0.0
1738,coral25,1,-158.5,-273.7,37.2,37.2,0.0
1738,coral26,1,1226.4,-228.1,34.4,34.4,0.0
1738,coral27,1,380.3,2078.0,36.0,36.0,0.0
1738,coral28,1,1153.5,-19.6,37.9,37.9,0.0
1738,coral30,1,1004.0,223.9,37.9,37.9,0.0
1738,coral31,1,1149.1,2181.3,28.6,28.6,0.0
1738,coral32,1,900.2,386.2,29.4,29.4,0.0
1738,coral33,1,-146.2,1352.9,32.7,32.7,0.0
1738,coral34,1,896.8,39.5,31.4,31.4,0.0
1738,coral35,1,-127.5,-30.1,18.0,18.0,0.0
1738,coral37,1,-137.0,932.1,34.2,34.2,0.0
1738,coral40,1,-140.8,2076.6,24.2,24.2,0.0
1738,coral41,1,-160.4,1886.7,33.2,33.2,0.0
1738,coral42,1,1173.1,277.5,18.8,18.8,0.0
1738,coral44,1,910.8,1466.7,22.7,22.7,0.0
1738,coral45,1,-100.2,313.8,27.9,27.9,0.0
1738,coral46,1,1194.6,1957.5,31.6,31.6,0.0
1738,coral48,1,1221.8,1070.7,28.9,28.9,0.0
1738,coral52,1,391.4,1902.2,29.1,29.1,0.0
1738,coral54,1,1226.3,684.5,21.7,21.7,0.0
1738,coral55,1,16.6,449.0,29.9,29.9,0.0
1738,coral57,1,909.5,763.0,32.3,32.3,0.0
1738,coral59,1,333.5,-146.9,33.5,33.5,0.0
1738,manta,2,589.8,618.9,184.5,184.5,0.0
1738,turtle0,2,697.0,-110.5,55.8,55.8,0.0
1738,turtle1,2,307.9,1122.7,55.8,55.8,0.0
1738,school0,2,741.0,185.2,121.5,121.5,0.0
1738,boat,4,555.0,1180.0,61.2,154.8,0.0
1740,island0,5,162.0,143.1,261.0,261.0,0.0
1740,island1,5,1055.2,580.5,145.2,145.2,0.0
1740,island2,5,162.0,782.1,234.9,234.9,0.0
1740,island3,5,1087.8,899.1,163.7,163.7,0.0
1740,island4,5,1087.8,1299.6,183.0,183.0,0.0
1740,island5,5,141.0,1583.1,241.5,241.5,0.0
1740,island6,5,1113.9,1700.1,209.4,209.4,0.0
1740,island8,5,1009.5,-288.9,156.6,156.6,0.0
1740,island9,5,90.0,2006.1,175.6,175.6,0.0
1740,island10,5,864.0,2186.1,221.8,221.8,0.0
1740,coral1,1,261.7,477.4,21.3,21.3,0.0
1740,coral4,1,-89.5,1116.0,26.9,26.9,0.0
1740,coral11,1,183.5,1091.3,31.7,31.7,0.0
1740,coral14,1,19.3,1308.2,21.2,21.2,0.0
1740,coral16,1,217.5,-289.0,32.2,32.2,0.0
1740,coral20,1,292.3,1238.7,28.0,28.0,0.0
1740,coral22,1,-7.5,-152.9,33.2,33.2,0.0
1740,coral24,1,341.5,1010.7,29.4,29.4,0.0
1740,coral25,1,-158.5,-266.5,37.2,37.2,0.0
1740,coral26,1,1226.4,-221.0,34.4,34.4,0.0
1740,coral27,1,380.3,2085.2,36.0,36.0,0.0
1740,coral28,1,1153.5,-12.4,37.9,37.9,0.0
1740,coral30,1,1004.0,231.0,37.9,37.9,0.0
1740,coral31,1,1149.1,2188.4,28.6,28.6,0.0
1740,coral32,1,900.2,393.3,29.4,29.4,0.0
1740,coral33,1,-146.2,1360.1,32.7,32.7,0.0
1740,coral34,1,896.8,46.7,31.4,31.4,0.0
1740,coral35,1,-127.5,-23.0,18.0,18.0,0.0
1740,coral37,1,-137.0,939.3,34.2,34.2,0.0
1740,coral40,1,-140.8,2083.7,24.2,24.2,0.0
1740,coral41,1,-160.4,1893.8,33.2,33.2,0.0
1740,coral42,1,1173.1,284.7,18.8,18.8,0.0
1740,coral44,1,910.8,1473.8,22.7,22.7,0.0
1740,coral45,1,-100.2,321.0,27.9,27.9,0.0
1740,coral46,1,1194.6,1964.6,31.6,31.6,0.0
1740,coral48,1,1221.8,1077.9,28.9,28.9,0.0
1740,coral52,1,391.4,1909.3,29.1,29.1,0.0
1740,coral54,1,1226.3,691.6,21.7,21.7,0.0
1740,coral55,1,16.6,456.1,29.9,29.9,0.0
1740,coral57,1,909.5,770.2,32.3,32.3,0.0
1740,coral59,1,333.5,-139.8,33.5,33.5,0.0
1740,manta,2,591.5,620.9,184.5,184.5,0.0
1740,turtle0,2,694.1,-106.0,55.8,55.8,0.0
1740,turtle1,2,304.0,1130.7,55.8,55.8,0.0
1740,school0,2,739.6,189.7,121.5,121.5,0.0
1740,boat,4,555.0,1180.0,61.2,154.8,0.0
1742,island0,5,162.0,150.2,261.0,261.0,0.0
1742,island1,5,1055.2,587.6,145.2,145.2,0.0
1742,island2,5,162.0,789.2,234.9,234.9,0.0
1742,island3,5,1087.8,906.2,163.7,163.7,0.0
1742,island4,5,1087.8,1306.7,183.0,183.0,0.0
1742,island5,5,141.0,1590.2,241.5,241.5,0.0
1742,island6,5,1113.9,1707.2,209.4,209.4,0.0
1742,island8,5,1009.5,-281.8,156.6,156.6,0.0
1742,island9,5,90.0,2013.2,175.6,175.6,0.0
1742,island10,5,864.0,2193.2,221.8,221.8,0.0
1742,coral1,1,261.7,484.6,21.3,21.3,0.0
1742,coral4,1,-89.5,1123.1,26.9,26.9,0.0
1742,coral11,1,183.5,1098.5,31.7,31.7,0.0
1742,coral14,1,19.3,1315.4,21.2,21.2,0.0
1742,coral16,1,217.5,-281.9,32.2,32.2,0.0
1742,coral20,1,292.3,1245.9,28.0,28.0,0.0
1742,coral22,1,-7.5,-145.7,33.2,33.2,0.0
1742,coral24,1,341.5,1017.9,29.4,29.4,0.0
1742,coral25,1,-158.5,-259.4,37.2,37.2,0.0
1742,coral26,1,1226.4,-213.8,34.4,34.4,0.0
1742,coral27,1,380.3,2092.3,36.0,36.0,0.0
1742,coral28,1,1153.5,-5.3,37.9,37.9,0.0
1742,coral30,1,1004.0,238.2,37.9,37.9,0.0
1742,coral31,1,1149.1,2195.6,28.6,28.6,0.0
1742,coral32,1,900.2,400.5,29.4,29.4,0.0
1742,coral33,1,-146.2,1367.3,32.7,32.7,0.0
1742,coral34,1,896.8,53.8,31.4,31.4,0.0
1742,coral35,1,-127.5,-15.8,18.0,18.0,0.0
1742,coral37,1,-137.0,946.5,34.2,34.2,0.0
1742,coral40,1,-140.8,2090.9,24.2,24.2,0.0
1742,coral41,1,-160.4,1901.0,33.2,33.2,0.0
1742,coral42,1,1173.1,291.8,18.8,18.8,0.0
1742,coral44,1,910.8,1481.0,22.7,22.7,0.0
1742,coral45,1,-100.2,328.2,27.9,27.9,0.0
1742,coral46,1,1194.6,1971.8,31.6,31.6,0.0
1742,coral48,1,1221.8,1085.0,28.9,28.9,0.0
1742,coral52,1,391.4,1916.5,29.1,29.1,0.0
1742,coral54,1,1226.3,698.8,21.7,21.7,0.0
1742,coral55,1,16.6,463.3,29.9,29.9,0.0
1742,coral57,1,909.5,777.3,32.3,32.3,0.0
1742,coral59,1,333.5,-132.6,33.5,33.5,0.0
1742,manta,2,593.2,622.9,184.5,184.5,0.0
1742,turtle0,2,691.2,-101.6,55.8,55.8,0.0
1742,turtle1,2,300.1,1138.7,55.8,55.8,0.0
1742,school0,2,738.3,194.3,121.5,121.5,0.0
1742,boat,4,555.0,1180.0,61.2,154.8,0.0
1744,island0,5,162.0,157.4,261.0,261.0,0.0
1744,island1,5,1055.2,594.8,145.2,145.2,0.0
1744,island2,5,162.0,796.4,234.9,234.9,0.0
1744,island3,5,1087.8,913.4,163.7,163.7,0.0
1744,island4,5,1087.8,1313.9,183.0,183.0,0.0
1744,island5,5,141.0,1597.4,241.5,241.5,0.0
1744,island6,5,1113.9,1714.4,209.4,209.4,0.0
1744,island8,5,1009.5,-274.6,156.6,156.6,0.0
1744,island9,5,90.0,2020.4,175.6,175.6,0.0
1744,island10,5,864.0,2200.4,221.8,221.8,0.0
1744,coral1,1,261.7,491.8,21.3,21.3,0.0
1744,coral4,1,-89.5,1130.3,26.9,26.9,0.0
1744,coral11,1,183.5,1105.7,31.7,31.7,0.0
1744,coral14,1,19.3,1322.5,21.2,21.2,0.0
1744,coral16,1,217.5,-274.7,32.2,32.2,0.0
1744,coral20,1,292.3,1253.0,28.0,28.0,0.0
1744,coral22,1,-7.5,-138.6,33.2,33.2,0.0
1744,coral24,1,341.5,1025.0,29.4,29.4,0.0
1744,coral25,1,-158.5,-252.2,37.2,37.2,0.0
1744,coral26,1,1226.4,-206.7,34.4,34.4,0.0
1744,coral27,1,380.3,2099.5,36.0,36.0,0.0
1744,coral28,1,1153.5,1.9,37.9,37.9,0.0
1744,coral30,1,1004.0,245.3,37.9,37.9,0.0
1744,coral31,1,1149.1,2202.8,28.6,28.6,0.0
1744,coral32,1,900.2,407.6,29.4,29.4,0.0
1744,coral33,1,-146.2,1374.4,32.7,32.7,0.0
1744,coral34,1,896.8,61.0,31.4,31.4,0.0
1744,coral35,1,-127.5,-8.7,18.0,18.0,0.0
1744,coral37,1,-137.0,953.6,34.2,34.2,0.0
1744,coral40,1,-140.8,2098.1,24.2,24.2,0.0
1744,coral41,1,-160.4,1908.1,33.2,33.2,0.0
1744,coral42,1,1173.1,299.0,18.8,18.8,0.0
1744,coral44,1,910.8,1488.2,22.7,22.7,0.0
1744,coral45,1,-100.2,335.3,27.9,27.9,0.0
1744,coral46,1,1194.6,1978.9,31.6,31.6,0.0
1744,coral48,1,1221.8,1092.2,28.9,28.9,0.0
1744,coral52,1,391.4,1923.7,29.1,29.1,0.0
1744,coral54,1,1226.3,705.9,21.7,21.7,0.0
1744,coral55,1,16.6,470.5,29.9,29.9,0.0
1744,coral57,1,909.5,784.5,32.3,32.3,0.0
1744,coral59,1,333.5,-125.4,33.5,33.5,0.0
1744,manta,2,594.7,624.9,184.5,184.5,0.0
1744,turtle0,2,688.5,-97.3,55.8,55.8,0.0
1744,turtle1,2,296.3,1146.8,55.8,55.8,0.0
1744,school0,2,737.1,198.9,121.5,121.5,0.0
1744,boat,4,555.0,1180.0,61.2,154.8,0.0
1746,island0,5,162.0,164.6,261.0,261.0,0.0
1746,island1,5,1055.2,602.0,145.2,145.2,0.0
1746,island2,5,162.0,803.6,234.9,234.9,0.0
1746,island3,5,1087.8,920.6,163.7,163.7,0.0
1746,island4,5,1087.8,1321.1,183.0,183.0,0.0
1746,island5,5,141.0,1604.6,241.5,241.5,0.0
1746,island6,5,1113.9,1721.6,209.4,209.4,0.0
1746,island8,5,1009.5,-267.4,156.6,156.6,0.0
1746,island9,5,90.0,2027.6,175.6,175.6,0.0
1746,island10,5,864.0,2207.6,221.8,221.8,0.0
1746,coral1,1,261.7,498.9,21.3,21.3,0.0
1746,coral4,1,-89.5,1137.4,26.9,26.9,0.0
1746,coral11,1,183.5,1112.8,31.7,31.7,0.0
1746,coral14,1,19.3,1329.7,21.2,21.2,0.0
1746,coral16,1,217.5,-267.6,32.2,32.2,0.0
1746,coral20,1,292.3,1260.2,28.0,28.0,0.0
1746,coral22,1,-7.5,-131.4,33.2,33.2,0.0
1746,coral24,1,341.5,1032.2,29.4,29.4,0.0
1746,coral25,1,-158.5,-245.1,37.2,37.2,0.0
1746,coral26,1,1226.4,-199.5,34.4,34.4,0.0
1746,coral27,1,380.3,2106.6,36.0,36.0,0.0
1746,coral28,1,1153.5,9.0,37.9,37.9,0.0
1746,coral30,1,1004.0,252.5,37.9,37.9,0.0
1746,coral31,1,1149.1,2209.9,28.6,28.6,0.0
1746,coral32,1,900.2,414.8,29.4,29.4,0.0
1746,coral33,1,-146.2,1381.6,32.7,32.7,0.0
1746,coral34,1,896.8,68.1,31.4,31.4,0.0
1746,coral35,1,-127.5,-1.5,18.0,18.0,0.0
1746,coral37,1,-137.0,960.8,34.2,34.2,0.0
1746,coral40,1,-140.8,2105.2,24.2,24.2,0.0
1746,coral41,1,-160.4,1915.3,33.2,33.2,0.0
1746,coral42,1,1173.1,306.1,18.8,18.8,0.0
1746,coral44,1,910.8,1495.3,22.7,22.7,0.0
1746,coral45,1,-100.2,342.5,27.9,27.9,0.0
1746,coral46,1,1194.6,1986.1,31.6,31.6,0.0
1746,coral48,1,1221.8,1099.3,28.9,28.9,0.0
1746,coral52,1,391.4,1930.8,29.1,29.1,0.0
1746,coral54,1,1226.3,713.1,21.7,21.7,0.0
1746,coral55,1,16.6,477.6,29.9,29.9,0.0
1746,coral57,1,909.5,791.6,32.3,32.3,0.0
1746,coral59,1,333.5,-118.3,33.5,33.5,0.0
1746,manta,2,596.0,626.9,184.5,184.5,0.0
1746,turtle0,2,685.8,-93.0,55.8,55.8,0.0
1746,turtle1,2,292.8,1155.0,55.8,55.8,0.0
1746,school0,2,736.4,203.7,121.5,121.5,0.0
1746,boat,4,555.0,1180.0,61.2,154.8,0.0
1748,island0,5,162.0,171.7,261.0,261.0,0.0
1748,island1,5,1055.2,609.1,145.2,145.2,0.0
1748,island2,5,162.0,810.7,234.9,234.9,0.0
1748,island3,5,1087.8,927.7,163.7,163.7,0.0
1748,island4,5,1087.8,1328.2,183.0,183.0,0.0
1748,island5,5,141.0,1611.7,241.5,241.5,0.0
1748,island6,5,1113.9,1728.7,209.4,209.4,0.0
1748,island8,5,1009.5,-260.3,156.6,156.6,0.0
1748,island9,5,90.0,2034.7,175.6,175.6,0.0
1748,island10,5,864.0,2214.7,221.8,221.8,0.0
1748,coral1,1,261.7,506.1,21.3,21.3,0.0
1748,coral4,1,-89.5,1144.6,26.9,26.9,0.0
1748,coral11,1,183.5,1120.0,31.7,31.7,0.0
1748,coral14,1,19.3,1336.8,21.2,21.2,0.0
1748,coral16,1,217.5,-260.4,32.2,32.2,0.0
1748,coral20,1,292.3,1267.4,28.0,28.0,0.0
1748,coral22,1,-7.5,-124.3,33.2,33.2,0.0
1748,coral24,1,341.5,1039.3,29.4,29.4,0.0
1748,coral25,1,-158.5,-237.9,37.2,37.2,0.0
1748,coral26,1,1226.4,-192.4,34.4,34.4,0.0
1748,coral27,1,380.3,2113.8,36.0,36.0,0.0
1748,coral28,1,1153.5,16.2,37.9,37.9,0.0
1748,coral30,1,1004.0,259.6,37.9,37.9,0.0
1748,coral31,1,1149.1,2217.1,28.6,28.6,0.0
1748,coral32,1,900.2,421.9,29.4,29.4,0.0
1748,coral33,1,-146.2,1388.7,32.7,32.7,0.0
1748,coral34,1,896.8,75.3,31.4,31.4,0.0
1748,coral35,1,-127.5,5.6,18.0,18.0,0.0
1748,coral37,1,-137.0,967.9,34.2,34.2,0.0
1748,coral40,1,-140.8,2112.4,24.2,24.2,0.0
1748,coral41,1,-160.4,1922.4,33.2,33.2,0.0
1748,coral42,1,1173.1,313.3,18.8,18.8,0.0
1748,coral44,1,910.8,1502.5,22.7,22.7,0.0
1748,coral45,1,-100.2,349.6,27.9,27.9,0.0
1748,coral46,1,1194.6,1993.2,31.6,31.6,0.0
1748,coral48,1,1221.8,1106.5,28.9,28.9,0.0
1748,coral52,1,391.4,1938.0,29.1,29.1,0.0
1748,coral54,1,1226.3,720.2,21.7,21.7,0.0
1748,coral55,1,16.6,484.8,29.9,29.9,0.0
1748,coral57,1,909.5,798.8,32.3,32.3,0.0
1748,coral59,1,333.5,-111.1,33.5,33.5,0.0
1748,manta,2,597.1,629.0,184.5,184.5,0.0
1748,turtle0,2,683.1,-88.8,55.8,55.8,0.0
1748,turtle1,2,289.6,1163.1,55.8,55.8,0.0
1748,school0,2,736.0,208.5,121.5,121.5,0.0
1748,boat,4,555.0,1180.0,61.2,154.8,0.0
1750,island0,5,162.0,178.9,261.0,261.0,0.0
1750,island1,5,1055.2,616.3,145.2,145.2,0.0
1750,island2,5,162.0,817.9,234.9,234.9,0.0
1750,island3,5,1087.8,934.9,163.7,163.7,0.0
1750,island4,5,1087.8,1335.4,183.0,183.0,0.0
1750,island5,5,141.0,1618.9,241.5,241.5,0.0
1750,island6,5,1113.9,1735.9,209.4,209.4,0.0
1750,island8,5,1009.5,-253.1,156.6,156.6,0.0
1750,island9,5,90.0,2041.9,175.6,175.6,0.0
1750,coral1,1,261.7,513.2,21.3,21.3,0.0
1750,coral4,1,-89.5,1151.7,26.9,26.9,0.0
1750,coral11,1,183.5,1127.1,31.7,31.7,0.0
1750,coral14,1,19.3,1344.0,21.2,21.2,0.0
1750,coral16,1,217.5,-253.3,32.2,32.2,0.0
1750,coral20,1,292.3,1274.5,28.0,28.0,0.0
1750,coral22,1,-7.5,-117.1,33.2,33.2,0.0
1750,coral24,1,341.5,1046.5,29.4,29.4,0.0
1750,coral25,1,-158.5,-230.7,37.2,37.2,0.0
1750,coral26,1,1226.4,-185.2,34.4,34.4,0.0
1750,coral27,1,380.3,2120.9,36.0,36.0,0.0
1750,coral28,1,1153.5,23.4,37.9,37.9,0.0
1750,coral30,1,1004.0,266.8,37.9,37.9,0.0
1750,coral32,1,900.2,429.1,29.4,29.4,0.0
1750,coral33,1,-146.2,1395.9,32.7,32.7,0.0
1750,coral34,1,896.8,82.4,31.4,31.4,0.0
1750,coral35,1,-127.5,12.8,18.0,18.0,0.0
1750,coral37,1,-137.0,975.1,34.2,34.2,0.0
1750,coral40,1,-140.8,2119.5,24.2,24.2,0.0
1750,coral41,1,-160.4,1929.6,33.2,33.2,0.0
1750,coral42,1,1173.1,320.4,18.8,18.8,0.0
1750,coral44,1,910.8,1509.6,22.7,22.7,0.0
1750,coral45,1,-100.2,356.8,27.9,27.9,0.0
1750,coral46,1,1194.6,2000.4,31.6,31.6,0.0
1750,coral48,1,1221.8,1113.7,28.9,28.9,0.0
1750,coral52,1,391.4,1945.1,29.1,29.1,0.0
1750,coral54,1,1226.3,727.4,21.7,21.7,0.0
1750,coral55,1,16.6,491.9,29.9,29.9,0.0
1750,coral57,1,909.5,805.9,32.3,32.3,0.0
1750,coral59,1,333.5,-104.0,33.5,33.5,0.0
1750,manta,2,597.9,631.3,184.5,184.5,0.0
1750,turtle0,2,680.5,-84.6,55.8,55.8,0.0
1750,turtle1,2,286.9,1171.3,55.8,55.8,0.0
1750,school0,2,736.1,213.3,121.5,121.5,0.0
1750,boat,4,555.0,1180.0,61.2,154.8,0.0
1752,island0,5,162.0,186.0,261.0,261.0,0.0
1752,island1,5,1055.2,623.4,145.2,145.2,0.0
1752,island2,5,162.0,825.0,234.9,234.9,0.0
1752,island3,5,1087.8,942.0,163.7,163.7,0.0
1752,island4,5,1087.8,1342.5,183.0,183.0,0.0
1752,island5,5,141.0,1626.0,241.5,241.5,0.0
1752,island6,5,1113.9,1743.0,209.4,209.4,0.0
1752,island8,5,1009.5,-246.0,156.6,156.6,0.0
1752,island9,5,90.0,2049.0,175.6,175.6,0.0
1752,coral1,1,261.7,520.4,21.3,21.3,0.0
1752,coral4,1,-89.5,1158.9,26.9,26.9,0.0
1752,coral11,1,183.5,1134.3,31.7,31.7,0.0
1752,coral14,1,19.3,1351.1,21.2,21.2,0.0
1752,coral16,1,217.5,-246.1,32.2,32.2,0.0
1752,coral20,1,292.3,1281.7,28.0,28.0,0.0
1752,coral22,1,-7.5,-110.0,33.2,33.2,0.0
1752,coral24,1,341.5,1053.6,29.4,29.4,0.0
1752,coral25,1,-158.5,-223.6,37.2,37.2,0.0
1752,coral26,1,1226.4,-178.1,34.4,34.4,0.0
1752,coral27,1,380.3,2128.1,36.0,36.0,0.0
1752,coral28,1,1153.5,30.5,37.9,37.9,0.0
1752,coral30,1,1004.0,273.9,37.9,37.9,0.0
1752,coral32,1,900.2,436.3,29.4,29.4,0.0
1752,coral33,1,-146.2,1403.0,32.7,32.7,0.0
1752,coral34,1,896.8,89.6,31.4,31.4,0.0
1752,coral35,1,-127.5,19.9,18.0,18.0,0.0
1752,coral37,1,-137.0,982.2,34.2,34.2,0.0
1752,coral40,1,-140.8,2126.7,24.2,24.2,0.0
1752,coral41,1,-160.4,1936.7,33.2,33.2,0.0
1752,coral42,1,1173.1,327.6,18.8,18.8,0.0
1752,coral44,1,910.8,1516.8,22.7,22.7,0.0
1752,coral45,1,-100.2,363.9,27.9,27.9,0.0
1752,coral46,1,1194.6,2007.5,31.6,31.6,0.0
1752,coral48,1,1221.8,1120.8,28.9,28.9,0.0
1752,coral52,1,391.4,1952.3,29.1,29.1,0.0
1752,coral54,1,1226.3,734.5,21.7,21.7,0.0
1752,coral55,1,16.6,499.1,29.9,29.9,0.0
1752,coral57,1,909.5,813.1,32.3,32.3,0.0
1752,coral59,1,333.5,-96.8,33.5,33.5,0.0
1752,manta,2,598.4,633.8,184.5,184.5,0.0
1752,turtle0,2,678.0,-80.5,55.8,55.8,0.0
1752,turtle1,2,284.8,1179.4,55.8,55.8,0.0
1752,school0,2,736.5,218.1,121.5,121.5,0.0
1752,boat,4,555.0,1180.0,61.2,154.8,0.0
1754,island0,5,162.0,193.2,261.0,261.0,0.0
1754,island1,5,1055.2,630.6,145.2,145.2,0.0
1754,island2,5,162.0,832.2,234.9,234.9,0.0
1754,island3,5,1087.8,949.2,163.7,163.7,0.0
1754,island4,5,1087.8,1349.7,183.0,183.0,0.0
1754,island5,5,141.0,1633.2,241.5,241.5,0.0
1754,island6,5,1113.9,1750.2,209.4,209.4,0.0
1754,island8,5,1009.5,-238.8,156.6,156.6,0.0
1754,island9,5,90.0,2056.2,175.6,175.6,0.0
1754,coral1,1,261.7,527.5,21.3,21.3,0.0
1754,coral4,1,-89.5,1166.0,26.9,26.9,0.0
1754,coral11,1,183.5,1141.4,31.7,31.7,0.0
1754,coral14,1,19.3,1358.3,21.2,21.2,0.0
1754,coral16,1,217.5,-239.0,32.2,32.2,0.0
1754,coral20,1,292.3,1288.8,28.0,28.0,0.0
1754,coral22,1,-7.5,-102.8,33.2,33.2,0.0
1754,coral24,1,341.5,1060.8,29.4,29.4,0.0
1754,coral25,1,-158.5,-216.4,37.2,37.2,0.0
1754,coral26,1,1226.4,-170.9,34.4,34.4,0.0
1754,coral27,1,380.3,2135.2,36.0,36.0,0.0
1754,coral28,1,1153.5,37.7,37.9,37.9,0.0
1754,coral30,1,1004.0,281.1,37.9,37.9,0.0
1754,coral32,1,900.2,443.4,29.4,29.4,0.0
1754,coral33,1,-146.2,1410.2,32.7,32.7,0.0
1754,coral34,1,896.8,96.7,31.4,31.4,0.0
1754,coral35,1,-127.5,27.1,18.0,18.0,0.0
1754,coral37,1,-137.0,989.4,34.2,34.2,0.0
1754,coral40,1,-140.8,2133.8,24.2,24.2,0.0
1754,coral41,1,-160.4,1943.9,33.2,33.2,0.0
1754,coral42,1,1173.1,334.7,18.8,18.8,0.0
1754,coral44,1,910.8,1523.9,22.7,22.7,0.0
1754,coral45,1,-100.2,371.1,27.9,27.9,0.0
1754,coral46,1,1194.6,2014.7,31.6,31.6,0.0
1754,coral48,1,1221.8,1128.0,28.9,28.9,0.0
1754,coral52,1,391.4,1959.4,29.1,29.1,0.0
1754,coral54,1,1226.3,741.7,21.7,21.7,0.0
1754,coral55,1,16.6,506.2,29.9,29.9,0.0
1754,coral57,1,909.5,820.2,32.3,32.3,0.0
1754,coral59,1,333.5,-89.7,33.5,33.5,0.0
1754,manta,2,598.7,636.6,184.5,184.5,0.0
1754,turtle0,2,675.5,-76.4,55.8,55.8,0.0
1754,turtle1,2,283.1,1187.6,55.8,55.8,0.0
1754,school0,2,737.1,222.7,121.5,121.5,0.0
1754,boat,4,555.0,1180.0,61.2,154.8,0.0
1756,island0,5,162.0,200.3,261.0,261.0,0.0
1756,island1,5,1055.2,637.7,145.2,145.2,0.0
1756,island2,5,162.0,839.3,234.9,234.9,0.0
1756,island3,5,1087.8,956.3,163.7,163.7,0.0
1756,island4,5,1087.8,1356.8,183.0,183.0,0.0
1756,island5,5,141.0,1640.3,241.5,241.5,0.0
1756,island6,5,1113.9,1757.3,209.4,209.4,0.0
1756,island8,5,1009.5,-231.7,156.6,156.6,0.0
1756,island9,5,90.0,2063.3,175.6,175.6,0.0
1756,coral1,1,261.7,534.7,21.3,21.3,0.0
1756,coral4,1,-89.5,1173.2,26.9,26.9,0.0
1756,coral11,1,183.5,1148.6,31.7,31.7,0.0
1756,coral14,1,19.3,1365.4,21.2,21.2,0.0
1756,coral16,1,217.5,-231.8,32.2,32.2,0.0
1756,coral20,1,292.3,1296.0,28.0,28.0,0.0
1756,coral22,1,-7.5,-95.7,33.2,33.2,0.0
1756,coral24,1,341.5,1067.9,29.4,29.4,0.0
1756,coral25,1,-158.5,-209.3,37.2,37.2,0.0
1756,coral26,1,1226.4,-163.8,34.4,34.4,0.0
1756,coral27,1,380.3,2142.4,36.0,36.0,0.0
1756,coral28,1,1153.5,44.8,37.9,37.9,0.0
1756,coral30,1,1004.0,288.3,37.9,37.9,0.0
1756,coral32,1,900.2,450.6,29.4,29.4,0.0
1756,coral33,1,-146.2,1417.3,32.7,32.7,0.0
1756,coral34,1,896.8,103.9,31.4,31.4,0.0
1756,coral35,1,-127.5,34.3,18.0,18.0,0.0
1756,coral37,1,-137.0,996.5,34.2,34.2,0.0
1756,coral40,1,-140.8,2141.0,24.2,24.2,0.0
1756,coral41,1,-160.4,1951.0,33.2,33.2,0.0
1756,coral42,1,1173.1,341.9,18.8,18.8,0.0
1756,coral44,1,910.8,1531.1,22.7,22.7,0.0
1756,coral45,1,-100.2,378.2,27.9,27.9,0.0
1756,coral46,1,1194.6,2021.8,31.6,31.6,0.0
1756,coral48,1,1221.8,1135.1,28.9,28.9,0.0
1756,coral52,1,391.4,1966.6,29.1,29.1,0.0
1756,coral54,1,1226.3,748.9,21.7,21.7,0.0
1756,coral55,1,16.6,513.4,29.9,29.9,0.0
1756,coral57,1,909.5,827.4,32.3,32.3,0.0
1756,coral59,1,333.5,-82.5,33.5,33.5,0.0
1756,manta,2,598.9,639.7,184.5,184.5,0.0
1756,turtle0,2,673.0,-72.4,55.8,55.8,0.0
1756,turtle1,2,282.0,1195.7,55.8,55.8,0.0
1756,school0,2,737.8,227.3,121.5,121.5,0.0
1756,boat,4,555.0,1180.0,61.2,154.8,0.0
1758,island0,5,162.0,207.5,261.0,261.0,0.0
1758,island1,5,1055.2,644.9,145.2,145.2,0.0
1758,island2,5,162.0,846.5,234.9,234.9,0.0
1758,island3,5,1087.8,963.5,163.7,163.7,0.0
1758,island4,5,1087.8,1364.0,183.0,183.0,0.0
1758,island5,5,141.0,1647.5,241.5,241.5,0.0
1758,island6,5,1113.9,1764.5,209.4,209.4,0.0
1758,island8,5,1009.5,-224.5,156.6,156.6,0.0
1758,island9,5,90.0,2070.5,175.6,175.6,0.0
1758,coral1,1,261.7,541.8,21.3,21.3,0.0
1758,coral4,1,-89.5,1180.4,26.9,26.9,0.0
1758,coral11,1,183.5,1155.7,31.7,31.7,0.0
1758,coral14,1,19.3,1372.6,21.2,21.2,0.0
1758,coral16,1,217.5,-224.7,32.2,32.2,0.0
1758,coral20,1,292.3,1303.1,28.0,28.0,0.0
1758,coral22,1,-7.5,-88.5,33.2,33.2,0.0
1758,coral24,1,341.5,1075.1,29.4,29.4,0.0
1758,coral25,1,-158.5,-202.1,37.2,37.2,0.0
1758,coral26,1,1226.4,-156.6,34.4,34.4,0.0
1758,coral27,1,380.3,2149.5,36.0,36.0,0.0
1758,coral28,1,1153.5,52.0,37.9,37.9,0.0
1758,coral30,1,1004.0,295.4,37.9,37.9,0.0
1758,coral32,1,900.2,457.7,29.4,29.4,0.0
1758,coral33,1,-146.2,1424.5,32.7,32.7,0.0
1758,coral34,1,896.8,111.1,31.4,31.4,0.0
1758,coral35,1,-127.5,41.4,18.0,18.0,0.0
1758,coral37,1,-137.0,1003.7,34.2,34.2,0.0
1758,coral40,1,-140.8,2148.1,24.2,24.2,0.0
1758,coral41,1,-160.4,1958.2,33.2,33.2,0.0
1758,coral42,1,1173.1,349.0,18.8,18.8,0.0
1758,coral44,1,910.8,1538.2,22.7,22.7,0.0
1758,coral45,1,-100.2,385.4,27.9,27.9,0.0
1758,coral46,1,1194.6,2029.0,31.6,31.6,0.0
1758,coral48,1,1221.8,1142.3,28.9,28.9,0.0
1758,coral52,1,391.4,1973.7,29.1,29.1,0.0
1758,coral54,1,1226.3,756.0,21.7,21.7,0.0
1758,coral55,1,16.6,520.5,29.9,29.9,0.0
1758,coral57,1,909.5,834.5,32.3,32.3,0.0
1758,coral59,1,333.5,-75.4,33.5,33.5,0.0
1758,manta,2,599.1,643.0,184.5,184.5,0.0
1758,turtle0,2,670.5,-68.3,55.8,55.8,0.0
1758,turtle1,2,281.5,1203.7,55.8,55.8,0.0
1758,school0,2,738.5,231.7,121.5,121.5,0.0
1758,boat,4,555.0,1180.0,61.2,154.8,0.0
1760,island0,5,162.0,214.6,261.0,261.0,0.0
1760,island1,5,1055.2,652.0,145.2,145.2,0.0
1760,island2,5,162.0,853.6,234.9,234.9,0.0
1760,island3,5,1087.8,970.6,163.7,163.7,0.0
1760,island4,5,1087.8,1371.1,183.0,183.0,0.0
1760,island5,5,141.0,1654.6,241.5,241.5,0.0
1760,island6,5,1113.9,1771.6,209.4,209.4,0.0
1760,island8,5,1009.5,-217.4,156.6,156.6,0.0
1760,island9,5,90.0,2077.6,175.6,175.6,0.0
1760,coral1,1,261.7,549.0,21.3,21.3,0.0
1760,coral4,1,-89.5,1187.5,26.9,26.9,0.0
1760,coral11,1,183.5,1162.9,31.7,31.7,0.0
1760,coral14,1,19.3,1379.8,21.2,21.2,0.0
1760,coral16,1,217.5,-217.5,32.2,32.2,0.0
1760,coral20,1,292.3,1310.3,28.0,28.0,0.0
1760,coral22,1,-7.5,-81.4,33.2,33.2,0.0
1760,coral24,1,341.5,1082.2,29.4,29.4,0.0
1760,coral25,1,-158.5,-195.0,37.2,37.2,0.0
1760,coral26,1,1226.4,-149.5,34.4,34.4,0.0
1760,coral27,1,380.3,2156.7,36.0,36.0,0.0
1760,coral28,1,1153.5,59.1,37.9,37.9,0.0
1760,coral30,1,1004.0,302.6,37.9,37.9,0.0
1760,coral32,1,900.2,464.9,29.4,29.4,0.0
1760,coral33,1,-146.2,1431.6,32.7,32.7,0.0
1760,coral34,1,896.8,118.2,31.4,31.4,0.0
1760,coral35,1,-127.5,48.6,18.0,18.0,0.0
1760,coral37,1,-137.0,1010.8,34.2,34.2,0.0
1760,coral40,1,-140.8,2155.3,24.2,24.2,0.0
1760,coral41,1,-160.4,1965.4,33.2,33.2,0.0
1760,coral42,1,1173.1,356.2,18.8,18.8,0.0
1760,coral44,1,910.8,1545.4,22.7,22.7,0.0
1760,coral45,1,-100.2,392.5,27.9,27.9,0.0
1760,coral46,1,1194.6,2036.2,31.6,31.6,0.0
1760,coral48,1,1221.8,1149.4,28.9,28.9,0.0
1760,coral52,1,391.4,1980.9,29.1,29.1,0.0
1760,coral54,1,1226.3,763.2,21.7,21.7,0.0
1760,coral55,1,16.6,527.7,29.9,29.9,0.0
1760,coral57,1,909.5,841.7,32.3,32.3,0.0
1760,coral59,1,333.5,-68.2,33.5,33.5,0.0
1760,manta,2,599.3,646.5,184.5,184.5,0.0
1760,turtle0,2,668.1,-64.3,55.8,55.8,0.0
1760,turtle1,2,281.3,1211.7,55.8,55.8,0.0
1760,school0,2,738.9,235.9,121.5,121.5,0.0
1760,boat,4,555.0,1180.0,61.2,154.8,0.0
1762,island0,5,162.0,221.8,261.0,261.0,0.0
1762,island1,5,1055.2,659.2,145.2,145.2,0.0
1762,island2,5,162.0,860.8,234.9,234.9,0.0
1762,island3,5,1087.8,977.8,163.7,163.7,0.0
1762,island4,5,1087.8,1378.3,183.0,183.0,0.0
1762,island5,5,141.0,1661.8,241.5,241.5,0.0
1762,island6,5,1113.9,1778.8,209.4,209.4,0.0
1762,island8,5,1009.5,-210.2,156.6,156.6,0.0
1762,island9,5,90.0,2084.8,175.6,175.6,0.0
1762,coral1,1,261.7,556.1,21.3,21.3,0.0
1762,coral4,1,-89.5,1194.7,26.9,26.9,0.0
1762,coral11,1,183.5,1170.0,31.7,31.7,0.0
1762,coral14,1,19.3,1386.9,21.2,21.2,0.0
1762,coral16,1,217.5,-210.3,32.2,32.2,0.0
1762,coral20,1,292.3,1317.4,28.0,28.0,0.0
1762,coral22,1,-7.5,-74.2,33.2,33.2,0.0
1762,coral24,1,341.5,1089.4,29.4,29.4,0.0
1762,coral25,1,-158.5,-187.8,37.2,37.2,0.0
1762,coral26,1,1226.4,-142.3,34.4,34.4,0.0
1762,coral27,1,380.3,2163.9,36.0,36.0,0.0
1762,coral28,1,1153.5,66.3,37.9,37.9,0.0
1762,coral30,1,1004.0,309.7,37.9,37.9,0.0
1762,coral32,1,900.2,472.0,29.4,29.4,0.0
1762,coral33,1,-146.2,1438.8,32.7,32.7,0.0
1762,coral34,1,896.8,125.4,31.4,31.4,0.0
1762,coral35,1,-127.5,55.7,18.0,18.0,0.0
1762,coral37,1,-137.0,1018.0,34.2,34.2,0.0
1762,coral40,1,-140.8,2162.4,24.2,24.2,0.0
1762,coral41,1,-160.4,1972.5,33.2,33.2,0.0
1762,coral42,1,1173.1,363.4,18.8,18.8,0.0
1762,coral44,1,910.8,1552.5,22.7,22.7,0.0
1762,coral45,1,-100.2,399.7,27.9,27.9,0.0
1762,coral46,1,1194.6,2043.3,31.6,31.6,0.0
1762,coral48,1,1221.8,1156.6,28.9,28.9,0.0
1762,coral52,1,391.4,1988.0,29.1,29.1,0.0
1762,coral54,1,1226.3,770.3,21.7,21.7,0.0
1762,coral55,1,16.6,534.8,29.9,29.9,0.0
1762,coral57,1,909.5,848.9,32.3,32.3,0.0
1762,coral59,1,333.5,-61.1,33.5,33.5,0.0
1762,manta,2,599.6,650.2,184.5,184.5,0.0
1762,turtle0,2,665.7,-60.3,55.8,55.8,0.0
1762,turtle1,2,281.6,1219.6,55.8,55.8,0.0
1762,school0,2,739.1,239.9,121.5,121.5,0.0
1762,boat,4,555.0,1180.0,61.2,154.8,0.0
1764,island0,5,162.0,228.9,261.0,261.0,0.0
1764,island1,5,1055.2,666.3,145.2,145.2,0.0
1764,island2,5,162.0,867.9,234.9,234.9,0.0
1764,island3,5,1087.8,984.9,163.7,163.7,0.0
1764,island4,5,1087.8,1385.4,183.0,183.0,0.0
1764,island5,5,141.0,1668.9,241.5,241.5,0.0
1764,island6,5,1113.9,1785.9,209.4,209.4,0.0
1764,island8,5,1009.5,-203.1,156.6,156.6,0.0
1764,island9,5,90.0,2091.9,175.6,175.6,0.0
1764,coral1,1,261.7,563.3,21.3,21.3,0.0
1764,coral4,1,-89.5,1201.8,26.9,26.9,0.0
1764,coral11,1,183.5,1177.2,31.7,31.7,0.0
1764,coral14,1,19.3,1394.1,21.2,21.2,0.0
1764,coral16,1,217.5,-203.2,32.2,32.2,0.0
1764,coral20,1,292.3,1324.6,28.0,28.0,0.0
1764,coral22,1,-7.5,-67.1,33.2,33.2,0.0
1764,coral24,1,341.5,1096.6,29.4,29.4,0.0
1764,coral25,1,-158.5,-180.7,37.2,37.2,0.0
1764,coral26,1,1226.4,-135.1,34.4,34.4,0.0
1764,coral27,1,380.3,2171.0,36.0,36.0,0.0
1764,coral28,1,1153.5,73.4,37.9,37.9,0.0
1764,coral30,1,1004.0,316.9,37.9,37.9,0.0
1764,coral32,1,900.2,479.2,29.4,29.4,0.0
1764,coral33,1,-146.2,1445.9,32.7,32.7,0.0
1764,coral34,1,896.8,132.5,31.4,31.4,0.0
1764,coral35,1,-127.5,62.9,18.0,18.0,0.0
1764,coral37,1,-137.0,1025.2,34.2,34.2,0.0
1764,coral40,1,-140.8,2169.6,24.2,24.2,0.0
1764,coral41,1,-160.4,1979.7,33.2,33.2,0.0
1764,coral42,1,1173.1,370.5,18.8,18.8,0.0
1764,coral44,1,910.8,1559.7,22.7,22.7,0.0
1764,coral45,1,-100.2,406.9,27.9,27.9,0.0
1764,coral46,1,1194.6,2050.5,31.6,31.6,0.0
1764,coral48,1,1221.8,1163.7,28.9,28.9,0.0
1764,coral52,1,391.4,1995.2,29.1,29.1,0.0
1764,coral54,1,1226.3,777.5,21.7,21.7,0.0
1764,coral55,1,16.6,542.0,29.9,29.9,0.0
1764,coral57,1,909.5,856.0,32.3,32.3,0.0
1764,coral59,1,333.5,-53.9,33.5,33.5,0.0
1764,manta,2,600.0,653.9,184.5,184.5,0.0
1764,turtle0,2,663.3,-56.3,55.8,55.8,0.0
1764,turtle1,2,282.2,1227.4,55.8,55.8,0.0
1764,school0,2,739.1,243.7,121.5,121.5,0.0
1764,boat,4,555.0,1180.0,61.2,154.8,0.0
1766,island0,5,162.0,236.1,261.0,261.0,0.0
1766,island1,5,1055.2,673.5,145.2,145.2,0.0
1766,island2,5,162.0,875.1,234.9,234.9,0.0
1766,island3,5,1087.8,992.1,163.7,163.7,0.0
1766,island4,5,1087.8,1392.6,183.0,183.0,0.0
1766,island5,5,141.0,1676.1,241.5,241.5,0.0
1766,island6,5,1113.9,1793.1,209.4,209.4,0.0
1766,island8,5,1009.5,-195.9,156.6,156.6,0.0
1766,island9,5,90.0,2099.1,175.6,175.6,0.0
1766,coral1,1,261.7,570.5,21.3,21.3,0.0
1766,coral4,1,-89.5,1209.0,26.9,26.9,0.0
1766,coral11,1,183.5,1184.4,31.7,31.7,0.0
1766,coral14,1,19.3,1401.2,21.2,21.2,0.0
1766,coral16,1,217.5,-196.0,32.2,32.2,0.0
1766,coral20,1,292.3,1331.7,28.0,28.0,0.0
1766,coral22,1,-7.5,-59.9,33.2,33.2,0.0
1766,coral24,1,341.5,1103.7,29.4,29.4,0.0
1766,coral25,1,-158.5,-173.5,37.2,37.2,0.0
1766,coral26,1,1226.4,-128.0,34.4,34.4,0.0
1766,coral27,1,380.3,2178.2,36.0,36.0,0.0
1766,coral28,1,1153.5,80.6,37.9,37.9,0.0
1766,coral30,1,1004.0,324.0,37.9,37.9,0.0
1766,coral32,1,900.2,486.3,29.4,29.4,0.0
1766,coral33,1,-146.2,1453.1,32.7,32.7,0.0
1766,coral34,1,896.8,139.7,31.4,31.4,0.0
1766,coral35,1,-127.5,70.0,18.0,18.0,0.0
1766,coral37,1,-137.0,1032.3,34.2,34.2,0.0
1766,coral40,1,-140.8,2176.8,24.2,24.2,0.0
1766,coral41,1,-160.4,1986.8,33.2,33.2,0.0
1766,coral42,1,1173.1,377.7,18.8,18.8,0.0
1766,coral44,1,910.8,1566.8,22.7,22.7,0.0
1766,coral45,1,-100.2,414.0,27.9,27.9,0.0
1766,coral46,1,1194.6,2057.6,31.6,31.6,0.0
1766,coral47,1,1207.0,-298.7,28.4,28.4,0.0
1766,coral48,1,1221.8,1170.9,28.9,28.9,0.0
1766,coral52,1,391.4,2002.4,29.1,29.1,0.0
1766,coral54,1,1226.3,784.6,21.7,21.7,0.0
1766,coral55,1,16.6,549.1,29.9,29.9,0.0
1766,coral57,1,909.5,863.2,32.3,32.3,0.0
1766,coral59,1,333.5,-46.8,33.5,33.5,0.0
1766,manta,2,600.5,657.7,184.5,184.5,0.0
1766,turtle0,2,661.0,-52.3,55.8,55.8,0.0
1766,turtle1,2,283.0,1235.0,55.8,55.8,0.0
1766,school0,2,738.7,247.4,121.5,121.5,0.0
1766,boat,4,555.0,1180.0,61.2,154.8,0.0
1768,island0,5,162.0,243.3,261.0,261.0,0.0
1768,island1,5,1055.2,680.7,145.2,145.2,0.0
1768,island2,5,162.0,882.3,234.9,234.9,0.0
1768,island3,5,1087.8,999.3,163.7,163.7,0.0
1768,island4,5,1087.8,1399.8,183.0,183.0,0.0
1768,island5,5,141.0,1683.3,241.5,241.5,0.0
1768,island6,5,1113.9,1800.3,209.4,209.4,0.0
1768,island8,5,1009.5,-188.7,156.6,156.6,0.0
1768,island9,5,90.0,2106.3,175.6,175.6,0.0
1768,coral1,1,261.7,577.6,21.3,21.3,0.0
1768,coral4,1,-89.5,1216.1,26.9,26.9,0.0
1768,coral11,1,183.5,1191.5,31.7,31.7,0.0
1768,coral14,1,19.3,1408.4,21.2,21.2,0.0
1768,coral16,1,217.5,-188.9,32.2,32.2,0.0
1768,coral20,1,292.3,1338.9,28.0,28.0,0.0
1768,coral22,1,-7.5,-52.7,33.2,33.2,0.0
1768,coral24,1,341.5,1110.9,29.4,29.4,0.0
1768,coral25,1,-158.5,-166.4,37.2,37.2,0.0
1768,coral26,1,1226.4,-120.8,34.4,34.4,0.0
1768,coral27,1,380.3,2185.3,36.0,36.0,0.0
1768,coral28,1,1153.5,87.7,37.9,37.9,0.0
1768,coral30,1,1004.0,331.2,37.9,37.9,0.0
1768,coral32,1,900.2,493.5,29.4,29.4,0.0
1768,coral33,1,-146.2,1460.3,32.7,32.7,0.0
1768,coral34,1,896.8,146.8,31.4,31.4,0.0
1768,coral35,1,-127.5,77.2,18.0,18.0,0.0
1768,coral37,1,-137.0,1039.5,34.2,34.2,0.0
1768,coral40,1,-140.8,2183.9,24.2,24.2,0.0
1768,coral41,1,-160.4,1994.0,33.2,33.2,0.0
1768,coral42,1,1173.1,384.8,18.8,18.8,0.0
1768,coral44,1,910.8,1574.0,22.7,22.7,0.0
1768,coral45,1,-100.2,421.2,27.9,27.9,0.0
1768,coral46,1,1194.6,2064.8,31.6,31.6,0.0
1768,coral47,1,1207.0,-291.5,28.4,28.4,0.0
1768,coral48,1,1221.8,1178.0,28.9,28.9,0.0
1768,coral52,1,391.4,2009.5,29.1,29.1,0.0
1768,coral54,1,1226.3,791.8,21.7,21.7,0.0
1768,coral55,1,16.6,556.3,29.9,29.9,0.0
1768,coral57,1,909.5,870.3,32.3,32.3,0.0
1768,coral59,1,333.5,-39.6,33.5,33.5,0.0
1768,manta,2,601.1,661.6,184.5,184.5,0.0
1768,turtle0,2,658.8,-48.5,55.8,55.8,0.0
1768,turtle1,2,284.2,1242.6,55.8,55.8,0.0
1768,school0,2,738.0,250.9,121.5,121.5,0.0
1768,boat,4,555.0,1180.0,61.2,154.8,0.0
1770,island0,5,162.0,250.4,261.0,261.0,0.0
1770,island1,5,1055.2,687.8,145.2,145.2,0.0
1770,island2,5,162.0,889.4,234.9,234.9,0.0
1770,island3,5,1087.8,1006.4,163.7,163.7,0.0
1770,island4,5,1087.8,1406.9,183.0,183.0,0.0
1770,island5,5,141.0,1690.4,241.5,241.5,0.0
1770,island6,5,1113.9,1807.4,209.4,209.4,0.0
1770,island8,5,1009.5,-181.6,156.6,156.6,0.0
1770,island9,5,90.0,2113.4,175.6,175.6,0.0
1770,coral1,1,261.7,584.8,21.3,21.3,0.0
1770,coral4,1,-89.5,1223.3,26.9,26.9,0.0
1770,coral11,1,183.5,1198.7,31.7,31.7,0.0
1770,coral14,1,19.3,1415.5,21.2,21.2,0.0
1770,coral16,1,217.5,-181.7,32.2,32.2,0.0
1770,coral20,1,292.3,1346.0,28.0,28.0,0.0
1770,coral22,1,-7.5,-45.6,33.2,33.2,0.0
1770,coral24,1,341.5,1118.0,29.4,29.4,0.0
1770,coral25,1,-158.5,-159.2,37.2,37.2,0.0
1770,coral26,1,1226.4,-113.7,34.4,34.4,0.0
1770,coral27,1,380.3,2192.5,36.0,36.0,0.0
1770,coral28,1,1153.5,94.9,37.9,37.9,0.0
1770,coral30,1,1004.0,338.3,37.9,37.9,0.0
1770,coral32,1,900.2,500.6,29.4,29.4,0.0
1770,coral33,1,-146.2,1467.4,32.7,32.7,0.0
1770,coral34,1,896.8,154.0,31.4,31.4,0.0
1770,coral35,1,-127.5,84.3,18.0,18.0,0.0
1770,coral37,1,-137.0,1046.6,34.2,34.2,0.0
1770,coral40,1,-140.8,2191.1,24.2,24.2,0.0
1770,coral41,1,-160.4,2001.1,33.2,33.2,0.0
1770,coral42,1,1173.1,392.0,18.8,18.8,0.0
1770,coral44,1,910.8,1581.2,22.7,22.7,0.0
1770,coral45,1,-100.2,428.3,27.9,27.9,0.0
1770,coral46,1,1194.6,2071.9,31.6,31.6,0.0
1770,coral47,1,1207.0,-284.4,28.4,28.4,0.0
1770,coral48,1,1221.8,1185.2,28.9,28.9,0.0
1770,coral52,1,391.4,2016.7,29.1,29.1,0.0
1770,coral54,1,1226.3,798.9,21.7,21.7,0.0
1770,coral55,1,16.6,563.5,29.9,29.9,0.0
1770,coral57,1,909.5,877.5,32.3,32.3,0.0
1770,coral59,1,333.5,-32.4,33.5,33.5,0.0
1770,manta,2,601.8,665.3,184.5,184.5,0.0
1770,turtle0,2,656.6,-44.6,55.8,55.8,0.0
1770,turtle1,2,285.5,1250.0,55.8,55.8,0.0
1770,school0,2,737.1,254.2,121.5,121.5,0.0
1770,boat,4,555.0,1180.0,61.2,154.8,0.0
1772,island0,5,162.0,257.6,261.0,261.0,0.0
1772,island1,5,1055.2,695.0,145.2,145.2,0.0
1772,island2,5,162.0,896.6,234.9,234.9,0.0
1772,island3,5,1087.8,1013.6,163.7,163.7,0.0
1772,island4,5,1087.8,1414.1,183.0,183.0,0.0
1772,island5,5,141.0,1697.6,241.5,241.5,0.0
1772,island6,5,1113.9,1814.6,209.4,209.4,0.0
1772,island8,5,1009.5,-174.4,156.6,156.6,0.0
1772,island9,5,90.0,2120.6,175.6,175.6,0.0
1772,coral1,1,261.7,591.9,21.3,21.3,0.0
1772,coral4,1,-89.5,1230.4,26.9,26.9,0.0
1772,coral11,1,183.5,1205.8,31.7,31.7,0.0
1772,coral14,1,19.3,1422.7,21.2,21.2,0.0
1772,coral16,1,217.5,-174.6,32.2,32.2,0.0
1772,coral20,1,292.3,1353.2,28.0,28.0,0.0
1772,coral22,1,-7.5,-38.4,33.2,33.2,0.0
1772,coral24,1,341.5,1125.2,29.4,29.4,0.0
1772,coral25,1,-158.5,-152.0,37.2,37.2,0.0
1772,coral26,1,1226.4,-106.5,34.4,34.4,0.0
1772,coral27,1,380.3,2199.6,36.0,36.0,0.0
1772,coral28,1,1153.5,102.0,37.9,37.9,0.0
1772,coral30,1,1004.0,345.5,37.9,37.9,0.0
1772,coral32,1,900.2,507.8,29.4,29.4,0.0
1772,coral33,1,-146.2,1474.6,32.7,32.7,0.0
1772,coral34,1,896.8,161.1,31.4,31.4,0.0
1772,coral35,1,-127.5,91.5,18.0,18.0,0.0
1772,coral37,1,-137.0,1053.8,34.2,34.2,0.0
1772,coral40,1,-140.8,2198.2,24.2,24.2,0.0
1772,coral41,1,-160.4,2008.3,33.2,33.2,0.0
1772,coral42,1,1173.1,399.1,18.8,18.8,0.0
1772,coral44,1,910.8,1588.3,22.7,22.7,0.0
1772,coral45,1,-100.2,435.5,27.9,27.9,0.0
1772,coral46,1,1194.6,2079.1,31.6,31.6,0.0
1772,coral47,1,1207.0,-277.2,28.4,28.4,0.0
1772,coral48,1,1221.8,1192.4,28.9,28.9,0.0
1772,coral52,1,391.4,2023.8,29.1,29.1,0.0
1772,coral54,1,1226.3,806.1,21.7,21.7,0.0
1772,coral55,1,16.6,570.6,29.9,29.9,0.0
1772,coral57,1,909.5,884.6,32.3,32.3,0.0
1772,coral59,1,333.5,-25.3,33.5,33.5,0.0
1772,manta,2,602.6,669.1,184.5,184.5,0.0
1772,turtle0,2,654.5,-40.8,55.8,55.8,0.0
1772,turtle1,2,287.1,1257.5,55.8,55.8,0.0
1772,school0,2,736.0,257.4,121.5,121.5,0.0
1772,boat,4,555.0,1180.0,61.2,154.8,0.0
1774,island0,5,162.0,264.7,261.0,261.0,0.0
1774,island1,5,1055.2,702.1,145.2,145.2,0.0
1774,island2,5,162.0,903.7,234.9,234.9,0.0
1774,island3,5,1087.8,1020.7,163.7,163.7,0.0
1774,island4,5,1087.8,1421.2,183.0,183.0,0.0
1774,island5,5,141.0,1704.7,241.5,241.5,0.0
1774,island6,5,1113.9,1821.7,209.4,209.4,0.0
1774,island8,5,1009.5,-167.3,156.6,156.6,0.0
1774,island9,5,90.0,2127.7,175.6,175.6,0.0
1774,coral1,1,261.7,599.1,21.3,21.3,0.0
1774,coral4,1,-89.5,1237.6,26.9,26.9,0.0
1774,coral11,1,183.5,1213.0,31.7,31.7,0.0
1774,coral14,1,19.3,1429.8,21.2,21.2,0.0
1774,coral16,1,217.5,-167.4,32.2,32.2,0.0
1774,coral20,1,292.3,1360.4,28.0,28.0,0.0
1774,coral22,1,-7.5,-31.3,33.2,33.2,0.0
1774,coral24,1,341.5,1132.3,29.4,29.4,0.0
1774,coral25,1,-158.5,-144.9,37.2,37.2,0.0
1774,coral26,1,1226.4,-99.4,34.4,34.4,0.0
1774,coral27,1,380.3,2206.8,36.0,36.0,0.0
1774,coral28,1,1153.5,109.2,37.9,37.9,0.0
1774,coral30,1,1004.0,352.6,37.9,37.9,0.0
1774,coral32,1,900.2,514.9,29.4,29.4,0.0
1774,coral33,1,-146.2,1481.7,32.7,32.7,0.0
1774,coral34,1,896.8,168.3,31.4,31.4,0.0
1774,coral35,1,-127.5,98.6,18.0,18.0,0.0
1774,coral37,1,-137.0,1060.9,34.2,34.2,0.0
1774,coral40,1,-140.8,2205.4,24.2,24.2,0.0
1774,coral41,1,-160.4,2015.4,33.2,33.2,0.0
1774,coral42,1,1173.1,406.3,18.8,18.8,0.0
1774,coral44,1,910.8,1595.5,22.7,22.7,0.0
1774,coral45,1,-100.2,442.6,27.9,27.9,0.0
1774,coral46,1,1194.6,2086.2,31.6,31.6,0.0
1774,coral47,1,1207.0,-270.0,28.4,28.4,0.0
1774,coral48,1,1221.8,1199.5,28.9,28.9,0.0
1774,coral52,1,391.4,2031.0,29.1,29.1,0.0
1774,coral54,1,1226.3,813.2,21.7,21.7,0.0
1774,coral55,1,16.6,577.8,29.9,29.9,0.0
1774,coral57,1,909.5,891.8,32.3,32.3,0.0
1774,coral59,1,333.5,-18.1,33.5,33.5,0.0
1774,manta,2,603.4,672.7,184.5,184.5,0.0
1774,turtle0,2,652.5,-37.1,55.8,55.8,0.0
1774,turtle1,2,288.9,1264.8,55.8,55.8,0.0
1774,school0,2,734.7,260.4,121.5,121.5,0.0
1774,boat,4,555.0,1180.0,61.2,154.8,0.0
1776,island0,5,162.0,271.9,261.0,261.0,0.0
1776,island1,5,1055.2,709.3,145.2,145.2,0.0
1776,island2,5,162.0,910.9,234.9,234.9,0.0
1776,island3,5,1087.8,1027.9,163.7,163.7,0.0
1776,island4,5,1087.8,1428.4,183.0,183.0,0.0
1776,island5,5,141.0,1711.9,241.5,241.5,0.0
1776,island6,5,1113.9,1828.9,209.4,209.4,0.0
1776,island8,5,1009.5,-160.1,156.6,156.6,0.0
1776,island9,5,90.0,2134.9,175.6,175.6,0.0
1776,coral1,1,261.7,606.2,21.3,21.3,0.0
1776,coral4,1,-89.5,1244.7,26.9,26.9,0.0
1776,coral11,1,183.5,1220.1,31.7,31.7,0.0
1776,coral14,1,19.3,1437.0,21.2,21.2,0.0
1776,coral16,1,217.5,-160.3,32.2,32.2,0.0
1776,coral20,1,292.3,1367.5,28.0,28.0,0.0
1776,coral22,1,-7.5,-24.1,33.2,33.2,0.0
1776,coral24,1,341.5,1139.5,29.4,29.4,0.0
1776,coral25,1,-158.5,-137.7,37.2,37.2,0.0
1776,coral26,1,1226.4,-92.2,34.4,34.4,0.0
1776,coral27,1,380.3,2213.9,36.0,36.0,0.0
1776,coral28,1,1153.5,116.4,37.9,37.9,0.0
1776,coral30,1,1004.0,359.8,37.9,37.9,0.0
1776,coral32,1,900.2,522.1,29.4,29.4,0.0
1776,coral33,1,-146.2,1488.9,32.7,32.7,0.0
1776,coral34,1,896.8,175.4,31.4,31.4,0.0
1776,coral35,1,-127.5,105.8,18.0,18.0,0.0
1776,coral37,1,-137.0,1068.1,34.2,34.2,0.0
1776,coral40,1,-140.8,2212.5,24.2,24.2,0.0
1776,coral41,1,-160.4,2022.6,33.2,33.2,0.0
1776,coral42,1,1173.1,413.4,18.8,18.8,0.0
1776,coral44,1,910.8,1602.6,22.7,22.7,0.0
1776,coral45,1,-100.2,449.8,27.9,27.9,0.0
1776,coral46,1,1194.6,2093.4,31.6,31.6,0.0
1776,coral47,1,1207.0,-262.9,28.4,28.4,0.0
1776,coral48,1,1221.8,1206.7,28.9,28.9,0.0
1776,coral51,1,383.2,-293.1,23.2,23.2,0.0
1776,coral52,1,391.4,2038.1,29.1,29.1,0.0
1776,coral54,1,1226.3,820.4,21.7,21.7,0.0
1776,coral55,1,16.6,584.9,29.9,29.9,0.0
1776,coral57,1,909.5,898.9,32.3,32.3,0.0
1776,coral59,1,333.5,-11.0,33.5,33.5,0.0
1776,manta,2,604.3,676.2,184.5,184.5,0.0
1776,turtle0,2,650.7,-33.4,55.8,55.8,0.0
1776,turtle1,2,290.8,1272.2,55.8,55.8,0.0
1776,school0,2,733.4,263.2,121.5,121.5,0.0
1776,boat,4,555.0,1180.0,61.2,154.8,0.0
1778,island0,5,162.0,279.0,261.0,261.0,0.0
1778,island1,5,1055.2,716.4,145.2,145.2,0.0
1778,island2,5,162.0,918.0,234.9,234.9,0.0
1778,island3,5,1087.8,1035.0,163.7,163.7,0.0
1778,island4,5,1087.8,1435.5,183.0,183.0,0.0
1778,island5,5,141.0,1719.0,241.5,241.5,0.0
1778,island6,5,1113.9,1836.0,209.4,209.4,0.0
1778,island8,5,1009.5,-153.0,156.6,156.6,0.0
1778,island9,5,90.0,2142.0,175.6,175.6,0.0
1778,coral1,1,261.7,613.4,21.3,21.3,0.0
1778,coral4,1,-89.5,1251.9,26.9,26.9,0.0
1778,coral11,1,183.5,1227.3,31.7,31.7,0.0
1778,coral14,1,19.3,1444.1,21.2,21.2,0.0
1778,coral16,1,217.5,-153.1,32.2,32.2,0.0
1778,coral20,1,292.3,1374.7,28.0,28.0,0.0
1778,coral22,1,-7.5,-17.0,33.2,33.2,0.0
1778,coral24,1,341.5,1146.6,29.4,29.4,0.0
1778,coral25,1,-158.5,-130.6,37.2,37.2,0.0
1778,coral26,1,1226.4,-85.1,34.4,34.4,0.0
1778,coral28,1,1153.5,123.5,37.9,37.9,0.0
1778,coral30,1,1004.0,366.9,37.9,37.9,0.0
1778,coral32,1,900.2,529.3,29.4,29.4,0.0
1778,coral33,1,-146.2,1496.0,32.7,32.7,0.0
1778,coral34,1,896.8,182.6,31.4,31.4,0.0
1778,coral35,1,-127.5,112.9,18.0,18.0,0.0
1778,coral37,1,-137.0,1075.2,34.2,34.2,0.0
1778,coral40,1,-140.8,2219.7,24.2,24.2,0.0
1778,coral41,1,-160.4,2029.7,33.2,33.2,0.0
1778,coral42,1,1173.1,420.6,18.8,18.8,0.0
1778,coral44,1,910.8,1609.8,22.7,22.7,0.0
1778,coral45,1,-100.2,456.9,27.9,27.9,0.0
1778,coral46,1,1194.6,2100.5,31.6,31.6,0.0
1778,coral47,1,1207.0,-255.7,28.4,28.4,0.0
1778,coral48,1,1221.8,1213.8,28.9,28.9,0.0
1778,coral51,1,383.2,-285.9,23.2,23.2,0.0
1778,coral52,1,391.4,2045.3,29.1,29.1,0.0
1778,coral54,1,1226.3,827.6,21.7,21.7,0.0
1778,coral55,1,16.6,592.1,29.9,29.9,0.0
1778,coral57,1,909.5,906.1,32.3,32.3,0.0
1778,coral59,1,333.5,-3.8,33.5,33.5,0.0
1778,manta,2,605.1,679.6,184.5,184.5,0.0
1778,turtle0,2,648.9,-29.8,55.8,55.8,0.0
1778,turtle1,2,293.0,1279.6,55.8,55.8,0.0
1778,school0,2,732.1,265.9,121.5,121.5,0.0
1778,boat,4,555.0,1180.0,61.2,154.8,0.0
1780,island0,5,162.0,286.2,261.0,261.0,0.0
1780,island1,5,1055.2,723.6,145.2,145.2,0.0
1780,island2,5,162.0,925.2,234.9,234.9,0.0
1780,island3,5,1087.8,1042.2,163.7,163.7,0.0
1780,island4,5,1087.8,1442.7,183.0,183.0,0.0
1780,island5,5,141.0,1726.2,241.5,241.5,0.0
1780,island6,5,1113.9,1843.2,209.4,209.4,0.0
1780,island8,5,1009.5,-145.8,156.6,156.6,0.0
1780,island9,5,90.0,2149.2,175.6,175.6,0.0
1780,coral1,1,261.7,620.5,21.3,21.3,0.0
1780,coral4,1,-89.5,1259.1,26.9,26.9,0.0
1780,coral11,1,183.5,1234.4,31.7,31.7,0.0
1780,coral14,1,19.3,1451.3,21.2,21.2,0.0
1780,coral16,1,217.5,-146.0,32.2,32.2,0.0
1780,coral20,1,292.3,1381.8,28.0,28.0,0.0
1780,coral22,1,-7.5,-9.8,33.2,33.2,0.0
1780,coral24,1,341.5,1153.8,29.4,29.4,0.0
1780,coral25,1,-158.5,-123.4,37.2,37.2,0.0
1780,coral26,1,1226.4,-77.9,34.4,34.4,0.0
1780,coral28,1,1153.5,130.7,37.9,37.9,0.0
1780,coral30,1,1004.0,374.1,37.9,37.9,0.0
1780,coral32,1,900.2,536.4,29.4,29.4,0.0
1780,coral33,1,-146.2,1503.2,32.7,32.7,0.0
1780,coral34,1,896.8,189.7,31.4,31.4,0.0
1780,coral35,1,-127.5,120.1,18.0,18.0,0.0
1780,coral37,1,-137.0,1082.4,34.2,34.2,0.0
1780,coral41,1,-160.4,2036.9,33.2,33.2,0.0
1780,coral42,1,1173.1,427.7,18.8,18.8,0.0
1780,coral44,1,910.8,1616.9,22.7,22.7,0.0
1780,coral45,1,-100.2,464.1,27.9,27.9,0.0
1780,coral46,1,1194.6,2107.7,31.6,31.6,0.0
1780,coral47,1,1207.0,-248.6,28.4,28.4,0.0
1780,coral48,1,1221.8,1221.0,28.9,28.9,0.0
1780,coral51,1,383.2,-278.8,23.2,23.2,0.0
1780,coral52,1,391.4,2052.4,29.1,29.1,0.0
1780,coral54,1,1226.3,834.7,21.7,21.7,0.0
1780,coral55,1,16.6,599.2,29.9,29.9,0.0
1780,coral57,1,909.5,913.2,32.3,32.3,0.0
1780,coral59,1,333.5,3.3,33.5,33.5,0.0
1780,manta,2,606.0,682.8,184.5,184.5,0.0
1780,turtle0,2,647.2,-26.3,55.8,55.8,0.0
1780,turtle1,2,295.3,1287.0,55.8,55.8,0.0
1780,school0,2,730.6,268.4,121.5,121.5,0.0
1780,boat,4,555.0,1180.0,61.2,154.8,0.0
1782,island0,5,162.0,293.3,261.0,261.0,0.0
1782,island1,5,1055.2,730.7,145.2,145.2,0.0
1782,island2,5,162.0,932.3,234.9,234.9,0.0
1782,island3,5,1087.8,1049.3,163.7,163.7,0.0
1782,island4,5,1087.8,1449.8,183.0,183.0,0.0
1782,island5,5,141.0,1733.3,241.5,241.5,0.0
1782,island6,5,1113.9,1850.3,209.4,209.4,0.0
1782,island8,5,1009.5,-138.7,156.6,156.6,0.0
1782,island9,5,90.0,2156.3,175.6,175.6,0.0
1782,coral1,1,261.7,627.7,21.3,21.3,0.0
1782,coral4,1,-89.5,1266.2,26.9,26.9,0.0
1782,coral11,1,183.5,1241.6,31.7,31.7,0.0
1782,coral14,1,19.3,1458.4,21.2,21.2,0.0
1782,coral16,1,217.5,-138.8,32.2,32.2,0.0
1782,coral20,1,292.3,1389.0,28.0,28.0,0.0
1782,coral22,1,-7.5,-2.7,33.2,33.2,0.0
1782,coral24,1,341.5,1160.9,29.4,29.4,0.0
1782,coral25,1,-158.5,-116.3,37.2,37.2,0.0
1782,coral26,1,1226.4,-70.8,34.4,34.4,0.0
1782,coral28,1,1153.5,137.8,37.9,37.9,0.0
1782,coral30,1,1004.0,381.3,37.9,37.9,0.0
1782,coral32,1,900.2,543.6,29.4,29.4,0.0
1782,coral33,1,-146.2,1510.3,32.7,32.7,0.0
1782,coral34,1,896.8,196.9,31.4,31.4,0.0
1782,coral35,1,-127.5,127.3,18.0,18.0,0.0
1782,coral37,1,-137.0,1089.5,34.2,34.2,0.0
1782,coral41,1,-160.4,2044.0,33.2,33.2,0.0
1782,coral42,1,1173.1,434.9,18.8,18.8,0.0
1782,coral44,1,910.8,1624.1,22.7,22.7,0.0
1782,coral45,1,-100.2,471.2,27.9,27.9,0.0
1782,coral46,1,1194.6,2114.9,31.6,31.6,0.0
1782,coral47,1,1207.0,-241.4,28.4,28.4,0.0
1782,coral48,1,1221.8,1228.1,28.9,28.9,0.0
1782,coral51,1,383.2,-271.6,23.2,23.2,0.0
1782,coral52,1,391.4,2059.6,29.1,29.1,0.0
1782,coral54,1,1226.3,841.9,21.7,21.7,0.0
1782,coral55,1,16.6,606.4,29.9,29.9,0.0
1782,coral57,1,909.5,920.4,32.3,32.3,0.0
1782,coral59,1,333.5,10.5,33.5,33.5,0.0
1782,manta,2,606.8,686.0,184.5,184.5,0.0
1782,turtle0,2,645.6,-22.7,55.8,55.8,0.0
1782,turtle1,2,297.8,1294.5,55.8,55.8,0.0
1782,school0,2,729.0,270.7,121.5,121.5,0.0
1782,boat,4,555.0,1180.0,61.2,154.8,0.0
1784,island0,5,162.0,300.5,261.0,261.0,0.0
1784,island1,5,1055.2,737.9,145.2,145.2,0.0
1784,island2,5,162.0,939.5,234.9,234.9,0.0
1784,island3,5,1087.8,1056.5,163.7,163.7,0.0
1784,island4,5,1087.8,1457.0,183.0,183.0,0.0
1784,island5,5,141.0,1740.5,241.5,241.5,0.0
1784,island6,5,1113.9,1857.5,209.4,209.4,0.0
1784,island8,5,1009.5,-131.5,156.6,156.6,0.0
1784,island9,5,90.0,2163.5,175.6,175.6,0.0
1784,coral1,1,261.7,634.8,21.3,21.3,0.0
1784,coral4,1,-89.5,1273.4,26.9,26.9,0.0
1784,coral11,1,183.5,1248.7,31.7,31.7,0.0
1784,coral14,1,19.3,1465.6,21.2,21.2,0.0
1784,coral16,1,217.5,-131.6,32.2,32.2,0.0
1784,coral20,1,292.3,1396.1,28.0,28.0,0.0
1784,coral22,1,-7.5,4.5,33.2,33.2,0.0
1784,coral24,1,341.5,1168.1,29.4,29.4,0.0
1784,coral25,1,-158.5,-109.1,37.2,37.2,0.0
1784,coral26,1,1226.4,-63.6,34.4,34.4,0.0
1784,coral28,1,1153.5,145.0,37.9,37.9,0.0
1784,coral30,1,1004.0,388.4,37.9,37.9,0.0
1784,coral32,1,900.2,550.7,29.4,29.4,0.0
1784,coral33,1,-146.2,1517.5,32.7,32.7,0.0
1784,coral34,1,896.8,204.1,31.4,31.4,0.0
1784,coral35,1,-127.5,134.4,18.0,18.0,0.0
1784,coral37,1,-137.0,1096.7,34.2,34.2,0.0
1784,coral41,1,-160.4,2051.2,33.2,33.2,0.0
1784,coral42,1,1173.1,442.1,18.8,18.8,0.0
1784,coral44,1,910.8,1631.2,22.7,22.7,0.0
1784,coral45,1,-100.2,478.4,27.9,27.9,0.0
1784,coral46,1,1194.6,2122.0,31.6,31.6,0.0
1784,coral47,1,1207.0,-234.3,28.4,28.4,0.0
1784,coral48,1,1221.8,1235.3,28.9,28.9,0.0
1784,coral51,1,383.2,-264.5,23.2,23.2,0.0
1784,coral52,1,391.4,2066.7,29.1,29.1,0.0
1784,coral54,1,1226.3,849.0,21.7,21.7,0.0
1784,coral55,1,16.6,613.5,29.9,29.9,0.0
1784,coral57,1,909.5,927.5,32.3,32.3,0.0
1784,coral59,1,333.5,17.6,33.5,33.5,0.0
1784,manta,2,607.6,689.0,184.5,184.5,0.0
1784,turtle0,2,644.2,-19.3,55.8,55.8,0.0
1784,turtle1,2,300.5,1302.0,55.8,55.8,0.0
1784,school0,2,727.2,272.8,121.5,121.5,0.0
1784,boat,4,555.0,1180.0,61.2,154.8,0.0
1786,island0,5,162.0,307.6,261.0,261.0,0.0
1786,island1,5,1055.2,745.0,145.2,145.2,0.0
1786,island2,5,162.0,946.6,234.9,234.9,0.0
1786,island3,5,1087.8,1063.6,163.7,163.7,0.0
1786,island4,5,1087.8,1464.1,183.0,183.0,0.0
1786,island5,5,141.0,1747.6,241.5,241.5,0.0
1786,island6,5,1113.9,1864.6,209.4,209.4,0.0
1786,island8,5,1009.5,-124.4,156.6,156.6,0.0
1786,island9,5,90.0,2170.6,175.6,175.6,0.0
1786,coral1,1,261.7,642.0,21.3,21.3,0.0
1786,coral4,1,-89.5,1280.5,26.9,26.9,0.0
1786,coral11,1,183.5,1255.9,31.7,31.7,0.0
1786,coral14,1,19.3,1472.8,21.2,21.2,0.0
1786,coral16,1,217.5,-124.5,32.2,32.2,0.0
1786,coral20,1,292.3,1403.3,28.0,28.0,0.0
1786,coral22,1,-7.5,11.6,33.2,33.2,0.0
1786,coral24,1,341.5,1175.3,29.4,29.4,0.0
1786,coral25,1,-158.5,-102.0,37.2,37.2,0.0
1786,coral26,1,1226.4,-56.4,34.4,34.4,0.0
1786,coral28,1,1153.5,152.1,37.9,37.9,0.0
1786,coral30,1,1004.0,395.6,37.9,37.9,0.0
1786,coral32,1,900.2,557.9,29.4,29.4,0.0
1786,coral33,1,-146.2,1524.6,32.7,32.7,0.0
1786,coral34,1,896.8,211.2,31.4,31.4,0.0
1786,coral35,1,-127.5,141.6,18.0,18.0,0.0
1786,coral37,1,-137.0,1103.9,34.2,34.2,0.0
1786,coral41,1,-160.4,2058.4,33.2,33.2,0.0
1786,coral42,1,1173.1,449.2,18.8,18.8,0.0
1786,coral44,1,910.8,1638.4,22.7,22.7,0.0
1786,coral45,1,-100.2,485.5,27.9,27.9,0.0
1786,coral46,1,1194.6,2129.2,31.6,31.6,0.0
1786,coral47,1,1207.0,-227.1,28.4,28.4,0.0
1786,coral48,1,1221.8,1242.4,28.9,28.9,0.0
1786,coral51,1,383.2,-257.3,23.2,23.2,0.0
1786,coral52,1,391.4,2073.9,29.1,29.1,0.0
1786,coral54,1,1226.3,856.2,21.7,21.7,0.0
1786,coral55,1,16.6,620.7,29.9,29.9,0.0
1786,coral57,1,909.5,934.7,32.3,32.3,0.0
1786,coral59,1,333.5,24.8,33.5,33.5,0.0
1786,manta,2,608.4,691.9,184.5,184.5,0.0
1786,turtle0,2,642.8,-15.8,55.8,55.8,0.0
1786,turtle1,2,303.5,1309.6,55.8,55.8,0.0
1786,school0,2,725.1,274.9,121.5,121.5,0.0
1786,boat,4,555.0,1180.0,61.2,154.8,0.0
1788,island0,5,162.0,314.8,261.0,261.0,0.0
1788,island1,5,1055.2,752.2,145.2,145.2,0.0
1788,island2,5,162.0,953.8,234.9,234.9,0.0
1788,island3,5,1087.8,1070.8,163.7,163.7,0.0
1788,island4,5,1087.8,1471.3,183.0,183.0,0.0
1788,island5,5,141.0,1754.8,241.5,241.5,0.0
1788,island6,5,1113.9,1871.8,209.4,209.4,0.0
1788,island8,5,1009.5,-117.2,156.6,156.6,0.0
1788,island9,5,90.0,2177.8,175.6,175.6,0.0
1788,coral1,1,261.7,649.2,21.3,21.3,0.0
1788,coral4,1,-89.5,1287.7,26.9,26.9,0.0
1788,coral11,1,183.5,1263.0,31.7,31.7,0.0
1788,coral14,1,19.3,1479.9,21.2,21.2,0.0
1788,coral16,1,217.5,-117.3,32.2,32.2,0.0
1788,coral20,1,292.3,1410.4,28.0,28.0,0.0
1788,coral22,1,-7.5,18.8,33.2,33.2,0.0
1788,coral24,1,341.5,1182.4,29.4,29.4,0.0
1788,coral25,1,-158.5,-94.8,37.2,37.2,0.0
1788,coral26,1,1226.4,-49.3,34.4,34.4,0.0
1788,coral28,1,1153.5,159.3,37.9,37.9,0.0
1788,coral30,1,1004.0,402.7,37.9,37.9,0.0
1788,coral32,1,900.2,565.0,29.4,29.4,0.0
1788,coral33,1,-146.2,1531.8,32.7,32.7,0.0
1788,coral34,1,896.8,218.4,31.4,31.4,0.0
1788,coral35,1,-127.5,148.7,18.0,18.0,0.0
1788,coral37,1,-137.0,1111.0,34.2,34.2,0.0
1788,coral41,1,-160.4,2065.5,33.2,33.2,0.0
1788,coral42,1,1173.1,456.4,18.8,18.8,0.0
1788,coral44,1,910.8,1645.5,22.7,22.7,0.0
1788,coral45,1,-100.2,492.7,27.9,27.9,0.0
1788,coral46,1,1194.6,2136.3,31.6,31.6,0.0
1788,coral47,1,1207.0,-220.0,28.4,28.4,0.0
1788,coral48,1,1221.8,1249.6,28.9,28.9,0.0
1788,coral51,1,383.2,-250.1,23.2,23.2,0.0
1788,coral52,1,391.4,2081.0,29.1,29.1,0.0
1788,coral54,1,1226.3,863.3,21.7,21.7,0.0
1788,coral55,1,16.6,627.8,29.9,29.9,0.0
1788,coral57,1,909.5,941.9,32.3,32.3,0.0
1788,coral59,1,333.5,31.9,33.5,33.5,0.0
1788,manta,2,609.3,694.6,184.5,184.5,0.0
1788,turtle0,2,641.5,-12.4,55.8,55.8,0.0
1788,turtle1,2,306.6,1317.2,55.8,55.8,0.0
1788,school0,2,722.9,277.2,121.5,121.5,0.0
1788,boat,4,555.0,1180.0,61.2,154.8,0.0
1790,island0,5,162.0,321.9,261.0,261.0,0.0
1790,island1,5,1055.2,759.3,145.2,145.2,0.0
1790,island2,5,162.0,960.9,234.9,234.9,0.0
1790,island3,5,1087.8,1077.9,163.7,163.7,0.0
1790,island4,5,1087.8,1478.4,183.0,183.0,0.0
1790,island5,5,141.0,1761.9,241.5,241.5,0.0
1790,island6,5,1113.9,1878.9,209.4,209.4,0.0
1790,island8,5,1009.5,-110.1,156.6,156.6,0.0
1790,island9,5,90.0,2184.9,175.6,175.6,0.0
1790,coral1,1,261.7,656.3,21.3,21.3,0.0
1790,coral4,1,-89.5,1294.8,26.9,26.9,0.0
1790,coral11,1,183.5,1270.2,31.7,31.7,0.0
1790,coral14,1,19.3,1487.1,21.2,21.2,0.0
1790,coral16,1,217.5,-110.2,32.2,32.2,0.0
1790,coral20,1,292.3,1417.6,28.0,28.0,0.0
1790,coral22,1,-7.5,26.0,33.2,33.2,0.0
1790,coral24,1,341.5,1189.6,29.4,29.4,0.0
1790,coral25,1,-158.5,-87.7,37.2,37.2,0.0
1790,coral26,1,1226.4,-42.1,34.4,34.4,0.0
1790,coral28,1,1153.5,166.4,37.9,37.9,0.0
1790,coral30,1,1004.0,409.9,37.9,37.9,0.0
1790,coral32,1,900.2,572.2,29.4,29.4,0.0
1790,coral33,1,-146.2,1539.0,32.7,32.7,0.0
1790,coral34,1,896.8,225.5,31.4,31.4,0.0
1790,coral35,1,-127.5,155.9,18.0,18.0,0.0
1790,coral37,1,-137.0,1118.2,34.2,34.2,0.0
1790,coral41,1,-160.4,2072.7,33.2,33.2,0.0
1790,coral42,1,1173.1,463.5,18.8,18.8,0.0
1790,coral44,1,910.8,1652.7,22.7,22.7,0.0
1790,coral45,1,-100.2,499.9,27.9,27.9,0.0
1790,coral46,1,1194.6,2143.5,31.6,31.6,0.0
1790,coral47,1,1207.0,-212.8,28.4,28.4,0.0
1790,coral48,1,1221.8,1256.7,28.9,28.9,0.0
1790,coral51,1,383.2,-243.0,23.2,23.2,0.0
1790,coral52,1,391.4,2088.2,29.1,29.1,0.0
1790,coral54,1,1226.3,870.5,21.7,21.7,0.0
1790,coral55,1,16.6,635.0,29.9,29.9,0.0
1790,coral57,1,909.5,949.0,32.3,32.3,0.0
1790,coral59,1,333.5,39.1,33.5,33.5,0.0
1790,manta,2,610.1,697.4,184.5,184.5,0.0
1790,turtle0,2,640.2,-9.0,55.8,55.8,0.0
1790,turtle1,2,310.0,1324.8,55.8,55.8,0.0
1790,school0,2,720.5,279.5,121.5,121.5,0.0
1790,boat,4,555.0,1180.0,61.2,154.8,0.0
1792,island0,5,162.0,329.1,261.0,261.0,0.0
1792,island1,5,1055.2,766.5,145.2,145.2,0.0
1792,island2,5,162.0,968.1,234.9,234.9,0.0
1792,island3,5,1087.8,1085.1,163.7,163.7,0.0
1792,island4,5,1087.8,1485.6,183.0,183.0,0.0
1792,island5,5,141.0,1769.1,241.5,241.5,0.0
1792,island6,5,1113.9,1886.1,209.4,209.4,0.0
1792,island8,5,1009.5,-102.9,156.6,156.6,0.0
1792,island9,5,90.0,2192.1,175.6,175.6,0.0
1792,coral1,1,261.7,663.5,21.3,21.3,0.0
1792,coral4,1,-89.5,1302.0,26.9,26.9,0.0
1792,coral11,1,183.5,1277.4,31.7,31.7,0.0
1792,coral14,1,19.3,1494.2,21.2,21.2,0.0
1792,coral16,1,217.5,-103.0,32.2,32.2,0.0
1792,coral20,1,292.3,1424.7,28.0,28.0,0.0
1792,coral22,1,-7.5,33.1,33.2,33.2,0.0
1792,coral24,1,341.5,1196.7,29.4,29.4,0.0
1792,coral25,1,-158.5,-80.5,37.2,37.2,0.0
1792,coral26,1,1226.4,-35.0,34.4,34.4,0.0
1792,coral28,1,1153.5,173.6,37.9,37.9,0.0
1792,coral30,1,1004.0,417.0,37.9,37.9,0.0
1792,coral32,1,900.2,579.3,29.4,29.4,0.0
1792,coral33,1,-146.2,1546.1,32.7,32.7,0.0
1792,coral34,1,896.8,232.7,31.4,31.4,0.0
1792,coral35,1,-127.5,163.0,18.0,18.0,0.0
1792,coral37,1,-137.0,1125.3,34.2,34.2,0.0
1792,coral41,1,-160.4,2079.8,33.2,33.2,0.0
1792,coral42,1,1173.1,470.7,18.8,18.8,0.0
1792,coral44,1,910.8,1659.9,22.7,22.7,0.0
1792,coral45,1,-100.2,507.0,27.9,27.9,0.0
1792,coral46,1,1194.6,2150.6,31.6,31.6,0.0
1792,coral47,1,1207.0,-205.7,28.4,28.4,0.0
1792,coral48,1,1221.8,1263.9,28.9,28.9,0.0
1792,coral51,1,383.2,-235.8,23.2,23.2,0.0
1792,coral52,1,391.4,2095.4,29.1,29.1,0.0
1792,coral54,1,1226.3,877.6,21.7,21.7,0.0
1792,coral55,1,16.6,642.2,29.9,29.9,0.0
1792,coral57,1,909.5,956.2,32.3,32.3,0.0
1792,coral59,1,333.5,46.3,33.5,33.5,0.0
1792,manta,2,610.9,700.0,184.5,184.5,0.0
1792,turtle0,2,639.0,-5.6,55.8,55.8,0.0
1792,turtle1,2,313.7,1332.5,55.8,55.8,0.0
1792,school0,2,718.0,281.8,121.5,121.5,0.0
1792,boat,4,555.0,1180.0,61.2,154.8,0.0
1794,island0,5,162.0,336.3,261.0,261.0,0.0
1794,island1,5,1055.2,773.7,145.2,145.2,0.0
1794,island2,5,162.0,975.3,234.9,234.9,0.0
1794,island3,5,1087.8,1092.3,163.7,163.7,0.0
1794,island4,5,1087.8,1492.8,183.0,183.0,0.0
1794,island5,5,141.0,1776.3,241.5,241.5,0.0
1794,island6,5,1113.9,1893.3,209.4,209.4,0.0
1794,island8,5,1009.5,-95.7,156.6,156.6,0.0
1794,island9,5,90.0,2199.3,175.6,175.6,0.0
1794,coral1,1,261.7,670.6,21.3,21.3,0.0
1794,coral4,1,-89.5,1309.1,26.9,26.9,0.0
1794,coral11,1,183.5,1284.5,31.7,31.7,0.0
1794,coral14,1,19.3,1501.4,21.2,21.2,0.0
1794,coral16,1,217.5,-95.9,32.2,32.2,0.0
1794,coral20,1,292.3,1431.9,28.0,28.0,0.0
1794,coral22,1,-7.5,40.3,33.2,33.2,0.0
1794,coral24,1,341.5,1203.9,29.4,29.4,0.0
1794,coral25,1,-158.5,-73.3,37.2,37.2,0.0
1794,coral26,1,1226.4,-27.8,34.4,34.4,0.0
1794,coral28,1,1153.5,180.7,37.9,37.9,0.0
1794,coral30,1,1004.0,424.2,37.9,37.9,0.0
1794,coral32,1,900.2,586.5,29.4,29.4,0.0
1794,coral33,1,-146.2,1553.3,32.7,32.7,0.0
1794,coral34,1,896.8,239.8,31.4,31.4,0.0
1794,coral35,1,-127.5,170.2,18.0,18.0,0.0
1794,coral37,1,-137.0,1132.5,34.2,34.2,0.0
1794,coral41,1,-160.4,2087.0,33.2,33.2,0.0
1794,coral42,1,1173.1,477.8,18.8,18.8,0.0
1794,coral44,1,910.8,1667.0,22.7,22.7,0.0
1794,coral45,1,-100.2,514.2,27.9,27.9,0.0
1794,coral46,1,1194.6,2157.8,31.6,31.6,0.0
1794,coral47,1,1207.0,-198.5,28.4,28.4,0.0
1794,coral48,1,1221.8,1271.0,28.9,28.9,0.0
1794,coral51,1,383.2,-228.7,23.2,23.2,0.0
1794,coral52,1,391.4,2102.5,29.1,29.1,0.0
1794,coral54,1,1226.3,884.8,21.7,21.7,0.0
1794,coral55,1,16.6,649.3,29.9,29.9,0.0
1794,coral57,1,909.5,963.3,32.3,32.3,0.0
1794,coral59,1,333.5,53.4,33.5,33.5,0.0
1794,manta,2,611.7,702.6,184.5,184.5,0.0
1794,turtle0,2,637.8,-2.2,55.8,55.8,0.0
1794,turtle1,2,317.5,1340.3,55.8,55.8,0.0
1794,school0,2,715.5,284.2,121.5,121.5,0.0
1794,boat,4,555.0,1180.0,61.2,154.8,0.0
1796,island0,5,162.0,343.4,261.0,261.0,0.0
1796,island1,5,1055.2,780.8,145.2,145.2,0.0
1796,island2,5,162.0,982.4,234.9,234.9,0.0
1796,island3,5,1087.8,1099.4,163.7,163.7,0.0
1796,island4,5,1087.8,1499.9,183.0,183.0,0.0
1796,island5,5,141.0,1783.4,241.5,241.5,0.0
1796,island6,5,1113.9,1900.4,209.4,209.4,0.0
1796,island8,5,1009.5,-88.6,156.6,156.6,0.0
1796,island9,5,90.0,2206.4,175.6,175.6,0.0
1796,coral1,1,261.7,677.8,21.3,21.3,0.0
1796,coral4,1,-89.5,1316.3,26.9,26.9,0.0
1796,coral11,1,183.5,1291.7,31.7,31.7,0.0
1796,coral14,1,19.3,1508.5,21.2,21.2,0.0
1796,coral16,1,217.5,-88.7,32.2,32.2,0.0
1796,coral20,1,292.3,1439.1,28.0,28.0,0.0
1796,coral22,1,-7.5,47.4,33.2,33.2,0.0
1796,coral24,1,341.5,1211.0,29.4,29.4,0.0
1796,coral25,1,-158.5,-66.2,37.2,37.2,0.0
1796,coral26,1,1226.4,-20.7,34.4,34.4,0.0
1796,coral28,1,1153.5,187.9,37.9,37.9,0.0
1796,coral30,1,1004.0,431.3,37.9,37.9,0.0
1796,coral32,1,900.2,593.6,29.4,29.4,0.0
1796,coral33,1,-146.2,1560.4,32.7,32.7,0.0
1796,coral34,1,896.8,247.0,31.4,31.4,0.0
1796,coral35,1,-127.5,177.3,18.0,18.0,0.0
1796,coral37,1,-137.0,1139.6,34.2,34.2,0.0
1796,coral41,1,-160.4,2094.1,33.2,33.2,0.0
1796,coral42,1,1173.1,485.0,18.8,18.8,0.0
1796,coral44,1,910.8,1674.2,22.7,22.7,0.0
1796,coral45,1,-100.2,521.3,27.9,27.9,0.0
1796,coral46,1,1194.6,2164.9,31.6,31.6,0.0
1796,coral47,1,1207.0,-191.4,28.4,28.4,0.0
1796,coral48,1,1221.8,1278.2,28.9,28.9,0.0
1796,coral51,1,383.2,-221.5,23.2,23.2,0.0
1796,coral52,1,391.4,2109.7,29.1,29.1,0.0
1796,coral54,1,1226.3,891.9,21.7,21.7,0.0
1796,coral55,1,16.6,656.5,29.9,29.9,0.0
1796,coral57,1,909.5,970.5,32.3,32.3,0.0
1796,coral59,1,333.5,60.6,33.5,33.5,0.0
1796,manta,2,612.4,705.0,184.5,184.5,0.0
1796,turtle0,2,636.6,1.1,55.8,55.8,0.0
1796,turtle1,2,321.4,1348.0,55.8,55.8,0.0
1796,school0,2,713.1,286.6,121.5,121.5,0.0
1796,boat,4,555.0,1180.0,61.2,154.8,0.0
1798,island0,5,162.0,350.6,261.0,261.0,0.0
1798,island1,5,1055.2,788.0,145.2,145.2,0.0
1798,island2,5,162.0,989.6,234.9,234.9,0.0
1798,island3,5,1087.8,1106.6,163.7,163.7,0.0
1798,island4,5,1087.8,1507.1,183.0,183.0,0.0
1798,island5,5,141.0,1790.6,241.5,241.5,0.0
1798,island6,5,1113.9,1907.6,209.4,209.4,0.0
1798,island8,5,1009.5,-81.4,156.6,156.6,0.0
1798,island9,5,90.0,2213.6,175.6,175.6,0.0
1798,coral1,1,261.7,684.9,21.3,21.3,0.0
1798,coral4,1,-89.5,1323.4,26.9,26.9,0.0
1798,coral11,1,183.5,1298.8,31.7,31.7,0.0
1798,coral14,1,19.3,1515.7,21.2,21.2,0.0
1798,coral16,1,217.5,-81.6,32.2,32.2,0.0
1798,coral20,1,292.3,1446.2,28.0,28.0,0.0
1798,coral22,1,-7.5,54.6,33.2,33.2,0.0
1798,coral24,1,341.5,1218.2,29.4,29.4,0.0
1798,coral25,1,-158.5,-59.0,37.2,37.2,0.0
1798,coral26,1,1226.4,-13.5,34.4,34.4,0.0
1798,coral28,1,1153.5,195.1,37.9,37.9,0.0
1798,coral30,1,1004.0,438.5,37.9,37.9,0.0
1798,coral32,1,900.2,600.8,29.4,29.4,0.0
1798,coral33,1,-146.2,1567.6,32.7,32.7,0.0
1798,coral34,1,896.8,254.1,31.4,31.4,0.0
1798,coral35,1,-127.5,184.5,18.0,18.0,0.0
1798,coral37,1,-137.0,1146.8,34.2,34.2,0.0
1798,coral41,1,-160.4,2101.3,33.2,33.2,0.0
1798,coral42,1,1173.1,492.1,18.8,18.8,0.0
1798,coral44,1,910.8,1681.3,22.7,22.7,0.0
1798,coral45,1,-100.2,528.5,27.9,27.9,0.0
1798,coral46,1,1194.6,2172.1,31.6,31.6,0.0
1798,coral47,1,1207.0,-184.2,28.4,28.4,0.0
1798,coral48,1,1221.8,1285.4,28.9,28.9,0.0
1798,coral51,1,383.2,-214.4,23.2,23.2,0.0
1798,coral52,1,391.4,2116.8,29.1,29.1,0.0
1798,coral54,1,1226.3,899.1,21.7,21.7,0.0
1798,coral55,1,16.6,663.6,29.9,29.9,0.0
1798,coral57,1,909.5,977.6,32.3,32.3,0.0
1798,coral59,1,333.5,67.7,33.5,33.5,0.0
1798,manta,2,612.9,707.3,184.5,184.5,0.0
1798,turtle0,2,635.5,4.5,55.8,55.8,0.0
1798,turtle1,2,325.4,1355.8,55.8,55.8,0.0
1798,school0,2,710.7,288.9,121.5,121.5,0.0
1798,boat,4,555.0,1180.0,61.2,154.8,0.0
1800,island0,5,162.0,357.7,261.0,261.0,0.0
1800,island1,5,1055.2,795.1,145.2,145.2,0.0
1800,island2,5,162.0,996.7,234.9,234.9,0.0
1800,island3,5,1087.8,1113.7,163.7,163.7,0.0
1800,island4,5,1087.8,1514.2,183.0,183.0,0.0
1800,island5,5,141.0,1797.7,241.5,241.5,0.0
1800,island6,5,1113.9,1914.7,209.4,209.4,0.0
1800,island7,5,126.0,-299.3,182.7,182.7,0.0
1800,island8,5,1009.5,-74.3,156.6,156.6,0.0
1800,coral1,1,261.7,692.1,21.3,21.3,0.0
1800,coral4,1,-89.5,1330.6,26.9,26.9,0.0
1800,coral11,1,183.5,1306.0,31.7,31.7,0.0
1800,coral14,1,19.3,1522.8,21.2,21.2,0.0
1800,coral16,1,217.5,-74.4,32.2,32.2,0.0
1800,coral20,1,292.3,1453.4,28.0,28.0,0.0
1800,coral22,1,-7.5,61.7,33.2,33.2,0.0
1800,coral24,1,341.5,1225.3,29.4,29.4,0.0
1800,coral25,1,-158.5,-51.9,37.2,37.2,0.0
1800,coral26,1,1226.4,-6.4,34.4,34.4,0.0
1800,coral28,1,1153.5,202.2,37.9,37.9,0.0
1800,coral30,1,1004.0,445.6,37.9,37.9,0.0
1800,coral32,1,900.2,608.0,29.4,29.4,0.0
1800,coral33,1,-146.2,1574.7,32.7,32.7,0.0
1800,coral34,1,896.8,261.3,31.4,31.4,0.0
1800,coral35,1,-127.5,191.6,18.0,18.0,0.0
1800,coral37,1,-137.0,1153.9,34.2,34.2,0.0
1800,coral41,1,-160.4,2108.4,33.2,33.2,0.0
1800,coral42,1,1173.1,499.3,18.8,18.8,0.0
1800,coral43,1,962.6,-295.4,28.1,28.1,0.0
1800,coral44,1,910.8,1688.5,22.7,22.7,0.0
1800,coral45,1,-100.2,535.6,27.9,27.9,0.0
1800,coral46,1,1194.6,2179.2,31.6,31.6,0.0
1800,coral47,1,1207.0,-177.0,28.4,28.4,0.0
1800,coral48,1,1221.8,1292.5,28.9,28.9,0.0
1800,coral51,1,383.2,-207.2,23.2,23.2,0.0
1800,coral52,1,391.4,2124.0,29.1,29.1,0.0
1800,coral54,1,1226.3,906.3,21.7,21.7,0.0
1800,coral55,1,16.6,670.8,29.9,29.9,0.0
1800,coral57,1,909.5,984.8,32.3,32.3,0.0
1800,coral59,1,333.5,74.9,33.5,33.5,0.0
1800,manta,2,613.4,709.5,184.5,184.5,0.0
1800,turtle0,2,634.4,7.9,55.8,55.8,0.0
1800,turtle1,2,329.3,1363.6,55.8,55.8,0.0
1800,school0,2,708.4,291.1,121.5,121.5,0.0
1800,boat,4,555.0,1180.0,61.2,154.8,0.0
1802,island0,5,162.0,364.9,261.0,261.0,0.0
1802,island1,5,1055.2,802.3,145.2,145.2,0.0
1802,island2,5,162.0,1003.9,234.9,234.9,0.0
1802,island3,5,1087.8,1120.9,163.7,163.7,0.0
1802,island4,5,1087.8,1521.4,183.0,183.0,0.0
1802,island5,5,141.0,1804.9,241.5,241.5,0.0
1802,island6,5,1113.9,1921.9,209.4,209.4,0.0
1802,island7,5,126.0,-292.1,182.7,182.7,0.0
1802,island8,5,1009.5,-67.1,156.6,156.6,0.0
1802,coral1,1,261.7,699.2,21.3,21.3,0.0
1802,coral4,1,-89.5,1337.7,26.9,26.9,0.0
1802,coral11,1,183.5,1313.1,31.7,31.7,0.0
1802,coral14,1,19.3,1530.0,21.2,21.2,0.0
1802,coral16,1,217.5,-67.3,32.2,32.2,0.0
1802,coral20,1,292.3,1460.5,28.0,28.0,0.0
1802,coral22,1,-7.5,68.9,33.2,33.2,0.0
1802,coral24,1,341.5,1232.5,29.4,29.4,0.0
1802,coral25,1,-158.5,-44.7,37.2,37.2,0.0
1802,coral26,1,1226.4,0.8,34.4,34.4,0.0
1802,coral28,1,1153.5,209.4,37.9,37.9,0.0
1802,coral30,1,1004.0,452.8,37.9,37.9,0.0
1802,coral32,1,900.2,615.1,29.4,29.4,0.0
1802,coral33,1,-146.2,1581.9,32.7,32.7,0.0
1802,coral34,1,896.8,268.4,31.4,31.4,0.0
1802,coral35,1,-127.5,198.8,18.0,18.0,0.0
1802,coral37,1,-137.0,1161.1,34.2,34.2,0.0
1802,coral41,1,-160.4,2115.6,33.2,33.2,0.0
1802,coral42,1,1173.1,506.4,18.8,18.8,0.0
1802,coral43,1,962.6,-288.3,28.1,28.1,0.0
1802,coral44,1,910.8,1695.6,22.7,22.7,0.0
1802,coral45,1,-100.2,542.8,27.9,27.9,0.0
1802,coral46,1,1194.6,2186.4,31.6,31.6,0.0
1802,coral47,1,1207.0,-169.9,28.4,28.4,0.0
1802,coral48,1,1221.8,1299.7,28.9,28.9,0.0
1802,coral51,1,383.2,-200.1,23.2,23.2,0.0
1802,coral52,1,391.4,2131.1,29.1,29.1,0.0
1802,coral54,1,1226.3,913.4,21.7,21.7,0.0
1802,coral55,1,16.6,677.9,29.9,29.9,0.0
1802,coral57,1,909.5,991.9,32.3,32.3,0.0
1802,coral59,1,333.5,82.0,33.5,33.5,0.0
1802,manta,2,613.7,711.5,184.5,184.5,0.0
1802,turtle0,2,633.3,11.2,55.8,55.8,0.0
1802,turtle1,2,333.2,1371.5,55.8,55.8,0.0
1802,school0,2,706.2,293.3,121.5,121.5,0.0
1802,boat,4,555.0,1180.0,61.2,154.8,0.0
1804,island0,5,162.0,372.0,261.0,261.0,0.0
1804,island1,5,1055.2,809.4,145.2,145.2,0.0
1804,island2,5,162.0,1011.0,234.9,234.9,0.0
1804,island3,5,1087.8,1128.0,163.7,163.7,0.0
1804,island4,5,1087.8,1528.5,183.0,183.0,0.0
1804,island5,5,141.0,1812.0,241.5,241.5,0.0
1804,island6,5,1113.9,1929.0,209.4,209.4,0.0
1804,island7,5,126.0,-285.0,182.7,182.7,0.0
1804,island8,5,1009.5,-60.0,156.6,156.6,0.0
1804,coral1,1,261.7,706.4,21.3,21.3,0.0
1804,coral4,1,-89.5,1344.9,26.9,26.9,0.0
1804,coral11,1,183.5,1320.3,31.7,31.7,0.0
1804,coral14,1,19.3,1537.1,21.2,21.2,0.0
1804,coral16,1,217.5,-60.1,32.2,32.2,0.0
1804,coral20,1,292.3,1467.7,28.0,28.0,0.0
1804,coral22,1,-7.5,76.0,33.2,33.2,0.0
1804,coral24,1,341.5,1239.6,29.4,29.4,0.0
1804,coral25,1,-158.5,-37.6,37.2,37.2,0.0
1804,coral26,1,1226.4,7.9,34.4,34.4,0.0
1804,coral28,1,1153.5,216.5,37.9,37.9,0.0
1804,coral30,1,1004.0,460.0,37.9,37.9,0.0
1804,coral32,1,900.2,622.3,29.4,29.4,0.0
1804,coral33,1,-146.2,1589.0,32.7,32.7,0.0
1804,coral34,1,896.8,275.6,31.4,31.4,0.0
1804,coral35,1,-127.5,206.0,18.0,18.0,0.0
1804,coral37,1,-137.0,1168.2,34.2,34.2,0.0
1804,coral41,1,-160.4,2122.7,33.2,33.2,0.0
1804,coral42,1,1173.1,513.6,18.8,18.8,0.0
1804,coral43,1,962.6,-281.1,28.1,28.1,0.0
1804,coral44,1,910.8,1702.8,22.7,22.7,0.0
1804,coral45,1,-100.2,549.9,27.9,27.9,0.0
1804,coral46,1,1194.6,2193.6,31.6,31.6,0.0
1804,coral47,1,1207.0,-162.7,28.4,28.4,0.0
1804,coral48,1,1221.8,1306.8,28.9,28.9,0.0
1804,coral51,1,383.2,-192.9,23.2,23.2,0.0
1804,coral52,1,391.4,2138.3,29.1,29.1,0.0
1804,coral54,1,1226.3,920.6,21.7,21.7,0.0
1804,coral55,1,16.6,685.1,29.9,29.9,0.0
1804,coral57,1,909.5,999.1,32.3,32.3,0.0
1804,coral59,1,333.5,89.2,33.5,33.5,0.0
1804,manta,2,614.0,713.4,184.5,184.5,0.0
1804,turtle0,2,632.2,14.5,55.8,55.8,0.0
1804,turtle1,2,337.0,1379.4,55.8,55.8,0.0
1804,school0,2,704.2,295.5,121.5,121.5,0.0
1804,boat,4,555.0,1180.0,61.2,154.8,0.0
1806,island0,5,162.0,379.2,261.0,261.0,0.0
1806,island1,5,1055.2,816.6,145.2,145.2,0.0
1806,island2,5,162.0,1018.2,234.9,234.9,0.0
1806,island3,5,1087.8,1135.2,163.7,163.7,0.0
1806,island4,5,1087.8,1535.7,183.0,183.0,0.0
1806,island5,5,141.0,1819.2,241.5,241.5,0.0
1806,island6,5,1113.9,1936.2,209.4,209.4,0.0
1806,island7,5,126.0,-277.8,182.7,182.7,0.0
1806,island8,5,1009.5,-52.8,156.6,156.6,0.0
1806,coral1,1,261.7,713.5,21.3,21.3,0.0
1806,coral4,1,-89.5,1352.1,26.9,26.9,0.0
1806,coral11,1,183.5,1327.4,31.7,31.7,0.0
1806,coral14,1,19.3,1544.3,21.2,21.2,0.0
1806,coral16,1,217.5,-52.9,32.2,32.2,0.0
1806,coral20,1,292.3,1474.8,28.0,28.0,0.0
1806,coral22,1,-7.5,83.2,33.2,33.2,0.0
1806,coral24,1,341.5,1246.8,29.4,29.4,0.0
1806,coral25,1,-158.5,-30.4,37.2,37.2,0.0
1806,coral26,1,1226.4,15.1,34.4,34.4,0.0
1806,coral28,1,1153.5,223.7,37.9,37.9,0.0
1806,coral30,1,1004.0,467.1,37.9,37.9,0.0
1806,coral32,1,900.2,629.4,29.4,29.4,0.0
1806,coral33,1,-146.2,1596.2,32.7,32.7,0.0
1806,coral34,1,896.8,282.8,31.4,31.4,0.0
1806,coral35,1,-127.5,213.1,18.0,18.0,0.0
1806,coral37,1,-137.0,1175.4,34.2,34.2,0.0
1806,coral41,1,-160.4,2129.9,33.2,33.2,0.0
1806,coral42,1,1173.1,520.8,18.8,18.8,0.0
1806,coral43,1,962.6,-274.0,28.1,28.1,0.0
1806,coral44,1,910.8,1709.9,22.7,22.7,0.0
1806,coral45,1,-100.2,557.1,27.9,27.9,0.0
1806,coral46,1,1194.6,2200.7,31.6,31.6,0.0
1806,coral47,1,1207.0,-155.6,28.4,28.4,0.0
1806,coral48,1,1221.8,1314.0,28.9,28.9,0.0
1806,coral51,1,383.2,-185.8,23.2,23.2,0.0
1806,coral52,1,391.4,2145.4,29.1,29.1,0.0
1806,coral54,1,1226.3,927.7,21.7,21.7,0.0
1806,coral55,1,16.6,692.2,29.9,29.9,0.0
1806,coral57,1,909.5,1006.2,32.3,32.3,0.0
1806,coral59,1,333.5,96.3,33.5,33.5,0.0
1806,manta,2,614.2,715.1,184.5,184.5,0.0
1806,turtle0,2,631.1,17.9,55.8,55.8,0.0
1806,turtle1,2,340.9,1387.4,55.8,55.8,0.0
1806,school0,2,702.3,297.6,121.5,121.5,0.0
1806,boat,4,555.0,1180.0,61.2,154.8,0.0
1808,island0,5,162.0,386.3,261.0,261.0,0.0
1808,island1,5,1055.2,823.7,145.2,145.2,0.0
1808,island2,5,162.0,1025.3,234.9,234.9,0.0
1808,island3,5,1087.8,1142.3,163.7,163.7,0.0
1808,island4,5,1087.8,1542.8,183.0,183.0,0.0
1808,island5,5,141.0,1826.3,241.5,241.5,0.0
1808,island6,5,1113.9,1943.3,209.4,209.4,0.0
1808,island7,5,126.0,-270.7,182.7,182.7,0.0
1808,island8,5,1009.5,-45.7,156.6,156.6,0.0
1808,coral1,1,261.7,720.7,21.3,21.3,0.0
1808,coral4,1,-89.5,1359.2,26.9,26.9,0.0
1808,coral11,1,183.5,1334.6,31.7,31.7,0.0
1808,coral14,1,19.3,1551.5,21.2,21.2,0.0
1808,coral16,1,217.5,-45.8,32.2,32.2,0.0
1808,coral20,1,292.3,1482.0,28.0,28.0,0.0
1808,coral22,1,-7.5,90.3,33.2,33.2,0.0
1808,coral24,1,341.5,1253.9,29.4,29.4,0.0
1808,coral25,1,-158.5,-23.3,37.2,37.2,0.0
1808,coral26,1,1226.4,22.3,34.4,34.4,0.0
1808,coral28,1,1153.5,230.8,37.9,37.9,0.0
1808,coral30,1,1004.0,474.3,37.9,37.9,0.0
1808,coral32,1,900.2,636.6,29.4,29.4,0.0
1808,coral33,1,-146.2,1603.3,32.7,32.7,0.0
1808,coral34,1,896.8,289.9,31.4,31.4,0.0
1808,coral35,1,-127.5,220.3,18.0,18.0,0.0
1808,coral37,1,-137.0,1182.5,34.2,34.2,0.0
1808,coral41,1,-160.4,2137.1,33.2,33.2,0.0
1808,coral42,1,1173.1,527.9,18.8,18.8,0.0
1808,coral43,1,962.6,-266.8,28.1,28.1,0.0
1808,coral44,1,910.8,1717.1,22.7,22.7,0.0
1808,coral45,1,-100.2,564.2,27.9,27.9,0.0
1808,coral46,1,1194.6,2207.9,31.6,31.6,0.0
1808,coral47,1,1207.0,-148.4,28.4,28.4,0.0
1808,coral48,1,1221.8,1321.1,28.9,28.9,0.0
1808,coral51,1,383.2,-178.6,23.2,23.2,0.0
1808,coral52,1,391.4,2152.6,29.1,29.1,0.0
1808,coral54,1,1226.3,934.9,21.7,21.7,0.0
1808,coral55,1,16.6,699.4,29.9,29.9,0.0
1808,coral57,1,909.5,1013.4,32.3,32.3,0.0
1808,coral59,1,333.5,103.5,33.5,33.5,0.0
1808,manta,2,614.2,716.9,184.5,184.5,0.0
1808,turtle0,2,630.1,21.2,55.8,55.8,0.0
1808,turtle1,2,344.8,1395.5,55.8,55.8,0.0
1808,school0,2,700.6,299.6,121.5,121.5,0.0
1808,boat,4,555.0,1180.0,61.2,154.8,0.0
1810,island0,5,162.0,393.5,261.0,261.0,0.0
1810,island1,5,1055.2,830.9,145.2,145.2,0.0
1810,island2,5,162.0,1032.5,234.9,234.9,0.0
1810,island3,5,1087.8,1149.5,163.7,163.7,0.0
1810,island4,5,1087.8,1550.0,183.0,183.0,0.0
1810,island5,5,141.0,1833.5,241.5,241.5,0.0
1810,island6,5,1113.9,1950.5,209.4,209.4,0.0
1810,island7,5,126.0,-263.5,182.7,182.7,0.0
1810,island8,5,1009.5,-38.5,156.6,156.6,0.0
1810,coral1,1,261.7,727.8,21.3,21.3,0.0
1810,coral4,1,-89.5,1366.4,26.9,26.9,0.0
1810,coral10,1,1124.6,-296.7,17.6,17.6,0.0
1810,coral11,1,183.5,1341.7,31.7,31.7,0.0
1810,coral14,1,19.3,1558.6,21.2,21.2,0.0
1810,coral16,1,217.5,-38.6,32.2,32.2,0.0
1810,coral20,1,292.3,1489.1,28.0,28.0,0.0
1810,coral22,1,-7.5,97.5,33.2,33.2,0.0
1810,coral24,1,341.5,1261.1,29.4,29.4,0.0
1810,coral25,1,-158.5,-16.1,37.2,37.2,0.0
1810,coral26,1,1226.4,29.4,34.4,34.4,0.0
1810,coral28,1,1153.5,238.0,37.9,37.9,0.0
1810,coral30,1,1004.0,481.4,37.9,37.9,0.0
1810,coral32,1,900.2,643.7,29.4,29.4,0.0
1810,coral33,1,-146.2,1610.5,32.7,32.7,0.0
1810,coral34,1,896.8,297.1,31.4,31.4,0.0
1810,coral35,1,-127.5,227.4,18.0,18.0,0.0
1810,coral37,1,-137.0,1189.7,34.2,34.2,0.0
1810,coral41,1,-160.4,2144.2,33.2,33.2,0.0
1810,coral42,1,1173.1,535.1,18.8,18.8,0.0
1810,coral43,1,962.6,-259.7,28.1,28.1,0.0
1810,coral44,1,910.8,1724.2,22.7,22.7,0.0
1810,coral45,1,-100.2,571.4,27.9,27.9,0.0
1810,coral46,1,1194.6,2215.0,31.6,31.6,0.0
1810,coral47,1,1207.0,-141.3,28.4,28.4,0.0
1810,coral48,1,1221.8,1328.3,28.9,28.9,0.0
1810,coral51,1,383.2,-171.5,23.2,23.2,0.0
1810,coral52,1,391.4,2159.7,29.1,29.1,0.0
1810,coral54,1,1226.3,942.0,21.7,21.7,0.0
1810,coral55,1,16.6,706.5,29.9,29.9,0.0
1810,coral57,1,909.5,1020.6,32.3,32.3,0.0
1810,coral59,1,333.5,110.6,33.5,33.5,0.0
1810,manta,2,614.1,718.6,184.5,184.5,0.0
1810,turtle0,2,629.0,24.6,55.8,55.8,0.0
1810,turtle1,2,348.6,1403.5,55.8,55.8,0.0
1810,school0,2,699.0,301.6,121.5,121.5,0.0
1810,boat,4,555.0,1180.0,61.2,154.8,0.0
1812,island0,5,162.0,400.6,261.0,261.0,0.0
1812,island1,5,1055.2,838.0,145.2,145.2,0.0
1812,island2,5,162.0,1039.6,234.9,234.9,0.0
1812,island3,5,1087.8,1156.6,163.7,163.7,0.0
1812,island4,5,1087.8,1557.1,183.0,183.0,0.0
1812,island5,5,141.0,1840.6,241.5,241.5,0.0
1812,island6,5,1113.9,1957.6,209.4,209.4,0.0
1812,island7,5,126.0,-256.4,182.7,182.7,0.0
1812,island8,5,1009.5,-31.4,156.6,156.6,0.0
1812,coral1,1,261.7,735.0,21.3,21.3,0.0
1812,coral4,1,-89.5,1373.5,26.9,26.9,0.0
1812,coral10,1,1124.6,-289.5,17.6,17.6,0.0
1812,coral11,1,183.5,1348.9,31.7,31.7,0.0
1812,coral14,1,19.3,1565.8,21.2,21.2,0.0
1812,coral16,1,217.5,-31.5,32.2,32.2,0.0
1812,coral20,1,292.3,1496.3,28.0,28.0,0.0
1812,coral22,1,-7.5,104.7,33.2,33.2,0.0
1812,coral24,1,341.5,1268.3,29.4,29.4,0.0
1812,coral25,1,-158.5,-9.0,37.2,37.2,0.0
1812,coral26,1,1226.4,36.6,34.4,34.4,0.0
1812,coral28,1,1153.5,245.1,37.9,37.9,0.0
1812,coral30,1,1004.0,488.6,37.9,37.9,0.0
1812,coral32,1,900.2,650.9,29.4,29.4,0.0
1812,coral33,1,-146.2,1617.7,32.7,32.7,0.0
1812,coral34,1,896.8,304.2,31.4,31.4,0.0
1812,coral35,1,-127.5,234.6,18.0,18.0,0.0
1812,coral37,1,-137.0,1196.9,34.2,34.2,0.0
1812,coral41,1,-160.4,2151.4,33.2,33.2,0.0
1812,coral42,1,1173.1,542.2,18.8,18.8,0.0
1812,coral43,1,962.6,-252.5,28.1,28.1,0.0
1812,coral44,1,910.8,1731.4,22.7,22.7,0.0
1812,coral45,1,-100.2,578.6,27.9,27.9,0.0
1812,coral47,1,1207.0,-134.1,28.4,28.4,0.0
1812,coral48,1,1221.8,1335.4,28.9,28.9,0.0
1812,coral51,1,383.2,-164.3,23.2,23.2,0.0
1812,coral52,1,391.4,2166.9,29.1,29.1,0.0
1812,coral54,1,1226.3,949.2,21.7,21.7,0.0
1812,coral55,1,16.6,713.7,29.9,29.9,0.0
1812,coral57,1,909.5,1027.7,32.3,32.3,0.0
1812,coral59,1,333.5,117.8,33.5,33.5,0.0
1812,manta,2,613.9,720.4,184.5,184.5,0.0
1812,turtle0,2,628.0,27.9,55.8,55.8,0.0
1812,turtle1,2,352.5,1411.6,55.8,55.8,0.0
1812,school0,2,697.6,303.6,121.5,121.5,0.0
1812,boat,4,555.0,1180.0,61.2,154.8,0.0
1814,island0,5,162.0,407.8,261.0,261.0,0.0
1814,island1,5,1055.2,845.2,145.2,145.2,0.0
1814,island2,5,162.0,1046.8,234.9,234.9,0.0
1814,island3,5,1087.8,1163.8,163.7,163.7,0.0
1814,island4,5,1087.8,1564.3,183.0,183.0,0.0
1814,island5,5,141.0,1847.8,241.5,241.5,0.0
1814,island6,5,1113.9,1964.8,209.4,209.4,0.0
1814,island7,5,126.0,-249.2,182.7,182.7,0.0
1814,island8,5,1009.5,-24.2,156.6,156.6,0.0
1814,coral1,1,261.7,742.2,21.3,21.3,0.0
1814,coral4,1,-89.5,1380.7,26.9,26.9,0.0
1814,coral10,1,1124.6,-282.4,17.6,17.6,0.0
1814,coral11,1,183.5,1356.1,31.7,31.7,0.0
1814,coral14,1,19.3,1572.9,21.2,21.2,0.0
1814,coral16,1,217.5,-24.3,32.2,32.2,0.0
1814,coral20,1,292.3,1503.4,28.0,28.0,0.0
1814,coral22,1,-7.5,111.8,33.2,33.2,0.0
1814,coral24,1,341.5,1275.4,29.4,29.4,0.0
1814,coral25,1,-158.5,-1.8,37.2,37.2,0.0
1814,coral26,1,1226.4,43.7,34.4,34.4,0.0
1814,coral28,1,1153.5,252.3,37.9,37.9,0.0
1814,coral30,1,1004.0,495.7,37.9,37.9,0.0
1814,coral32,1,900.2,658.0,29.4,29.4,0.0
1814,coral33,1,-146.2,1624.8,32.7,32.7,0.0
1814,coral34,1,896.8,311.4,31.4,31.4,0.0
1814,coral35,1,-127.5,241.7,18.0,18.0,0.0
1814,coral37,1,-137.0,1204.0,34.2,34.2,0.0
1814,coral41,1,-160.4,2158.5,33.2,33.2,0.0
1814,coral42,1,1173.1,549.4,18.8,18.8,0.0
1814,coral43,1,962.6,-245.4,28.1,28.1,0.0
1814,coral44,1,910.8,1738.6,22.7,22.7,0.0
1814,coral45,1,-100.2,585.7,27.9,27.9,0.0
1814,coral47,1,1207.0,-127.0,28.4,28.4,0.0
1814,coral48,1,1221.8,1342.6,28.9,28.9,0.0
1814,coral51,1,383.2,-157.1,23.2,23.2,0.0
1814,coral52,1,391.4,2174.1,29.1,29.1,0.0
1814,coral54,1,1226.3,956.3,21.7,21.7,0.0
1814,coral55,1,16.6,720.9,29.9,29.9,0.0
1814,coral57,1,909.5,1034.9,32.3,32.3,0.0
1814,coral59,1,333.5,125.0,33.5,33.5,0.0
1814,manta,2,613.7,722.1,184.5,184.5,0.0
1814,turtle0,2,627.0,31.2,55.8,55.8,0.0
1814,turtle1,2,356.3,1419.6,55.8,55.8,0.0
1814,school0,2,696.2,305.5,121.5,121.5,0.0
1814,boat,4,555.0,1180.0,61.2,154.8,0.0
1816,island0,5,162.0,415.0,261.0,261.0,0.0
1816,island1,5,1055.2,852.4,145.2,145.2,0.0
1816,island2,5,162.0,1054.0,234.9,234.9,0.0
1816,island3,5,1087.8,1171.0,163.7,163.7,0.0
1816,island4,5,1087.8,1571.5,183.0,183.0,0.0
1816,island5,5,141.0,1855.0,241.5,241.5,0.0
1816,island6,5,1113.9,1972.0,209.4,209.4,0.0
1816,island7,5,126.0,-242.0,182.7,182.7,0.0
1816,island8,5,1009.5,-17.0,156.6,156.6,0.0
1816,coral1,1,261.7,749.3,21.3,21.3,0.0
1816,coral4,1,-89.5,1387.8,26.9,26.9,0.0
1816,coral10,1,1124.6,-275.2,17.6,17.6,0.0
1816,coral11,1,183.5,1363.2,31.7,31.7,0.0
1816,coral14,1,19.3,1580.1,21.2,21.2,0.0
1816,coral16,1,217.5,-17.2,32.2,32.2,0.0
1816,coral20,1,292.3,1510.6,28.0,28.0,0.0
1816,coral22,1,-7.5,119.0,33.2,33.2,0.0
1816,coral24,1,341.5,1282.6,29.4,29.4,0.0
1816,coral25,1,-158.5,5.3,37.2,37.2,0.0
1816,coral26,1,1226.4,50.9,34.4,34.4,0.0
1816,coral28,1,1153.5,259.4,37.9,37.9,0.0
1816,coral30,1,1004.0,502.9,37.9,37.9,0.0
1816,coral32,1,900.2,665.2,29.4,29.4,0.0
1816,coral33,1,-146.2,1632.0,32.7,32.7,0.0
1816,coral34,1,896.8,318.5,31.4,31.4,0.0
1816,coral35,1,-127.5,248.9,18.0,18.0,0.0
1816,coral37,1,-137.0,1211.2,34.2,34.2,0.0
1816,coral41,1,-160.4,2165.7,33.2,33.2,0.0
1816,coral42,1,1173.1,556.5,18.8,18.8,0.0
1816,coral43,1,962.6,-238.2,28.1,28.1,0.0
1816,coral44,1,910.8,1745.7,22.7,22.7,0.0
1816,coral45,1,-100.2,592.9,27.9,27.9,0.0
1816,coral47,1,1207.0,-119.8,28.4,28.4,0.0
1816,coral48,1,1221.8,1349.7,28.9,28.9,0.0
1816,coral51,1,383.2,-150.0,23.2,23.2,0.0
1816,coral52,1,391.4,2181.2,29.1,29.1,0.0
1816,coral54,1,1226.3,963.5,21.7,21.7,0.0
1816,coral55,1,16.6,728.0,29.9,29.9,0.0
1816,coral57,1,909.5,1042.0,32.3,32.3,0.0
1816,coral59,1,333.5,132.1,33.5,33.5,0.0
1816,manta,2,613.5,723.9,184.5,184.5,0.0
1816,turtle0,2,625.9,34.6,55.8,55.8,0.0
1816,turtle1,2,360.2,1427.6,55.8,55.8,0.0
1816,school0,2,694.9,307.4,121.5,121.5,0.0
1816,boat,4,555.0,1180.0,61.2,154.8,0.0
1818,island0,5,162.0,422.1,261.0,261.0,0.0
1818,island1,5,1055.2,859.5,145.2,145.2,0.0
1818,island2,5,162.0,1061.1,234.9,234.9,0.0
1818,island3,5,1087.8,1178.1,163.7,163.7,0.0
1818,island4,5,1087.8,1578.6,183.0,183.0,0.0
1818,island5,5,141.0,1862.1,241.5,241.5,0.0
1818,island6,5,1113.9,1979.1,209.4,209.4,0.0
1818,island7,5,126.0,-234.9,182.7,182.7,0.0
1818,island8,5,1009.5,-9.9,156.6,156.6,0.0
1818,coral1,1,261.7,756.5,21.3,21.3,0.0
1818,coral4,1,-89.5,1395.0,26.9,26.9,0.0
1818,coral10,1,1124.6,-268.1,17.6,17.6,0.0
1818,coral11,1,183.5,1370.4,31.7,31.7,0.0
1818,coral14,1,19.3,1587.2,21.2,21.2,0.0
1818,coral16,1,217.5,-10.0,32.2,32.2,0.0
1818,coral20,1,292.3,1517.8,28.0,28.0,0.0
1818,coral22,1,-7.5,126.1,33.2,33.2,0.0
1818,coral24,1,341.5,1289.7,29.4,29.4,0.0
1818,coral25,1,-158.5,12.5,37.2,37.2,0.0
1818,coral26,1,1226.4,58.0,34.4,34.4,0.0
1818,coral28,1,1153.5,266.6,37.9,37.9,0.0
1818,coral30,1,1004.0,510.0,37.9,37.9,0.0
1818,coral32,1,900.2,672.3,29.4,29.4,0.0
1818,coral33,1,-146.2,1639.1,32.7,32.7,0.0
1818,coral34,1,896.8,325.7,31.4,31.4,0.0
1818,coral35,1,-127.5,256.0,18.0,18.0,0.0
1818,coral37,1,-137.0,1218.3,34.2,34.2,0.0
1818,coral41,1,-160.4,2172.8,33.2,33.2,0.0
1818,coral42,1,1173.1,563.7,18.8,18.8,0.0
1818,coral43,1,962.6,-231.1,28.1,28.1,0.0
1818,coral44,1,910.8,1752.9,22.7,22.7,0.0
1818,coral45,1,-100.2,600.0,27.9,27.9,0.0
1818,coral47,1,1207.0,-112.7,28.4,28.4,0.0
1818,coral48,1,1221.8,1356.9,28.9,28.9,0.0
1818,coral51,1,383.2,-142.8,23.2,23.2,0.0
1818,coral52,1,391.4,2188.4,29.1,29.1,0.0
1818,coral54,1,1226.3,970.6,21.7,21.7,0.0
1818,coral55,1,16.6,735.2,29.9,29.9,0.0
1818,coral57,1,909.5,1049.2,32.3,32.3,0.0
1818,coral59,1,333.5,139.3,33.5,33.5,0.0
1818,manta,2,613.2,725.7,184.5,184.5,0.0
1818,turtle0,2,624.9,37.9,55.8,55.8,0.0
1818,turtle1,2,364.1,1435.6,55.8,55.8,0.0
1818,school0,2,693.8,309.3,121.5,121.5,0.0
1818,boat,4,555.0,1180.0,61.2,154.8,0.0
1820,island0,5,162.0,429.3,261.0,261.0,0.0
1820,island1,5,1055.2,866.7,145.2,145.2,0.0
1820,island2,5,162.0,1068.3,234.9,234.9,0.0
1820,island3,5,1087.8,1185.3,163.7,163.7,0.0
1820,island4,5,1087.8,1585.8,183.0,183.0,0.0
1820,island5,5,141.0,1869.3,241.5,241.5,0.0
1820,island6,5,1113.9,1986.3,209.4,209.4,0.0
1820,island7,5,126.0,-227.7,182.7,182.7,0.0
1820,island8,5,1009.5,-2.7,156.6,156.6,0.0
1820,coral1,1,261.7,763.6,21.3,21.3,0.0
1820,coral4,1,-89.5,1402.1,26.9,26.9,0.0
1820,coral10,1,1124.6,-260.9,17.6,17.6,0.0
1820,coral11,1,183.5,1377.5,31.7,31.7,0.0
1820,coral14,1,19.3,1594.4,21.2,21.2,0.0
1820,coral16,1,217.5,-2.9,32.2,32.2,0.0
1820,coral20,1,292.3,1524.9,28.0,28.0,0.0
1820,coral22,1,-7.5,133.3,33.2,33.2,0.0
1820,coral24,1,341.5,1296.9,29.4,29.4,0.0
1820,coral25,1,-158.5,19.7,37.2,37.2,0.0
1820,coral26,1,1226.4,65.2,34.4,34.4,0.0
1820,coral28,1,1153.5,273.8,37.9,37.9,0.0
1820,coral30,1,1004.0,517.2,37.9,37.9,0.0
1820,coral32,1,900.2,679.5,29.4,29.4,0.0
1820,coral33,1,-146.2,1646.3,32.7,32.7,0.0
1820,coral34,1,896.8,332.8,31.4,31.4,0.0
1820,coral35,1,-127.5,263.2,18.0,18.0,0.0
1820,coral37,1,-137.0,1225.5,34.2,34.2,0.0
1820,coral41,1,-160.4,2180.0,33.2,33.2,0.0
1820,coral42,1,1173.1,570.8,18.8,18.8,0.0
1820,coral43,1,962.6,-223.9,28.1,28.1,0.0
1820,coral44,1,910.8,1760.0,22.7,22.7,0.0
1820,coral45,1,-100.2,607.2,27.9,27.9,0.0
1820,coral47,1,1207.0,-105.5,28.4,28.4,0.0
1820,coral48,1,1221.8,1364.1,28.9,28.9,0.0
1820,coral51,1,383.2,-135.7,23.2,23.2,0.0
1820,coral52,1,391.4,2195.5,29.1,29.1,0.0
1820,coral54,1,1226.3,977.8,21.7,21.7,0.0
1820,coral55,1,16.6,742.3,29.9,29.9,0.0
1820,coral57,1,909.5,1056.3,32.3,32.3,0.0
1820,coral59,1,333.5,146.4,33.5,33.5,0.0
1820,manta,2,613.0,727.4,184.5,184.5,0.0
1820,turtle0,2,623.9,41.2,55.8,55.8,0.0
1820,turtle1,2,368.0,1443.5,55.8,55.8,0.0
1820,school0,2,692.7,311.1,121.5,121.5,0.0
1820,boat,4,555.0,1180.0,61.2,154.8,0.0
1822,island0,5,162.0,436.4,261.0,261.0,0.0
1822,island1,5,1055.2,873.8,145.2,145.2,0.0
1822,island2,5,162.0,1075.4,234.9,234.9,0.0
1822,island3,5,1087.8,1192.4,163.7,163.7,0.0
1822,island4,5,1087.8,1592.9,183.0,183.0,0.0
1822,island5,5,141.0,1876.4,241.5,241.5,0.0
1822,island6,5,1113.9,1993.4,209.4,209.4,0.0
1822,island7,5,126.0,-220.6,182.7,182.7,0.0
1822,island8,5,1009.5,4.4,156.6,156.6,0.0
1822,coral1,1,261.7,770.8,21.3,21.3,0.0
1822,coral4,1,-89.5,1409.3,26.9,26.9,0.0
1822,coral10,1,1124.6,-253.7,17.6,17.6,0.0
1822,coral11,1,183.5,1384.7,31.7,31.7,0.0
1822,coral14,1,19.3,1601.5,21.2,21.2,0.0
1822,coral16,1,217.5,4.3,32.2,32.2,0.0
1822,coral20,1,292.3,1532.1,28.0,28.0,0.0
1822,coral22,1,-7.5,140.4,33.2,33.2,0.0
1822,coral24,1,341.5,1304.0,29.4,29.4,0.0
1822,coral25,1,-158.5,26.8,37.2,37.2,0.0
1822,coral26,1,1226.4,72.3,34.4,34.4,0.0
1822,coral28,1,1153.5,280.9,37.9,37.9,0.0
1822,coral30,1,1004.0,524.3,37.9,37.9,0.0
1822,coral32,1,900.2,686.7,29.4,29.4,0.0
1822,coral33,1,-146.2,1653.4,32.7,32.7,0.0
1822,coral34,1,896.8,340.0,31.4,31.4,0.0
1822,coral35,1,-127.5,270.3,18.0,18.0,0.0
1822,coral37,1,-137.0,1232.6,34.2,34.2,0.0
1822,coral41,1,-160.4,2187.1,33.2,33.2,0.0
1822,coral42,1,1173.1,578.0,18.8,18.8,0.0
1822,coral43,1,962.6,-216.7,28.1,28.1,0.0
1822,coral44,1,910.8,1767.2,22.7,22.7,0.0
1822,coral45,1,-100.2,614.3,27.9,27.9,0.0
1822,coral47,1,1207.0,-98.3,28.4,28.4,0.0
1822,coral48,1,1221.8,1371.2,28.9,28.9,0.0
1822,coral51,1,383.2,-128.5,23.2,23.2,0.0
1822,coral52,1,391.4,2202.7,29.1,29.1,0.0
1822,coral54,1,1226.3,984.9,21.7,21.7,0.0
1822,coral55,1,16.6,749.5,29.9,29.9,0.0
1822,coral57,1,909.5,1063.5,32.3,32.3,0.0
1822,coral59,1,333.5,153.6,33.5,33.5,0.0
1822,manta,2,612.8,729.2,184.5,184.5,0.0
1822,turtle0,2,622.8,44.5,55.8,55.8,0.0
1822,turtle1,2,371.9,1451.4,55.8,55.8,0.0
1822,school0,2,691.6,313.0,121.5,121.5,0.0
1822,boat,4,555.0,1180.0,61.2,154.8,0.0
1824,island0,5,162.0,443.6,261.0,261.0,0.0
1824,island1,5,1055.2,881.0,145.2,145.2,0.0
1824,island2,5,162.0,1082.6,234.9,234.9,0.0
1824,island3,5,1087.8,1199.6,163.7,163.7,0.0
1824,island4,5,1087.8,1600.1,183.0,183.0,0.0
1824,island5,5,141.0,1883.6,241.5,241.5,0.0
1824,island6,5,1113.9,2000.6,209.4,209.4,0.0
1824,island7,5,126.0,-213.4,182.7,182.7,0.0
1824,island8,5,1009.5,11.6,156.6,156.6,0.0
1824,coral1,1,261.7,777.9,21.3,21.3,0.0
1824,coral4,1,-89.5,1416.4,26.9,26.9,0.0
1824,coral10,1,1124.6,-246.6,17.6,17.6,0.0
1824,coral11,1,183.5,1391.8,31.7,31.7,0.0
1824,coral14,1,19.3,1608.7,21.2,21.2,0.0
1824,coral16,1,217.5,11.4,32.2,32.2,0.0
1824,coral20,1,292.3,1539.2,28.0,28.0,0.0
1824,coral22,1,-7.5,147.6,33.2,33.2,0.0
1824,coral24,1,341.5,1311.2,29.4,29.4,0.0
1824,coral25,1,-158.5,34.0,37.2,37.2,0.0
1824,coral26,1,1226.4,79.5,34.4,34.4,0.0
1824,coral28,1,1153.5,288.1,37.9,37.9,0.0
1824,coral30,1,1004.0,531.5,37.9,37.9,0.0
1824,coral32,1,900.2,693.8,29.4,29.4,0.0
1824,coral33,1,-146.2,1660.6,32.7,32.7,0.0
1824,coral34,1,896.8,347.1,31.4,31.4,0.0
1824,coral35,1,-127.5,277.5,18.0,18.0,0.0
1824,coral37,1,-137.0,1239.8,34.2,34.2,0.0
1824,coral41,1,-160.4,2194.3,33.2,33.2,0.0
1824,coral42,1,1173.1,585.1,18.8,18.8,0.0
1824,coral43,1,962.6,-209.6,28.1,28.1,0.0
1824,coral44,1,910.8,1774.3,22.7,22.7,0.0
1824,coral45,1,-100.2,621.5,27.9,27.9,0.0
1824,coral47,1,1207.0,-91.2,28.4,28.4,0.0
1824,coral48,1,1221.8,1378.4,28.9,28.9,0.0
1824,coral51,1,383.2,-121.4,23.2,23.2,0.0
1824,coral52,1,391.4,2209.8,29.1,29.1,0.0
1824,coral54,1,1226.3,992.1,21.7,21.7,0.0
1824,coral55,1,16.6,756.6,29.9,29.9,0.0
1824,coral57,1,909.5,1070.6,32.3,32.3,0.0
1824,coral59,1,333.5,160.7,33.5,33.5,0.0
1824,manta,2,612.6,730.9,184.5,184.5,0.0
1824,turtle0,2,621.8,47.9,55.8,55.8,0.0
1824,turtle1,2,375.8,1459.2,55.8,55.8,0.0
1824,school0,2,690.7,314.8,121.5,121.5,0.0
1824,boat,4,555.0,1180.0,61.2,154.8,0.0
1826,island0,5,162.0,450.7,261.0,261.0,0.0
1826,island1,5,1055.2,888.1,145.2,145.2,0.0
1826,island2,5,162.0,1089.7,234.9,234.9,0.0
1826,island3,5,1087.8,1206.7,163.7,163.7,0.0
1826,island4,5,1087.8,1607.2,183.0,183.0,0.0
1826,island5,5,141.0,1890.7,241.5,241.5,0.0
1826,island6,5,1113.9,2007.7,209.4,209.4,0.0
1826,island7,5,126.0,-206.3,182.7,182.7,0.0
1826,island8,5,1009.5,18.7,156.6,156.6,0.0
1826,coral1,1,261.7,785.1,21.3,21.3,0.0
1826,coral4,1,-89.5,1423.6,26.9,26.9,0.0
1826,coral10,1,1124.6,-239.4,17.6,17.6,0.0
1826,coral11,1,183.5,1399.0,31.7,31.7,0.0
1826,coral14,1,19.3,1615.8,21.2,21.2,0.0
1826,coral16,1,217.5,18.6,32.2,32.2,0.0
1826,coral20,1,292.3,1546.4,28.0,28.0,0.0
1826,coral22,1,-7.5,154.7,33.2,33.2,0.0
1826,coral24,1,341.5,1318.3,29.4,29.4,0.0
1826,coral25,1,-158.5,41.1,37.2,37.2,0.0
1826,coral26,1,1226.4,86.6,34.4,34.4,0.0
1826,coral28,1,1153.5,295.2,37.9,37.9,0.0
1826,coral30,1,1004.0,538.6,37.9,37.9,0.0
1826,coral32,1,900.2,701.0,29.4,29.4,0.0
1826,coral33,1,-146.2,1667.7,32.7,32.7,0.0
1826,coral34,1,896.8,354.3,31.4,31.4,0.0
1826,coral35,1,-127.5,284.7,18.0,18.0,0.0
1826,coral37,1,-137.0,1246.9,34.2,34.2,0.0
1826,coral41,1,-160.4,2201.4,33.2,33.2,0.0
1826,coral42,1,1173.1,592.3,18.8,18.8,0.0
1826,coral43,1,962.6,-202.4,28.1,28.1,0.0
1826,coral44,1,910.8,1781.5,22.7,22.7,0.0
1826,coral45,1,-100.2,628.6,27.9,27.9,0.0
1826,coral47,1,1207.0,-84.0,28.4,28.4,0.0
1826,coral48,1,1221.8,1385.5,28.9,28.9,0.0
1826,coral51,1,383.2,-114.2,23.2,23.2,0.0
1826,coral52,1,391.4,2217.0,29.1,29.1,0.0
1826,coral54,1,1226.3,999.3,21.7,21.7,0.0
1826,coral55,1,16.6,763.8,29.9,29.9,0.0
1826,coral57,1,909.5,1077.8,32.3,32.3,0.0
1826,coral59,1,333.5,167.9,33.5,33.5,0.0
1826,manta,2,612.5,732.7,184.5,184.5,0.0
1826,turtle0,2,620.8,51.2,55.8,55.8,0.0
1826,turtle1,2,379.7,1467.0,55.8,55.8,0.0
1826,school0,2,689.8,316.6,121.5,121.5,0.0
1826,boat,4,555.0,1180.0,61.2,154.8,0.0
1828,island0,5,162.0,457.9,261.0,261.0,0.0
1828,island1,5,1055.2,895.3,145.2,145.2,0.0
1828,island2,5,162.0,1096.9,234.9,234.9,0.0
1828,island3,5,1087.8,1213.9,163.7,163.7,0.0
1828,island4,5,1087.8,1614.4,183.0,183.0,0.0
1828,island5,5,141.0,1897.9,241.5,241.5,0.0
1828,island6,5,1113.9,2014.9,209.4,209.4,0.0
1828,island7,5,126.0,-199.1,182.7,182.7,0.0
1828,island8,5,1009.5,25.9,156.6,156.6,0.0
1828,coral1,1,261.7,792.2,21.3,21.3,0.0
1828,coral4,1,-89.5,1430.8,26.9,26.9,0.0
1828,coral10,1,1124.6,-232.3,17.6,17.6,0.0
1828,coral11,1,183.5,1406.1,31.7,31.7,0.0
1828,coral14,1,19.3,1623.0,21.2,21.2,0.0
1828,coral16,1,217.5,25.7,32.2,32.2,0.0
1828,coral20,1,292.3,1553.5,28.0,28.0,0.0
1828,coral22,1,-7.5,161.9,33.2,33.2,0.0
1828,coral24,1,341.5,1325.5,29.4,29.4,0.0
1828,coral25,1,-158.5,48.3,37.2,37.2,0.0
1828,coral26,1,1226.4,93.8,34.4,34.4,0.0
1828,coral28,1,1153.5,302.4,37.9,37.9,0.0
1828,coral30,1,1004.0,545.8,37.9,37.9,0.0
1828,coral32,1,900.2,708.1,29.4,29.4,0.0
1828,coral33,1,-146.2,1674.9,32.7,32.7,0.0
1828,coral34,1,896.8,361.5,31.4,31.4,0.0
1828,coral35,1,-127.5,291.8,18.0,18.0,0.0
1828,coral37,1,-137.0,1254.1,34.2,34.2,0.0
1828,coral41,1,-160.4,2208.6,33.2,33.2,0.0
1828,coral42,1,1173.1,599.4,18.8,18.8,0.0
1828,coral43,1,962.6,-195.3,28.1,28.1,0.0
1828,coral44,1,910.8,1788.6,22.7,22.7,0.0
1828,coral45,1,-100.2,635.8,27.9,27.9,0.0
1828,coral47,1,1207.0,-76.9,28.4,28.4,0.0
1828,coral48,1,1221.8,1392.7,28.9,28.9,0.0
1828,coral51,1,383.2,-107.1,23.2,23.2,0.0
1828,coral54,1,1226.3,1006.4,21.7,21.7,0.0
1828,coral55,1,16.6,770.9,29.9,29.9,0.0
1828,coral57,1,909.5,1084.9,32.3,32.3,0.0
1828,coral59,1,333.5,175.0,33.5,33.5,0.0
1828,manta,2,612.5,734.5,184.5,184.5,0.0
1828,turtle0,2,619.7,54.5,55.8,55.8,0.0
1828,turtle1,2,383.6,1474.7,55.8,55.8,0.0
1828,school0,2,689.0,318.5,121.5,121.5,0.0
1828,boat,4,555.0,1180.0,61.2,154.8,0.0
1830,island0,5,162.0,465.0,261.0,261.0,0.0
1830,island1,5,1055.2,902.4,145.2,145.2,0.0
1830,island2,5,162.0,1104.0,234.9,234.9,0.0
1830,island3,5,1087.8,1221.0,163.7,163.7,0.0
1830,island4,5,1087.8,1621.5,183.0,183.0,0.0
1830,island5,5,141.0,1905.0,241.5,241.5,0.0
1830,island6,5,1113.9,2022.0,209.4,209.4,0.0
1830,island7,5,126.0,-192.0,182.7,182.7,0.0
1830,island8,5,1009.5,33.0,156.6,156.6,0.0
1830,coral1,1,261.7,799.4,21.3,21.3,0.0
1830,coral4,1,-89.5,1437.9,26.9,26.9,0.0
1830,coral10,1,1124.6,-225.1,17.6,17.6,0.0
1830,coral11,1,183.5,1413.3,31.7,31.7,0.0
1830,coral14,1,19.3,1630.2,21.2,21.2,0.0
1830,coral16,1,217.5,32.9,32.2,32.2,0.0
1830,coral20,1,292.3,1560.7,28.0,28.0,0.0
1830,coral22,1,-7.5,169.0,33.2,33.2,0.0
1830,coral24,1,341.5,1332.6,29.4,29.4,0.0
1830,coral25,1,-158.5,55.4,37.2,37.2,0.0
1830,coral26,1,1226.4,100.9,34.4,34.4,0.0
1830,coral28,1,1153.5,309.5,37.9,37.9,0.0
1830,coral30,1,1004.0,553.0,37.9,37.9,0.0
1830,coral32,1,900.2,715.3,29.4,29.4,0.0
1830,coral33,1,-146.2,1682.0,32.7,32.7,0.0
1830,coral34,1,896.8,368.6,31.4,31.4,0.0
1830,coral35,1,-127.5,299.0,18.0,18.0,0.0
1830,coral37,1,-137.0,1261.2,34.2,34.2,0.0
1830,coral41,1,-160.4,2215.8,33.2,33.2,0.0
1830,coral42,1,1173.1,606.6,18.8,18.8,0.0
1830,coral43,1,962.6,-188.1,28.1,28.1,0.0
1830,coral44,1,910.8,1795.8,22.7,22.7,0.0
1830,coral45,1,-100.2,642.9,27.9,27.9,0.0
1830,coral47,1,1207.0,-69.7,28.4,28.4,0.0
1830,coral48,1,1221.8,1399.8,28.9,28.9,0.0
1830,coral51,1,383.2,-99.9,23.2,23.2,0.0
1830,coral54,1,1226.3,1013.6,21.7,21.7,0.0
1830,coral55,1,16.6,778.1,29.9,29.9,0.0
1830,coral57,1,909.5,1092.1,32.3,32.3,0.0
1830,coral59,1,333.5,182.2,33.5,33.5,0.0
1830,manta,2,612.4,736.2,184.5,184.5,0.0
1830,turtle0,2,618.7,57.9,55.8,55.8,0.0
1830,turtle1,2,387.5,1482.5,55.8,55.8,0.0
1830,school0,2,688.3,320.3,121.5,121.5,0.0
1830,boat,4,555.0,1180.0,61.2,154.8,0.0
1832,island0,5,162.0,472.2,261.0,261.0,0.0
1832,island1,5,1055.2,909.6,145.2,145.2,0.0
1832,island2,5,162.0,1111.2,234.9,234.9,0.0
1832,island3,5,1087.8,1228.2,163.7,163.7,0.0
1832,island4,5,1087.8,1628.7,183.0,183.0,0.0
1832,island5,5,141.0,1912.2,241.5,241.5,0.0
1832,island6,5,1113.9,2029.2,209.4,209.4,0.0
1832,island7,5,126.0,-184.8,182.7,182.7,0.0
1832,island8,5,1009.5,40.2,156.6,156.6,0.0
1832,coral1,1,261.7,806.5,21.3,21.3,0.0
1832,coral4,1,-89.5,1445.1,26.9,26.9,0.0
1832,coral10,1,1124.6,-218.0,17.6,17.6,0.0
1832,coral11,1,183.5,1420.4,31.7,31.7,0.0
1832,coral14,1,19.3,1637.3,21.2,21.2,0.0
1832,coral16,1,217.5,40.1,32.2,32.2,0.0
1832,coral20,1,292.3,1567.8,28.0,28.0,0.0
1832,coral22,1,-7.5,176.2,33.2,33.2,0.0
1832,coral24,1,341.5,1339.8,29.4,29.4,0.0
1832,coral25,1,-158.5,62.6,37.2,37.2,0.0
1832,coral26,1,1226.4,108.1,34.4,34.4,0.0
1832,coral28,1,1153.5,316.7,37.9,37.9,0.0
1832,coral30,1,1004.0,560.1,37.9,37.9,0.0
1832,coral32,1,900.2,722.4,29.4,29.4,0.0
1832,coral33,1,-146.2,1689.2,32.7,32.7,0.0
1832,coral34,1,896.8,375.8,31.4,31.4,0.0
1832,coral35,1,-127.5,306.1,18.0,18.0,0.0
1832,coral37,1,-137.0,1268.4,34.2,34.2,0.0
1832,coral42,1,1173.1,613.8,18.8,18.8,0.0
1832,coral43,1,962.6,-181.0,28.1,28.1,0.0
1832,coral44,1,910.8,1802.9,22.7,22.7,0.0
1832,coral45,1,-100.2,650.1,27.9,27.9,0.0
1832,coral47,1,1207.0,-62.6,28.4,28.4,0.0
1832,coral48,1,1221.8,1407.0,28.9,28.9,0.0
1832,coral51,1,383.2,-92.8,23.2,23.2,0.0
1832,coral54,1,1226.3,1020.7,21.7,21.7,0.0
1832,coral55,1,16.6,785.2,29.9,29.9,0.0
1832,coral57,1,909.5,1099.3,32.3,32.3,0.0
1832,coral59,1,333.5,189.3,33.5,33.5,0.0
1832,manta,2,612.4,738.0,184.5,184.5,0.0
1832,turtle0,2,617.7,61.2,55.8,55.8,0.0
1832,turtle1,2,391.4,1490.3,55.8,55.8,0.0
1832,school0,2,687.6,322.1,121.5,121.5,0.0
1832,boat,4,555.0,1180.0,61.2,154.8,0.0
1834,island0,5,162.0,479.3,261.0,261.0,0.0
1834,island1,5,1055.2,916.7,145.2,145.2,0.0
1834,island2,5,162.0,1118.3,234.9,234.9,0.0
1834,island3,5,1087.8,1235.3,163.7,163.7,0.0
1834,island4,5,1087.8,1635.8,183.0,183.0,0.0
1834,island5,5,141.0,1919.3,241.5,241.5,0.0
1834,island6,5,1113.9,2036.3,209.4,209.4,0.0
1834,island7,5,126.0,-177.7,182.7,182.7,0.0
1834,island8,5,1009.5,47.3,156.6,156.6,0.0
1834,coral1,1,261.7,813.7,21.3,21.3,0.0
1834,coral4,1,-89.5,1452.2,26.9,26.9,0.0
1834,coral10,1,1124.6,-210.8,17.6,17.6,0.0
1834,coral11,1,183.5,1427.6,31.7,31.7,0.0
1834,coral14,1,19.3,1644.5,21.2,21.2,0.0
1834,coral16,1,217.5,47.2,32.2,32.2,0.0
1834,coral20,1,292.3,1575.0,28.0,28.0,0.0
1834,coral22,1,-7.5,183.3,33.2,33.2,0.0
1834,coral24,1,341.5,1347.0,29.4,29.4,0.0
1834,coral25,1,-158.5,69.7,37.2,37.2,0.0
1834,coral26,1,1226.4,115.3,34.4,34.4,0.0
1834,coral28,1,1153.5,323.8,37.9,37.9,0.0
1834,coral30,1,1004.0,567.3,37.9,37.9,0.0
1834,coral32,1,900.2,729.6,29.4,29.4,0.0
1834,coral33,1,-146.2,1696.3,32.7,32.7,0.0
1834,coral34,1,896.8,382.9,31.4,31.4,0.0
1834,coral35,1,-127.5,313.3,18.0,18.0,0.0
1834,coral37,1,-137.0,1275.6,34.2,34.2,0.0
1834,coral42,1,1173.1,620.9,18.8,18.8,0.0
1834,coral43,1,962.6,-173.8,28.1,28.1,0.0
1834,coral44,1,910.8,1810.1,22.7,22.7,0.0
1834,coral45,1,-100.2,657.3,27.9,27.9,0.0
1834,coral47,1,1207.0,-55.4,28.4,28.4,0.0
1834,coral48,1,1221.8,1414.1,28.9,28.9,0.0
1834,coral51,1,383.2,-85.6,23.2,23.2,0.0
1834,coral54,1,1226.3,1027.9,21.7,21.7,0.0
1834,coral55,1,16.6,792.4,29.9,29.9,0.0
1834,coral57,1,909.5,1106.4,32.3,32.3,0.0
1834,coral59,1,333.5,196.5,33.5,33.5,0.0
1834,manta,2,612.4,739.7,184.5,184.5,0.0
1834,turtle0,2,616.6,64.5,55.8,55.8,0.0
1834,turtle1,2,395.3,1498.2,55.8,55.8,0.0
1834,school0,2,687.0,323.8,121.5,121.5,0.0
1834,boat,4,555.0,1180.0,61.2,154.8,0.0
1836,island0,5,162.0,486.5,261.0,261.0,0.0
1836,island1,5,1055.2,923.9,145.2,145.2,0.0
1836,island2,5,162.0,1125.5,234.9,234.9,0.0
1836,island3,5,1087.8,1242.5,163.7,163.7,0.0
1836,island4,5,1087.8,1643.0,183.0,183.0,0.0
1836,island5,5,141.0,1926.5,241.5,241.5,0.0
1836,island6,5,1113.9,2043.5,209.4,209.4,0.0
1836,island7,5,126.0,-170.5,182.7,182.7,0.0
1836,island8,5,1009.5,54.5,156.6,156.6,0.0
1836,coral1,1,261.7,820.9,21.3,21.3,0.0
1836,coral4,1,-89.5,1459.4,26.9,26.9,0.0
1836,coral10,1,1124.6,-203.7,17.6,17.6,0.0
1836,coral11,1,183.5,1434.8,31.7,31.7,0.0
1836,coral14,1,19.3,1651.6,21.2,21.2,0.0
1836,coral16,1,217.5,54.4,32.2,32.2,0.0
1836,coral20,1,292.3,1582.1,28.0,28.0,0.0
1836,coral22,1,-7.5,190.5,33.2,33.2,0.0
1836,coral24,1,341.5,1354.1,29.4,29.4,0.0
1836,coral25,1,-158.5,76.9,37.2,37.2,0.0
1836,coral26,1,1226.4,122.4,34.4,34.4,0.0
1836,coral28,1,1153.5,331.0,37.9,37.9,0.0
1836,coral30,1,1004.0,574.4,37.9,37.9,0.0
1836,coral32,1,900.2,736.7,29.4,29.4,0.0
1836,coral33,1,-146.2,1703.5,32.7,32.7,0.0
1836,coral34,1,896.8,390.1,31.4,31.4,0.0
1836,coral35,1,-127.5,320.4,18.0,18.0,0.0
1836,coral37,1,-137.0,1282.7,34.2,34.2,0.0
1836,coral42,1,1173.1,628.1,18.8,18.8,0.0
1836,coral43,1,962.6,-166.7,28.1,28.1,0.0
1836,coral44,1,910.8,1817.2,22.7,22.7,0.0
1836,coral45,1,-100.2,664.4,27.9,27.9,0.0
1836,coral47,1,1207.0,-48.3,28.4,28.4,0.0
1836,coral48,1,1221.8,1421.3,28.9,28.9,0.0
1836,coral51,1,383.2,-78.4,23.2,23.2,0.0
1836,coral54,1,1226.3,1035.0,21.7,21.7,0.0
1836,coral55,1,16.6,799.5,29.9,29.9,0.0
1836,coral57,1,909.5,1113.6,32.3,32.3,0.0
1836,coral59,1,333.5,203.6,33.5,33.5,0.0
1836,manta,2,612.5,741.5,184.5,184.5,0.0
1836,turtle0,2,615.5,67.9,55.8,55.8,0.0
1836,turtle1,2,399.2,1506.1,55.8,55.8,0.0
1836,school0,2,686.5,325.6,121.5,121.5,0.0
1836,boat,4,555.0,1180.0,61.2,154.8,0.0
1838,island0,5,162.0,493.7,261.0,261.0,0.0
1838,island1,5,1055.2,931.1,145.2,145.2,0.0
1838,island2,5,162.0,1132.7,234.9,234.9,0.0
1838,island3,5,1087.8,1249.7,163.7,163.7,0.0
1838,island4,5,1087.8,1650.2,183.0,183.0,0.0
1838,island5,5,141.0,1933.7,241.5,241.5,0.0
1838,island6,5,1113.9,2050.7,209.4,209.4,0.0
1838,island7,5,126.0,-163.3,182.7,182.7,0.0
1838,island8,5,1009.5,61.7,156.6,156.6,0.0
1838,coral1,1,261.7,828.0,21.3,21.3,0.0
1838,coral4,1,-89.5,1466.5,26.9,26.9,0.0
1838,coral10,1,1124.6,-196.5,17.6,17.6,0.0
1838,coral11,1,183.5,1441.9,31.7,31.7,0.0
1838,coral14,1,19.3,1658.8,21.2,21.2,0.0
1838,coral16,1,217.5,61.5,32.2,32.2,0.0
1838,coral20,1,292.3,1589.3,28.0,28.0,0.0
1838,coral22,1,-7.5,197.7,33.2,33.2,0.0
1838,coral24,1,341.5,1361.3,29.4,29.4,0.0
1838,coral25,1,-158.5,84.0,37.2,37.2,0.0
1838,coral26,1,1226.4,129.6,34.4,34.4,0.0
1838,coral28,1,1153.5,338.1,37.9,37.9,0.0
1838,coral30,1,1004.0,581.6,37.9,37.9,0.0
1838,coral32,1,900.2,743.9,29.4,29.4,0.0
1838,coral33,1,-146.2,1710.7,32.7,32.7,0.0
1838,coral34,1,896.8,397.2,31.4,31.4,0.0
1838,coral35,1,-127.5,327.6,18.0,18.0,0.0
1838,coral37,1,-137.0,1289.9,34.2,34.2,0.0
1838,coral42,1,1173.1,635.2,18.8,18.8,0.0
1838,coral43,1,962.6,-159.5,28.1,28.1,0.0
1838,coral44,1,910.8,1824.4,22.7,22.7,0.0
1838,coral45,1,-100.2,671.6,27.9,27.9,0.0
1838,coral47,1,1207.0,-41.1,28.4,28.4,0.0
1838,coral48,1,1221.8,1428.4,28.9,28.9,0.0
1838,coral51,1,383.2,-71.3,23.2,23.2,0.0
1838,coral54,1,1226.3,1042.2,21.7,21.7,0.0
1838,coral55,1,16.6,806.7,29.9,29.9,0.0
1838,coral57,1,909.5,1120.7,32.3,32.3,0.0
1838,coral59,1,333.5,210.8,33.5,33.5,0.0
1838,manta,2,612.6,743.2,184.5,184.5,0.0
1838,turtle0,2,614.5,71.2,55.8,55.8,0.0
1838,turtle1,2,403.1,1514.1,55.8,55.8,0.0
1838,school0,2,686.1,327.4,121.5,121.5,0.0
1838,boat,4,555.0,1180.0,61.2,154.8,0.0
1840,island0,5,162.0,500.8,261.0,261.0,0.0
1840,island1,5,1055.2,938.2,145.2,145.2,0.0
1840,island2,5,162.0,1139.8,234.9,234.9,0.0
1840,island3,5,1087.8,1256.8,163.7,163.7,0.0
1840,island4,5,1087.8,1657.3,183.0,183.0,0.0
1840,island5,5,141.0,1940.8,241.5,241.5,0.0
1840,island6,5,1113.9,2057.8,209.4,209.4,0.0
1840,island7,5,126.0,-156.2,182.7,182.7,0.0
1840,island8,5,1009.5,68.8,156.6,156.6,0.0
1840,coral1,1,261.7,835.2,21.3,21.3,0.0
1840,coral4,1,-89.5,1473.7,26.9,26.9,0.0
1840,coral7,1,-143.3,-298.7,40.8,40.8,0.0
1840,coral10,1,1124.6,-189.4,17.6,17.6,0.0
1840,coral11,1,183.5,1449.1,31.7,31.7,0.0
1840,coral14,1,19.3,1665.9,21.2,21.2,0.0
1840,coral16,1,217.5,68.7,32.2,32.2,0.0
1840,coral20,1,292.3,1596.4,28.0,28.0,0.0
1840,coral22,1,-7.5,204.8,33.2,33.2,0.0
1840,coral24,1,341.5,1368.4,29.4,29.4,0.0
1840,coral25,1,-158.5,91.2,37.2,37.2,0.0
1840,coral26,1,1226.4,136.7,34.4,34.4,0.0
1840,coral28,1,1153.5,345.3,37.9,37.9,0.0
1840,coral30,1,1004.0,588.7,37.9,37.9,0.0
1840,coral32,1,900.2,751.0,29.4,29.4,0.0
1840,coral33,1,-146.2,1717.8,32.7,32.7,0.0
1840,coral34,1,896.8,404.4,31.4,31.4,0.0
1840,coral35,1,-127.5,334.7,18.0,18.0,0.0
1840,coral37,1,-137.0,1297.0,34.2,34.2,0.0
1840,coral42,1,1173.1,642.4,18.8,18.8,0.0
1840,coral43,1,962.6,-152.4,28.1,28.1,0.0
1840,coral44,1,910.8,1831.6,22.7,22.7,0.0
1840,coral45,1,-100.2,678.7,27.9,27.9,0.0
1840,coral47,1,1207.0,-34.0,28.4,28.4,0.0
1840,coral48,1,1221.8,1435.6,28.9,28.9,0.0
1840,coral51,1,383.2,-64.1,23.2,23.2,0.0
1840,coral54,1,1226.3,1049.3,21.7,21.7,0.0
1840,coral55,1,16.6,813.9,29.9,29.9,0.0
1840,coral57,1,909.5,1127.9,32.3,32.3,0.0
1840,coral59,1,333.5,218.0,33.5,33.5,0.0
1840,manta,2,612.7,745.0,184.5,184.5,0.0
1840,turtle0,2,613.4,74.6,55.8,55.8,0.0
1840,turtle1,2,406.9,1522.1,55.8,55.8,0.0
1840,school0,2,685.7,329.2,121.5,121.5,0.0
1840,boat,4,555.0,1180.0,61.2,154.8,0.0
1842,island0,5,162.0,508.0,261.0,261.0,0.0
1842,island1,5,1055.2,945.4,145.2,145.2,0.0
1842,island2,5,162.0,1147.0,234.9,234.9,0.0
1842,island3,5,1087.8,1264.0,163.7,163.7,0.0
1842,island4,5,1087.8,1664.5,183.0,183.0,0.0
1842,island5,5,141.0,1948.0,241.5,241.5,0.0
1842,island6,5,1113.9,2065.0,209.4,209.4,0.0
1842,island7,5,126.0,-149.0,182.7,182.7,0.0
1842,island8,5,1009.5,76.0,156.6,156.6,0.0
1842,coral1,1,261.7,842.3,21.3,21.3,0.0
1842,coral4,1,-89.5,1480.8,26.9,26.9,0.0
1842,coral7,1,-143.3,-291.5,40.8,40.8,0.0
1842,coral10,1,1124.6,-182.2,17.6,17.6,0.0
1842,coral11,1,183.5,1456.2,31.7,31.7,0.0
1842,coral14,1,19.3,1673.1,21.2,21.2,0.0
1842,coral16,1,217.5,75.8,32.2,32.2,0.0
1842,coral20,1,292.3,1603.6,28.0,28.0,0.0
1842,coral22,1,-7.5,212.0,33.2,33.2,0.0
1842,coral24,1,341.5,1375.6,29.4,29.4,0.0
1842,coral25,1,-158.5,98.4,37.2,37.2,0.0
1842,coral26,1,1226.4,143.9,34.4,34.4,0.0
1842,coral28,1,1153.5,352.4,37.9,37.9,0.0
1842,coral30,1,1004.0,595.9,37.9,37.9,0.0
1842,coral32,1,900.2,758.2,29.4,29.4,0.0
1842,coral33,1,-146.2,1725.0,32.7,32.7,0.0
1842,coral34,1,896.8,411.5,31.4,31.4,0.0
1842,coral35,1,-127.5,341.9,18.0,18.0,0.0
1842,coral37,1,-137.0,1304.2,34.2,34.2,0.0
1842,coral42,1,1173.1,649.5,18.8,18.8,0.0
1842,coral43,1,962.6,-145.2,28.1,28.1,0.0
1842,coral44,1,910.8,1838.7,22.7,22.7,0.0
1842,coral45,1,-100.2,685.9,27.9,27.9,0.0
1842,coral47,1,1207.0,-26.8,28.4,28.4,0.0
1842,coral48,1,1221.8,1442.8,28.9,28.9,0.0
1842,coral51,1,383.2,-57.0,23.2,23.2,0.0
1842,coral54,1,1226.3,1056.5,21.7,21.7,0.0
1842,coral55,1,16.6,821.0,29.9,29.9,0.0
1842,coral57,1,909.5,1135.0,32.3,32.3,0.0
1842,coral59,1,333.5,225.1,33.5,33.5,0.0
1842,manta,2,612.8,746.7,184.5,184.5,0.0
1842,turtle0,2,612.3,77.9,55.8,55.8,0.0
1842,turtle1,2,410.8,1530.0,55.8,55.8,0.0
1842,school0,2,685.4,330.9,121.5,121.5,0.0
1842,boat,4,555.0,1180.0,61.2,154.8,0.0
1844,island0,5,162.0,515.1,261.0,261.0,0.0
1844,island1,5,1055.2,952.5,145.2,145.2,0.0
1844,island2,5,162.0,1154.1,234.9,234.9,0.0
1844,island3,5,1087.8,1271.1,163.7,163.7,0.0
1844,island4,5,1087.8,1671.6,183.0,183.0,0.0
1844,island5,5,141.0,1955.1,241.5,241.5,0.0
1844,island6,5,1113.9,2072.1,209.4,209.4,0.0
1844,island7,5,126.0,-141.9,182.7,182.7,0.0
1844,island8,5,1009.5,83.1,156.6,156.6,0.0
1844,coral1,1,261.7,849.5,21.3,21.3,0.0
1844,coral4,1,-89.5,1488.0,26.9,26.9,0.0
1844,coral7,1,-143.3,-284.4,40.8,40.8,0.0
1844,coral10,1,1124.6,-175.1,17.6,17.6,0.0
1844,coral11,1,183.5,1463.4,31.7,31.7,0.0
1844,coral14,1,19.3,1680.2,21.2,21.2,0.0
1844,coral16,1,217.5,83.0,32.2,32.2,0.0
1844,coral20,1,292.3,1610.8,28.0,28.0,0.0
1844,coral22,1,-7.5,219.1,33.2,33.2,0.0
1844,coral24,1,341.5,1382.7,29.4,29.4,0.0
1844,coral25,1,-158.5,105.5,37.2,37.2,0.0
1844,coral26,1,1226.4,151.0,34.4,34.4,0.0
1844,coral28,1,1153.5,359.6,37.9,37.9,0.0
1844,coral30,1,1004.0,603.0,37.9,37.9,0.0
1844,coral32,1,900.2,765.3,29.4,29.4,0.0
1844,coral33,1,-146.2,1732.1,32.7,32.7,0.0
1844,coral34,1,896.8,418.7,31.4,31.4,0.0
1844,coral35,1,-127.5,349.0,18.0,18.0,0.0
1844,coral37,1,-137.0,1311.3,34.2,34.2,0.0
1844,coral42,1,1173.1,656.7,18.8,18.8,0.0
1844,coral43,1,962.6,-138.0,28.1,28.1,0.0
1844,coral44,1,910.8,1845.9,22.7,22.7,0.0
1844,coral45,1,-100.2,693.0,27.9,27.9,0.0
1844,coral47,1,1207.0,-19.6,28.4,28.4,0.0
1844,coral48,1,1221.8,1449.9,28.9,28.9,0.0
1844,coral51,1,383.2,-49.8,23.2,23.2,0.0
1844,coral54,1,1226.3,1063.6,21.7,21.7,0.0
1844,coral55,1,16.6,828.2,29.9,29.9,0.0
1844,coral57,1,909.5,1142.2,32.3,32.3,0.0
1844,coral59,1,333.5,232.3,33.5,33.5,0.0
1844,manta,2,612.9,748.5,184.5,184.5,0.0
1844,turtle0,2,611.2,81.3,55.8,55.8,0.0
1844,turtle1,2,414.7,1538.0,55.8,55.8,0.0
1844,school0,2,685.1,332.7,121.5,121.5,0.0
1844,boat,4,555.0,1180.0,61.2,154.8,0.0
1846,island0,5,162.0,522.3,261.0,261.0,0.0
1846,island1,5,1055.2,959.7,145.2,145.2,0.0
1846,island2,5,162.0,1161.3,234.9,234.9,0.0
1846,island3,5,1087.8,1278.3,163.7,163.7,0.0
1846,island4,5,1087.8,1678.8,183.0,183.0,0.0
1846,island5,5,141.0,1962.3,241.5,241.5,0.0
1846,island6,5,1113.9,2079.3,209.4,209.4,0.0
1846,island7,5,126.0,-134.7,182.7,182.7,0.0
1846,island8,5,1009.5,90.3,156.6,156.6,0.0
1846,coral1,1,261.7,856.6,21.3,21.3,0.0
1846,coral4,1,-89.5,1495.1,26.9,26.9,0.0
1846,coral7,1,-143.3,-277.2,40.8,40.8,0.0
1846,coral10,1,1124.6,-167.9,17.6,17.6,0.0
1846,coral11,1,183.5,1470.5,31.7,31.7,0.0
1846,coral14,1,19.3,1687.4,21.2,21.2,0.0
1846,coral16,1,217.5,90.1,32.2,32.2,0.0
1846,coral20,1,292.3,1617.9,28.0,28.0,0.0
1846,coral22,1,-7.5,226.3,33.2,33.2,0.0
1846,coral24,1,341.5,1389.9,29.4,29.4,0.0
1846,coral25,1,-158.5,112.7,37.2,37.2,0.0
1846,coral26,1,1226.4,158.2,34.4,34.4,0.0
1846,coral28,1,1153.5,366.8,37.9,37.9,0.0
1846,coral30,1,1004.0,610.2,37.9,37.9,0.0
1846,coral32,1,900.2,772.5,29.4,29.4,0.0
1846,coral33,1,-146.2,1739.3,32.7,32.7,0.0
1846,coral34,1,896.8,425.8,31.4,31.4,0.0
1846,coral35,1,-127.5,356.2,18.0,18.0,0.0
1846,coral37,1,-137.0,1318.5,34.2,34.2,0.0
1846,coral42,1,1173.1,663.8,18.8,18.8,0.0
1846,coral43,1,962.6,-130.9,28.1,28.1,0.0
1846,coral44,1,910.8,1853.0,22.7,22.7,0.0
1846,coral45,1,-100.2,700.2,27.9,27.9,0.0
1846,coral47,1,1207.0,-12.5,28.4,28.4,0.0
1846,coral48,1,1221.8,1457.1,28.9,28.9,0.0
1846,coral51,1,383.2,-42.7,23.2,23.2,0.0
1846,coral54,1,1226.3,1070.8,21.7,21.7,0.0
1846,coral55,1,16.6,835.3,29.9,29.9,0.0
1846,coral57,1,909.5,1149.3,32.3,32.3,0.0
1846,coral59,1,333.5,239.4,33.5,33.5,0.0
1846,manta,2,613.1,750.2,184.5,184.5,0.0
1846,turtle0,2,610.1,84.6,55.8,55.8,0.0
1846,turtle1,2,418.6,1545.9,55.8,55.8,0.0
1846,school0,2,684.9,334.4,121.5,121.5,0.0
1846,boat,4,555.0,1180.0,61.2,154.8,0.0
1848,island0,5,162.0,529.4,261.0,261.0,0.0
1848,island1,5,1055.2,966.8,145.2,145.2,0.0
1848,island2,5,162.0,1168.4,234.9,234.9,0.0
1848,island3,5,1087.8,1285.4,163.7,163.7,0.0
1848,island4,5,1087.8,1685.9,183.0,183.0,0.0
1848,island5,5,141.0,1969.4,241.5,241.5,0.0
1848,island6,5,1113.9,2086.4,209.4,209.4,0.0
1848,island7,5,126.0,-127.6,182.7,182.7,0.0
1848,island8,5,1009.5,97.4,156.6,156.6,0.0
1848,coral1,1,261.7,863.8,21.3,21.3,0.0
1848,coral4,1,-89.5,1502.3,26.9,26.9,0.0
1848,coral7,1,-143.3,-270.1,40.8,40.8,0.0
1848,coral10,1,1124.6,-160.7,17.6,17.6,0.0
1848,coral11,1,183.5,1477.7,31.7,31.7,0.0
1848,coral14,1,19.3,1694.5,21.2,21.2,0.0
1848,coral16,1,217.5,97.3,32.2,32.2,0.0
1848,coral20,1,292.3,1625.1,28.0,28.0,0.0
1848,coral22,1,-7.5,233.4,33.2,33.2,0.0
1848,coral24,1,341.5,1397.0,29.4,29.4,0.0
1848,coral25,1,-158.5,119.8,37.2,37.2,0.0
1848,coral26,1,1226.4,165.3,34.4,34.4,0.0
1848,coral28,1,1153.5,373.9,37.9,37.9,0.0
1848,coral30,1,1004.0,617.3,37.9,37.9,0.0
1848,coral32,1,900.2,779.7,29.4,29.4,0.0
1848,coral33,1,-146.2,1746.4,32.7,32.7,0.0
1848,coral34,1,896.8,433.0,31.4,31.4,0.0
1848,coral35,1,-127.5,363.3,18.0,18.0,0.0
1848,coral37,1,-137.0,1325.6,34.2,34.2,0.0
1848,coral42,1,1173.1,671.0,18.8,18.8,0.0
1848,coral43,1,962.6,-123.7,28.1,28.1,0.0
1848,coral44,1,910.8,1860.2,22.7,22.7,0.0
1848,coral45,1,-100.2,707.3,27.9,27.9,0.0
1848,coral47,1,1207.0,-5.3,28.4,28.4,0.0
1848,coral48,1,1221.8,1464.2,28.9,28.9,0.0
1848,coral51,1,383.2,-35.5,23.2,23.2,0.0
1848,coral54,1,1226.3,1078.0,21.7,21.7,0.0
1848,coral55,1,16.6,842.5,29.9,29.9,0.0
1848,coral57,1,909.5,1156.5,32.3,32.3,0.0
1848,coral59,1,333.5,246.6,33.5,33.5,0.0
1848,manta,2,613.2,752.0,184.5,184.5,0.0
1848,turtle0,2,608.9,88.0,55.8,55.8,0.0
1848,turtle1,2,422.5,1553.8,55.8,55.8,0.0
1848,school0,2,684.8,336.2,121.5,121.5,0.0
1848,boat,4,555.0,1180.0,61.2,154.8,0.0
1850,island0,5,162.0,536.6,261.0,261.0,0.0
1850,island1,5,1055.2,974.0,145.2,145.2,0.0
1850,island2,5,162.0,1175.6,234.9,234.9,0.0
1850,island3,5,1087.8,1292.6,163.7,163.7,0.0
1850,island4,5,1087.8,1693.1,183.0,183.0,0.0
1850,island5,5,141.0,1976.6,241.5,241.5,0.0
1850,island6,5,1113.9,2093.6,209.4,209.4,0.0
1850,island7,5,126.0,-120.4,182.7,182.7,0.0
1850,island8,5,1009.5,104.6,156.6,156.6,0.0
1850,coral1,1,261.7,870.9,21.3,21.3,0.0
1850,coral4,1,-89.5,1509.5,26.9,26.9,0.0
1850,coral7,1,-143.3,-262.9,40.8,40.8,0.0
1850,coral10,1,1124.6,-153.6,17.6,17.6,0.0
1850,coral11,1,183.5,1484.8,31.7,31.7,0.0
1850,coral14,1,19.3,1701.7,21.2,21.2,0.0
1850,coral16,1,217.5,104.4,32.2,32.2,0.0
1850,coral20,1,292.3,1632.2,28.0,28.0,0.0
1850,coral22,1,-7.5,240.6,33.2,33.2,0.0
1850,coral24,1,341.5,1404.2,29.4,29.4,0.0
1850,coral25,1,-158.5,127.0,37.2,37.2,0.0
1850,coral26,1,1226.4,172.5,34.4,34.4,0.0
1850,coral28,1,1153.5,381.1,37.9,37.9,0.0
1850,coral30,1,1004.0,624.5,37.9,37.9,0.0
1850,coral32,1,900.2,786.8,29.4,29.4,0.0
1850,coral33,1,-146.2,1753.6,32.7,32.7,0.0
1850,coral34,1,896.8,440.1,31.4,31.4,0.0
1850,coral35,1,-127.5,370.5,18.0,18.0,0.0
1850,coral37,1,-137.0,1332.8,34.2,34.2,0.0
1850,coral42,1,1173.1,678.1,18.8,18.8,0.0
1850,coral43,1,962.6,-116.6,28.1,28.1,0.0
1850,coral44,1,910.8,1867.3,22.7,22.7,0.0
1850,coral45,1,-100.2,714.5,27.9,27.9,0.0
1850,coral47,1,1207.0,1.8,28.4,28.4,0.0
1850,coral48,1,1221.8,1471.4,28.9,28.9,0.0
1850,coral51,1,383.2,-28.4,23.2,23.2,0.0
1850,coral54,1,1226.3,1085.1,21.7,21.7,0.0
1850,coral55,1,16.6,849.6,29.9,29.9,0.0
1850,coral57,1,909.5,1163.6,32.3,32.3,0.0
1850,coral59,1,333.5,253.7,33.5,33.5,0.0
1850,manta,2,613.4,753.8,184.5,184.5,0.0
1850,turtle0,2,607.8,91.4,55.8,55.8,0.0
1850,turtle1,2,426.4,1561.6,55.8,55.8,0.0
1850,school0,2,684.8,338.0,121.5,121.5,0.0
1850,boat,4,555.0,1180.0,61.2,154.8,0.0
1852,island0,5,162.0,543.7,261.0,261.0,0.0
1852,island1,5,1055.2,981.1,145.2,145.2,0.0
1852,island2,5,162.0,1182.7,234.9,234.9,0.0
1852,island3,5,1087.8,1299.7,163.7,163.7,0.0
1852,island4,5,1087.8,1700.2,183.0,183.0,0.0
1852,island5,5,141.0,1983.7,241.5,241.5,0.0
1852,island6,5,1113.9,2100.7,209.4,209.4,0.0
1852,island7,5,126.0,-113.3,182.7,182.7,0.0
1852,island8,5,1009.5,111.7,156.6,156.6,0.0
1852,coral1,1,261.7,878.1,21.3,21.3,0.0
1852,coral4,1,-89.5,1516.6,26.9,26.9,0.0
1852,coral7,1,-143.3,-255.8,40.8,40.8,0.0
1852,coral10,1,1124.6,-146.4,17.6,17.6,0.0
1852,coral11,1,183.5,1492.0,31.7,31.7,0.0
1852,coral14,1,19.3,1708.8,21.2,21.2,0.0
1852,coral16,1,217.5,111.6,32.2,32.2,0.0
1852,coral20,1,292.3,1639.4,28.0,28.0,0.0
1852,coral22,1,-7.5,247.7,33.2,33.2,0.0
1852,coral24,1,341.5,1411.3,29.4,29.4,0.0
1852,coral25,1,-158.5,134.1,37.2,37.2,0.0
1852,coral26,1,1226.4,179.6,34.4,34.4,0.0
1852,coral28,1,1153.5,388.2,37.9,37.9,0.0
1852,coral30,1,1004.0,631.7,37.9,37.9,0.0
1852,coral32,1,900.2,794.0,29.4,29.4,0.0
1852,coral33,1,-146.2,1760.7,32.7,32.7,0.0
1852,coral34,1,896.8,447.3,31.4,31.4,0.0
1852,coral35,1,-127.5,377.7,18.0,18.0,0.0
1852,coral37,1,-137.0,1339.9,34.2,34.2,0.0
1852,coral42,1,1173.1,685.3,18.8,18.8,0.0
1852,coral43,1,962.6,-109.4,28.1,28.1,0.0
1852,coral44,1,910.8,1874.5,22.7,22.7,0.0
1852,coral45,1,-100.2,721.6,27.9,27.9,0.0
1852,coral47,1,1207.0,9.0,28.4,28.4,0.0
1852,coral48,1,1221.8,1478.5,28.9,28.9,0.0
1852,coral51,1,383.2,-21.2,23.2,23.2,0.0
1852,coral54,1,1226.3,1092.3,21.7,21.7,0.0
1852,coral55,1,16.6,856.8,29.9,29.9,0.0
1852,coral57,1,909.5,1170.8,32.3,32.3,0.0
1852,coral59,1,333.5,260.9,33.5,33.5,0.0
1852,manta,2,613.7,755.5,184.5,184.5,0.0
1852,turtle0,2,606.6,94.7,55.8,55.8,0.0
1852,turtle1,2,430.3,1569.3,55.8,55.8,0.0
1852,school0,2,684.8,339.7,121.5,121.5,0.0
1852,boat,4,555.0,1180.0,61.2,154.8,0.0
1854,island0,5,162.0,550.9,261.0,261.0,0.0
1854,island1,5,1055.2,988.3,145.2,145.2,0.0
1854,island2,5,162.0,1189.9,234.9,234.9,0.0
1854,island3,5,1087.8,1306.9,163.7,163.7,0.0
1854,island4,5,1087.8,1707.4,183.0,183.0,0.0
1854,island5,5,141.0,1990.9,241.5,241.5,0.0
1854,island6,5,1113.9,2107.9,209.4,209.4,0.0
1854,island7,5,126.0,-106.1,182.7,182.7,0.0
1854,island8,5,1009.5,118.9,156.6,156.6,0.0
1854,coral1,1,261.7,885.2,21.3,21.3,0.0
1854,coral4,1,-89.5,1523.8,26.9,26.9,0.0
1854,coral7,1,-143.3,-248.6,40.8,40.8,0.0
1854,coral10,1,1124.6,-139.3,17.6,17.6,0.0
1854,coral11,1,183.5,1499.1,31.7,31.7,0.0
1854,coral14,1,19.3,1716.0,21.2,21.2,0.0
1854,coral16,1,217.5,118.8,32.2,32.2,0.0
1854,coral20,1,292.3,1646.5,28.0,28.0,0.0
1854,coral22,1,-7.5,254.9,33.2,33.2,0.0
1854,coral24,1,341.5,1418.5,29.4,29.4,0.0
1854,coral25,1,-158.5,141.3,37.2,37.2,0.0
1854,coral26,1,1226.4,186.8,34.4,34.4,0.0
1854,coral28,1,1153.5,395.4,37.9,37.9,0.0
1854,coral30,1,1004.0,638.8,37.9,37.9,0.0
1854,coral32,1,900.2,801.1,29.4,29.4,0.0
1854,coral33,1,-146.2,1767.9,32.7,32.7,0.0
1854,coral34,1,896.8,454.5,31.4,31.4,0.0
1854,coral35,1,-127.5,384.8,18.0,18.0,0.0
1854,coral37,1,-137.0,1347.1,34.2,34.2,0.0
1854,coral42,1,1173.1,692.5,18.8,18.8,0.0
1854,coral43,1,962.6,-102.3,28.1,28.1,0.0
1854,coral44,1,910.8,1881.6,22.7,22.7,0.0
1854,coral45,1,-100.2,728.8,27.9,27.9,0.0
1854,coral47,1,1207.0,16.1,28.4,28.4,0.0
1854,coral48,1,1221.8,1485.7,28.9,28.9,0.0
1854,coral51,1,383.2,-14.1,23.2,23.2,0.0
1854,coral54,1,1226.3,1099.4,21.7,21.7,0.0
1854,coral55,1,16.6,863.9,29.9,29.9,0.0
1854,coral57,1,909.5,1177.9,32.3,32.3,0.0
1854,coral59,1,333.5,268.0,33.5,33.5,0.0
1854,manta,2,614.0,757.3,184.5,184.5,0.0
1854,turtle0,2,605.4,98.1,55.8,55.8,0.0
1854,turtle1,2,434.2,1576.9,55.8,55.8,0.0
1854,school0,2,685.0,341.5,121.5,121.5,0.0
1854,boat,4,555.0,1180.0,61.2,154.8,0.0
1856,island0,5,162.0,558.0,261.0,261.0,0.0
1856,island1,5,1055.2,995.4,145.2,145.2,0.0
1856,island2,5,162.0,1197.0,234.9,234.9,0.0
1856,island3,5,1087.8,1314.0,163.7,163.7,0.0
1856,island4,5,1087.8,1714.5,183.0,183.0,0.0
1856,island5,5,141.0,1998.0,241.5,241.5,0.0
1856,island6,5,1113.9,2115.0,209.4,209.4,0.0
1856,island7,5,126.0,-99.0,182.7,182.7,0.0
1856,island8,5,1009.5,126.0,156.6,156.6,0.0
1856,coral1,1,261.7,892.4,21.3,21.3,0.0
1856,coral4,1,-89.5,1530.9,26.9,26.9,0.0
1856,coral7,1,-143.3,-241.4,40.8,40.8,0.0
1856,coral10,1,1124.6,-132.1,17.6,17.6,0.0
1856,coral11,1,183.5,1506.3,31.7,31.7,0.0
1856,coral14,1,19.3,1723.2,21.2,21.2,0.0
1856,coral16,1,217.5,125.9,32.2,32.2,0.0
1856,coral20,1,292.3,1653.7,28.0,28.0,0.0
1856,coral22,1,-7.5,262.0,33.2,33.2,0.0
1856,coral24,1,341.5,1425.7,29.4,29.4,0.0
1856,coral25,1,-158.5,148.4,37.2,37.2,0.0
1856,coral26,1,1226.4,194.0,34.4,34.4,0.0
1856,coral28,1,1153.5,402.5,37.9,37.9,0.0
1856,coral30,1,1004.0,646.0,37.9,37.9,0.0
1856,coral32,1,900.2,808.3,29.4,29.4,0.0
1856,coral33,1,-146.2,1775.0,32.7,32.7,0.0
1856,coral34,1,896.8,461.6,31.4,31.4,0.0
1856,coral35,1,-127.5,392.0,18.0,18.0,0.0
1856,coral37,1,-137.0,1354.3,34.2,34.2,0.0
1856,coral42,1,1173.1,699.6,18.8,18.8,0.0
1856,coral43,1,962.6,-95.1,28.1,28.1,0.0
1856,coral44,1,910.8,1888.8,22.7,22.7,0.0
1856,coral45,1,-100.2,735.9,27.9,27.9,0.0
1856,coral47,1,1207.0,23.3,28.4,28.4,0.0
1856,coral48,1,1221.8,1492.8,28.9,28.9,0.0
1856,coral51,1,383.2,-6.9,23.2,23.2,0.0
1856,coral54,1,1226.3,1106.6,21.7,21.7,0.0
1856,coral55,1,16.6,871.1,29.9,29.9,0.0
1856,coral57,1,909.5,1185.1,32.3,32.3,0.0
1856,coral59,1,333.5,275.2,33.5,33.5,0.0
1856,manta,2,614.4,759.1,184.5,184.5,0.0
1856,turtle0,2,604.2,101.5,55.8,55.8,0.0
1856,turtle1,2,438.2,1584.3,55.8,55.8,0.0
1856,school0,2,685.1,343.2,121.5,121.5,0.0
1856,boat,4,555.0,1180.0,61.2,154.8,0.0
1858,island0,5,162.0,565.2,261.0,261.0,0.0
1858,island1,5,1055.2,1002.6,145.2,145.2,0.0
1858,island2,5,162.0,1204.2,234.9,234.9,0.0
1858,island3,5,1087.8,1321.2,163.7,163.7,0.0
1858,island4,5,1087.8,1721.7,183.0,183.0,0.0
1858,island5,5,141.0,2005.2,241.5,241.5,0.0
1858,island6,5,1113.9,2122.2,209.4,209.4,0.0
1858,island7,5,126.0,-91.8,182.7,182.7,0.0
1858,island8,5,1009.5,133.2,156.6,156.6,0.0
1858,coral1,1,261.7,899.6,21.3,21.3,0.0
1858,coral4,1,-89.5,1538.1,26.9,26.9,0.0
1858,coral7,1,-143.3,-234.3,40.8,40.8,0.0
1858,coral10,1,1124.6,-125.0,17.6,17.6,0.0
1858,coral11,1,183.5,1513.4,31.7,31.7,0.0
1858,coral14,1,19.3,1730.3,21.2,21.2,0.0
1858,coral16,1,217.5,133.1,32.2,32.2,0.0
1858,coral20,1,292.3,1660.8,28.0,28.0,0.0
1858,coral22,1,-7.5,269.2,33.2,33.2,0.0
1858,coral24,1,341.5,1432.8,29.4,29.4,0.0
1858,coral25,1,-158.5,155.6,37.2,37.2,0.0
1858,coral26,1,1226.4,201.1,34.4,34.4,0.0
1858,coral28,1,1153.5,409.7,37.9,37.9,0.0
1858,coral30,1,1004.0,653.1,37.9,37.9,0.0
1858,coral32,1,900.2,815.4,29.4,29.4,0.0
1858,coral33,1,-146.2,1782.2,32.7,32.7,0.0
1858,coral34,1,896.8,468.8,31.4,31.4,0.0
1858,coral35,1,-127.5,399.1,18.0,18.0,0.0
1858,coral37,1,-137.0,1361.4,34.2,34.2,0.0
1858,coral42,1,1173.1,706.8,18.8,18.8,0.0
1858,coral43,1,962.6,-88.0,28.1,28.1,0.0
1858,coral44,1,910.8,1895.9,22.7,22.7,0.0
1858,coral45,1,-100.2,743.1,27.9,27.9,0.0
1858,coral47,1,1207.0,30.4,28.4,28.4,0.0
1858,coral48,1,1221.8,1500.0,28.9,28.9,0.0
1858,coral51,1,383.2,0.3,23.2,23.2,0.0
1858,coral54,1,1226.3,1113.7,21.7,21.7,0.0
1858,coral55,1,16.6,878.2,29.9,29.9,0.0
1858,coral57,1,909.5,1192.3,32.3,32.3,0.0
1858,coral59,1,333.5,282.3,33.5,33.5,0.0
1858,manta,2,614.9,760.8,184.5,184.5,0.0
1858,turtle0,2,602.9,104.9,55.8,55.8,0.0
1858,turtle1,2,442.1,1591.6,55.8,55.8,0.0
1858,school0,2,685.4,345.0,121.5,121.5,0.0
1858,boat,4,555.0,1180.0,61.2,154.8,0.0
1860,island0,5,162.0,572.3,261.0,261.0,0.0
1860,island1,5,1055.2,1009.7,145.2,145.2,0.0
1860,island2,5,162.0,1211.3,234.9,234.9,0.0
1860,island3,5,1087.8,1328.3,163.7,163.7,0.0
1860,island4,5,1087.8,1728.8,183.0,183.0,0.0
1860,island5,5,141.0,2012.3,241.5,241.5,0.0
1860,island6,5,1113.9,2129.3,209.4,209.4,0.0
1860,island7,5,126.0,-84.7,182.7,182.7,0.0
1860,island8,5,1009.5,140.3,156.6,156.6,0.0
1860,coral1,1,261.7,906.7,21.3,21.3,0.0
1860,coral2,1,1112.9,-293.9,28.8,28.8,0.0
1860,coral4,1,-89.5,1545.2,26.9,26.9,0.0
1860,coral7,1,-143.3,-227.1,40.8,40.8,0.0
1860,coral10,1,1124.6,-117.8,17.6,17.6,0.0
1860,coral11,1,183.5,1520.6,31.7,31.7,0.0
1860,coral14,1,19.3,1737.5,21.2,21.2,0.0
1860,coral16,1,217.5,140.2,32.2,32.2,0.0
1860,coral20,1,292.3,1668.0,28.0,28.0,0.0
1860,coral22,1,-7.5,276.4,33.2,33.2,0.0
1860,coral24,1,341.5,1440.0,29.4,29.4,0.0
1860,coral25,1,-158.5,162.7,37.2,37.2,0.0
1860,coral26,1,1226.4,208.3,34.4,34.4,0.0
1860,coral28,1,1153.5,416.8,37.9,37.9,0.0
1860,coral30,1,1004.0,660.3,37.9,37.9,0.0
1860,coral32,1,900.2,822.6,29.4,29.4,0.0
1860,coral33,1,-146.2,1789.4,32.7,32.7,0.0
1860,coral34,1,896.8,475.9,31.4,31.4,0.0
1860,coral35,1,-127.5,406.3,18.0,18.0,0.0
1860,coral37,1,-137.0,1368.6,34.2,34.2,0.0
1860,coral42,1,1173.1,713.9,18.8,18.8,0.0
1860,coral43,1,962.6,-80.8,28.1,28.1,0.0
1860,coral44,1,910.8,1903.1,22.7,22.7,0.0
1860,coral45,1,-100.2,750.3,27.9,27.9,0.0
1860,coral47,1,1207.0,37.6,28.4,28.4,0.0
1860,coral48,1,1221.8,1507.1,28.9,28.9,0.0
1860,coral51,1,383.2,7.4,23.2,23.2,0.0
1860,coral54,1,1226.3,1120.9,21.7,21.7,0.0
1860,coral55,1,16.6,885.4,29.9,29.9,0.0
1860,coral57,1,909.5,1199.4,32.3,32.3,0.0
1860,coral59,1,333.5,289.5,33.5,33.5,0.0
1860,manta,2,615.5,762.6,184.5,184.5,0.0
1860,turtle0,2,601.7,108.3,55.8,55.8,0.0
1860,turtle1,2,446.1,1598.9,55.8,55.8,0.0
1860,school0,2,685.8,346.8,121.5,121.5,0.0
1860,boat,4,555.0,1180.0,61.2,154.8,0.0
1862,island0,5,162.0,579.5,261.0,261.0,0.0
1862,island1,5,1055.2,1016.9,145.2,145.2,0.0
1862,island2,5,162.0,1218.5,234.9,234.9,0.0
1862,island3,5,1087.8,1335.5,163.7,163.7,0.0
1862,island4,5,1087.8,1736.0,183.0,183.0,0.0
1862,island5,5,141.0,2019.5,241.5,241.5,0.0
1862,island6,5,1113.9,2136.5,209.4,209.4,0.0
1862,island7,5,126.0,-77.5,182.7,182.7,0.0
1862,island8,5,1009.5,147.5,156.6,156.6,0.0
1862,coral1,1,261.7,913.9,21.3,21.3,0.0
1862,coral2,1,1112.9,-286.8,28.8,28.8,0.0
1862,coral4,1,-89.5,1552.4,26.9,26.9,0.0
1862,coral7,1,-143.3,-220.0,40.8,40.8,0.0
1862,coral10,1,1124.6,-110.7,17.6,17.6,0.0
1862,coral11,1,183.5,1527.8,31.7,31.7,0.0
1862,coral14,1,19.3,1744.6,21.2,21.2,0.0
1862,coral16,1,217.5,147.4,32.2,32.2,0.0
1862,coral20,1,292.3,1675.1,28.0,28.0,0.0
1862,coral22,1,-7.5,283.5,33.2,33.2,0.0
1862,coral24,1,341.5,1447.1,29.4,29.4,0.0
1862,coral25,1,-158.5,169.9,37.2,37.2,0.0
1862,coral26,1,1226.4,215.4,34.4,34.4,0.0
1862,coral28,1,1153.5,424.0,37.9,37.9,0.0
1862,coral30,1,1004.0,667.4,37.9,37.9,0.0
1862,coral32,1,900.2,829.7,29.4,29.4,0.0
1862,coral33,1,-146.2,1796.5,32.7,32.7,0.0
1862,coral34,1,896.8,483.1,31.4,31.4,0.0
1862,coral35,1,-127.5,413.4,18.0,18.0,0.0
1862,coral37,1,-137.0,1375.7,34.2,34.2,0.0
1862,coral42,1,1173.1,721.1,18.8,18.8,0.0
1862,coral43,1,962.6,-73.7,28.1,28.1,0.0
1862,coral44,1,910.8,1910.3,22.7,22.7,0.0
1862,coral45,1,-100.2,757.4,27.9,27.9,0.0
1862,coral47,1,1207.0,44.7,28.4,28.4,0.0
1862,coral48,1,1221.8,1514.3,28.9,28.9,0.0
1862,coral51,1,383.2,14.6,23.2,23.2,0.0
1862,coral54,1,1226.3,1128.0,21.7,21.7,0.0
1862,coral55,1,16.6,892.6,29.9,29.9,0.0
1862,coral57,1,909.5,1206.6,32.3,32.3,0.0
1862,coral59,1,333.5,296.7,33.5,33.5,0.0
1862,manta,2,616.3,764.4,184.5,184.5,0.0
1862,turtle0,2,600.4,111.7,55.8,55.8,0.0
1862,turtle1,2,450.0,1606.1,55.8,55.8,0.0
1862,school0,2,686.2,348.5,121.5,121.5,0.0
1862,boat,4,555.0,1180.0,61.2,154.8,0.0
1864,island0,5,162.0,586.7,261.0,261.0,0.0
1864,island1,5,1055.2,1024.1,145.2,145.2,0.0
1864,island2,5,162.0,1225.7,234.9,234.9,0.0
1864,island3,5,1087.8,1342.7,163.7,163.7,0.0
1864,island4,5,1087.8,1743.2,183.0,183.0,0.0
1864,island5,5,141.0,2026.7,241.5,241.5,0.0
1864,island6,5,1113.9,2143.7,209.4,209.4,0.0
1864,island7,5,126.0,-70.3,182.7,182.7,0.0
1864,island8,5,1009.5,154.7,156.6,156.6,0.0
1864,coral1,1,261.7,921.0,21.3,21.3,0.0
1864,coral2,1,1112.9,-279.6,28.8,28.8,0.0
1864,coral4,1,-89.5,1559.5,26.9,26.9,0.0
1864,coral7,1,-143.3,-212.8,40.8,40.8,0.0
1864,coral10,1,1124.6,-103.5,17.6,17.6,0.0
1864,coral11,1,183.5,1534.9,31.7,31.7,0.0
1864,coral14,1,19.3,1751.8,21.2,21.2,0.0
1864,coral16,1,217.5,154.5,32.2,32.2,0.0
1864,coral20,1,292.3,1682.3,28.0,28.0,0.0
1864,coral22,1,-7.5,290.7,33.2,33.2,0.0
1864,coral24,1,341.5,1454.3,29.4,29.4,0.0
1864,coral25,1,-158.5,177.1,37.2,37.2,0.0
1864,coral26,1,1226.4,222.6,34.4,34.4,0.0
1864,coral28,1,1153.5,431.1,37.9,37.9,0.0
1864,coral30,1,1004.0,674.6,37.9,37.9,0.0
1864,coral32,1,900.2,836.9,29.4,29.4,0.0
1864,coral33,1,-146.2,1803.7,32.7,32.7,0.0
1864,coral34,1,896.8,490.2,31.4,31.4,0.0
1864,coral35,1,-127.5,420.6,18.0,18.0,0.0
1864,coral37,1,-137.0,1382.9,34.2,34.2,0.0
1864,coral42,1,1173.1,728.2,18.8,18.8,0.0
1864,coral43,1,962.6,-66.5,28.1,28.1,0.0
1864,coral44,1,910.8,1917.4,22.7,22.7,0.0
1864,coral45,1,-100.2,764.6,27.9,27.9,0.0
1864,coral47,1,1207.0,51.9,28.4,28.4,0.0
1864,coral48,1,1221.8,1521.4,28.9,28.9,0.0
1864,coral51,1,383.2,21.7,23.2,23.2,0.0
1864,coral54,1,1226.3,1135.2,21.7,21.7,0.0
1864,coral55,1,16.6,899.7,29.9,29.9,0.0
1864,coral57,1,909.5,1213.7,32.3,32.3,0.0
1864,coral59,1,333.5,303.8,33.5,33.5,0.0
1864,manta,2,617.1,766.2,184.5,184.5,0.0
1864,turtle0,2,599.1,115.1,55.8,55.8,0.0
1864,turtle1,2,454.0,1613.3,55.8,55.8,0.0
1864,school0,2,686.7,350.3,121.5,121.5,0.0
1864,boat,4,555.0,1180.0,61.2,154.8,0.0
1866,island0,5,162.0,593.8,261.0,261.0,0.0
1866,island1,5,1055.2,1031.2,145.2,145.2,0.0
1866,island2,5,162.0,1232.8,234.9,234.9,0.0
1866,island3,5,1087.8,1349.8,163.7,163.7,0.0
1866,island4,5,1087.8,1750.3,183.0,183.0,0.0
1866,island5,5,141.0,2033.8,241.5,241.5,0.0
1866,island6,5,1113.9,2150.8,209.4,209.4,0.0
1866,island7,5,126.0,-63.2,182.7,182.7,0.0
1866,island8,5,1009.5,161.8,156.6,156.6,0.0
1866,coral1,1,261.7,928.2,21.3,21.3,0.0
1866,coral2,1,1112.9,-272.5,28.8,28.8,0.0
1866,coral4,1,-89.5,1566.7,26.9,26.9,0.0
1866,coral7,1,-143.3,-205.7,40.8,40.8,0.0
1866,coral10,1,1124.6,-96.4,17.6,17.6,0.0
1866,coral11,1,183.5,1542.1,31.7,31.7,0.0
1866,coral14,1,19.3,1758.9,21.2,21.2,0.0
1866,coral16,1,217.5,161.7,32.2,32.2,0.0
1866,coral20,1,292.3,1689.5,28.0,28.0,0.0
1866,coral22,1,-7.5,297.8,33.2,33.2,0.0
1866,coral24,1,341.5,1461.4,29.4,29.4,0.0
1866,coral25,1,-158.5,184.2,37.2,37.2,0.0
1866,coral26,1,1226.4,229.7,34.4,34.4,0.0
1866,coral28,1,1153.5,438.3,37.9,37.9,0.0
1866,coral30,1,1004.0,681.7,37.9,37.9,0.0
1866,coral32,1,900.2,844.0,29.4,29.4,0.0
1866,coral33,1,-146.2,1810.8,32.7,32.7,0.0
1866,coral34,1,896.8,497.4,31.4,31.4,0.0
1866,coral35,1,-127.5,427.7,18.0,18.0,0.0
1866,coral37,1,-137.0,1390.0,34.2,34.2,0.0
1866,coral42,1,1173.1,735.4,18.8,18.8,0.0
1866,coral43,1,962.6,-59.4,28.1,28.1,0.0
1866,coral44,1,910.8,1924.6,22.7,22.7,0.0
1866,coral45,1,-100.2,771.7,27.9,27.9,0.0
1866,coral47,1,1207.0,59.0,28.4,28.4,0.0
1866,coral48,1,1221.8,1528.6,28.9,28.9,0.0
1866,coral51,1,383.2,28.9,23.2,23.2,0.0
1866,coral54,1,1226.3,1142.3,21.7,21.7,0.0
1866,coral55,1,16.6,906.9,29.9,29.9,0.0
1866,coral57,1,909.5,1220.9,32.3,32.3,0.0
1866,coral59,1,333.5,311.0,33.5,33.5,0.0
1866,manta,2,618.0,768.1,184.5,184.5,0.0
1866,turtle0,2,597.7,118.6,55.8,55.8,0.0
1866,turtle1,2,458.0,1620.4,55.8,55.8,0.0
1866,school0,2,687.2,352.2,121.5,121.5,0.0
1866,boat,4,555.0,1180.0,61.2,154.8,0.0
1868,island0,5,162.0,601.0,261.0,261.0,0.0
1868,island1,5,1055.2,1038.4,145.2,145.2,0.0
1868,island2,5,162.0,1240.0,234.9,234.9,0.0
1868,island3,5,1087.8,1357.0,163.7,163.7,0.0
1868,island4,5,1087.8,1757.5,183.0,183.0,0.0
1868,island5,5,141.0,2041.0,241.5,241.5,0.0
1868,island6,5,1113.9,2158.0,209.4,209.4,0.0
1868,island7,5,126.0,-56.0,182.7,182.7,0.0
1868,island8,5,1009.5,169.0,156.6,156.6,0.0
1868,coral1,1,261.7,935.3,21.3,21.3,0.0
1868,coral2,1,1112.9,-265.3,28.8,28.8,0.0
1868,coral4,1,-89.5,1573.8,26.9,26.9,0.0
1868,coral7,1,-143.3,-198.5,40.8,40.8,0.0
1868,coral10,1,1124.6,-89.2,17.6,17.6,0.0
1868,coral11,1,183.5,1549.2,31.7,31.7,0.0
1868,coral14,1,19.3,1766.1,21.2,21.2,0.0
1868,coral16,1,217.5,168.8,32.2,32.2,0.0
1868,coral20,1,292.3,1696.6,28.0,28.0,0.0
1868,coral22,1,-7.5,305.0,33.2,33.2,0.0
1868,coral24,1,341.5,1468.6,29.4,29.4,0.0
1868,coral25,1,-158.5,191.4,37.2,37.2,0.0
1868,coral26,1,1226.4,236.9,34.4,34.4,0.0
1868,coral28,1,1153.5,445.5,37.9,37.9,0.0
1868,coral30,1,1004.0,688.9,37.9,37.9,0.0
1868,coral32,1,900.2,851.2,29.4,29.4,0.0
1868,coral33,1,-146.2,1818.0,32.7,32.7,0.0
1868,coral34,1,896.8,504.5,31.4,31.4,0.0
1868,coral35,1,-127.5,434.9,18.0,18.0,0.0
1868,coral37,1,-137.0,1397.2,34.2,34.2,0.0
1868,coral42,1,1173.1,742.5,18.8,18.8,0.0
1868,coral43,1,962.6,-52.2,28.1,28.1,0.0
1868,coral44,1,910.8,1931.7,22.7,22.7,0.0
1868,coral45,1,-100.2,778.9,27.9,27.9,0.0
1868,coral47,1,1207.0,66.2,28.4,28.4,0.0
1868,coral48,1,1221.8,1535.8,28.9,28.9,0.0
1868,coral51,1,383.2,36.0,23.2,23.2,0.0
1868,coral54,1,1226.3,1149.5,21.7,21.7,0.0
1868,coral55,1,16.6,914.0,29.9,29.9,0.0
1868,coral57,1,909.5,1228.0,32.3,32.3,0.0
1868,coral59,1,333.5,318.1,33.5,33.5,0.0
1868,manta,2,618.8,769.9,184.5,184.5,0.0
1868,turtle0,2,596.3,122.0,55.8,55.8,0.0
1868,turtle1,2,461.9,1627.5,55.8,55.8,0.0
1868,school0,2,687.8,354.2,121.5,121.5,0.0
1868,boat,4,555.0,1180.0,61.2,154.8,0.0
1870,island0,5,162.0,608.1,261.0,261.0,0.0
1870,island1,5,1055.2,1045.5,145.2,145.2,0.0
1870,island2,5,162.0,1247.1,234.9,234.9,0.0
1870,island3,5,1087.8,1364.1,163.7,163.7,0.0
1870,island4,5,1087.8,1764.6,183.0,183.0,0.0
1870,island5,5,141.0,2048.1,241.5,241.5,0.0
1870,island6,5,1113.9,2165.1,209.4,209.4,0.0
1870,island7,5,126.0,-48.9,182.7,182.7,0.0
1870,island8,5,1009.5,176.1,156.6,156.6,0.0
1870,coral1,1,261.7,942.5,21.3,21.3,0.0
1870,coral2,1,1112.9,-258.2,28.8,28.8,0.0
1870,coral4,1,-89.5,1581.0,26.9,26.9,0.0
1870,coral7,1,-143.3,-191.4,40.8,40.8,0.0
1870,coral10,1,1124.6,-82.0,17.6,17.6,0.0
1870,coral11,1,183.5,1556.4,31.7,31.7,0.0
1870,coral14,1,19.3,1773.2,21.2,21.2,0.0
1870,coral16,1,217.5,176.0,32.2,32.2,0.0
1870,coral20,1,292.3,1703.8,28.0,28.0,0.0
1870,coral22,1,-7.5,312.1,33.2,33.2,0.0
1870,coral24,1,341.5,1475.7,29.4,29.4,0.0
1870,coral25,1,-158.5,198.5,37.2,37.2,0.0
1870,coral26,1,1226.4,244.0,34.4,34.4,0.0
1870,coral28,1,1153.5,452.6,37.9,37.9,0.0
1870,coral30,1,1004.0,696.0,37.9,37.9,0.0
1870,coral32,1,900.2,858.4,29.4,29.4,0.0
1870,coral33,1,-146.2,1825.1,32.7,32.7,0.0
1870,coral34,1,896.8,511.7,31.4,31.4,0.0
1870,coral35,1,-127.5,442.0,18.0,18.0,0.0
1870,coral37,1,-137.0,1404.3,34.2,34.2,0.0
1870,coral42,1,1173.1,749.7,18.8,18.8,0.0
1870,coral43,1,962.6,-45.0,28.1,28.1,0.0
1870,coral44,1,910.8,1938.9,22.7,22.7,0.0
1870,coral45,1,-100.2,786.0,27.9,27.9,0.0
1870,coral47,1,1207.0,73.4,28.4,28.4,0.0
1870,coral48,1,1221.8,1542.9,28.9,28.9,0.0
1870,coral51,1,383.2,43.2,23.2,23.2,0.0
1870,coral54,1,1226.3,1156.7,21.7,21.7,0.0
1870,coral55,1,16.6,921.2,29.9,29.9,0.0
1870,coral57,1,909.5,1235.2,32.3,32.3,0.0
1870,coral59,1,333.5,325.3,33.5,33.5,0.0
1870,manta,2,619.6,771.7,184.5,184.5,0.0
1870,turtle0,2,594.9,125.5,55.8,55.8,0.0
1870,turtle1,2,465.9,1634.6,55.8,55.8,0.0
1870,school0,2,688.5,356.4,121.5,121.5,0.0
1870,boat,4,555.0,1180.0,61.2,154.8,0.0
1872,island0,5,162.0,615.3,261.0,261.0,0.0
1872,island1,5,1055.2,1052.7,145.2,145.2,0.0
1872,island2,5,162.0,1254.3,234.9,234.9,0.0
1872,island3,5,1087.8,1371.3,163.7,163.7,0.0
1872,island4,5,1087.8,1771.8,183.0,183.0,0.0
1872,island5,5,141.0,2055.3,241.5,241.5,0.0
1872,island6,5,1113.9,2172.3,209.4,209.4,0.0
1872,island7,5,126.0,-41.7,182.7,182.7,0.0
1872,island8,5,1009.5,183.3,156.6,156.6,0.0
1872,coral1,1,261.7,949.6,21.3,21.3,0.0
1872,coral2,1,1112.9,-251.0,28.8,28.8,0.0
1872,coral4,1,-89.5,1588.1,26.9,26.9,0.0
1872,coral7,1,-143.3,-184.2,40.8,40.8,0.0
1872,coral10,1,1124.6,-74.9,17.6,17.6,0.0
1872,coral11,1,183.5,1563.5,31.7,31.7,0.0
1872,coral14,1,19.3,1780.4,21.2,21.2,0.0
1872,coral16,1,217.5,183.1,32.2,32.2,0.0
1872,coral20,1,292.3,1710.9,28.0,28.0,0.0
1872,coral22,1,-7.5,319.3,33.2,33.2,0.0
1872,coral24,1,341.5,1482.9,29.4,29.4,0.0
1872,coral25,1,-158.5,205.7,37.2,37.2,0.0
1872,coral26,1,1226.4,251.2,34.4,34.4,0.0
1872,coral28,1,1153.5,459.8,37.9,37.9,0.0
1872,coral30,1,1004.0,703.2,37.9,37.9,0.0
1872,coral32,1,900.2,865.5,29.4,29.4,0.0
1872,coral33,1,-146.2,1832.3,32.7,32.7,0.0
1872,coral34,1,896.8,518.8,31.4,31.4,0.0
1872,coral35,1,-127.5,449.2,18.0,18.0,0.0
1872,coral37,1,-137.0,1411.5,34.2,34.2,0.0
1872,coral42,1,1173.1,756.8,18.8,18.8,0.0
1872,coral43,1,962.6,-37.9,28.1,28.1,0.0
1872,coral44,1,910.8,1946.0,22.7,22.7,0.0
1872,coral45,1,-100.2,793.2,27.9,27.9,0.0
1872,coral47,1,1207.0,80.5,28.4,28.4,0.0
1872,coral48,1,1221.8,1550.1,28.9,28.9,0.0
1872,coral51,1,383.2,50.3,23.2,23.2,0.0
1872,coral54,1,1226.3,1163.8,21.7,21.7,0.0
1872,coral55,1,16.6,928.3,29.9,29.9,0.0
1872,coral57,1,909.5,1242.3,32.3,32.3,0.0
1872,coral59,1,333.5,332.4,33.5,33.5,0.0
1872,manta,2,620.4,773.5,184.5,184.5,0.0
1872,turtle0,2,593.5,128.9,55.8,55.8,0.0
1872,turtle1,2,469.8,1641.6,55.8,55.8,0.0
1872,school0,2,689.2,358.9,121.5,121.5,0.0
1872,boat,4,555.0,1180.0,61.2,154.8,0.0
1874,island0,5,162.0,622.4,261.0,261.0,0.0
1874,island1,5,1055.2,1059.8,145.2,145.2,0.0
1874,island2,5,162.0,1261.4,234.9,234.9,0.0
1874,island3,5,1087.8,1378.4,163.7,163.7,0.0
1874,island4,5,1087.8,1778.9,183.0,183.0,0.0
1874,island5,5,141.0,2062.4,241.5,241.5,0.0
1874,island6,5,1113.9,2179.4,209.4,209.4,0.0
1874,island7,5,126.0,-34.6,182.7,182.7,0.0
1874,island8,5,1009.5,190.4,156.6,156.6,0.0
1874,coral1,1,261.7,956.8,21.3,21.3,0.0
1874,coral2,1,1112.9,-243.9,28.8,28.8,0.0
1874,coral4,1,-89.5,1595.3,26.9,26.9,0.0
1874,coral7,1,-143.3,-177.1,40.8,40.8,0.0
1874,coral10,1,1124.6,-67.7,17.6,17.6,0.0
1874,coral11,1,183.5,1570.7,31.7,31.7,0.0
1874,coral14,1,19.3,1787.5,21.2,21.2,0.0
1874,coral16,1,217.5,190.3,32.2,32.2,0.0
1874,coral20,1,292.3,1718.1,28.0,28.0,0.0
1874,coral22,1,-7.5,326.4,33.2,33.2,0.0
1874,coral24,1,341.5,1490.0,29.4,29.4,0.0
1874,coral25,1,-158.5,212.8,37.2,37.2,0.0
1874,coral26,1,1226.4,258.3,34.4,34.4,0.0
1874,coral28,1,1153.5,466.9,37.9,37.9,0.0
1874,coral30,1,1004.0,710.4,37.9,37.9,0.0
1874,coral32,1,900.2,872.7,29.4,29.4,0.0
1874,coral33,1,-146.2,1839.4,32.7,32.7,0.0
1874,coral34,1,896.8,526.0,31.4,31.4,0.0
1874,coral35,1,-127.5,456.4,18.0,18.0,0.0
1874,coral37,1,-137.0,1418.6,34.2,34.2,0.0
1874,coral38,1,-0.0,-297.6,36.5,36.5,0.0
1874,coral42,1,1173.1,764.0,18.8,18.8,0.0
1874,coral43,1,962.6,-30.7,28.1,28.1,0.0
1874,coral44,1,910.8,1953.2,22.7,22.7,0.0
1874,coral45,1,-100.2,800.3,27.9,27.9,0.0
1874,coral47,1,1207.0,87.7,28.4,28.4,0.0
1874,coral48,1,1221.8,1557.2,28.9,28.9,0.0
1874,coral51,1,383.2,57.5,23.2,23.2,0.0
1874,coral54,1,1226.3,1171.0,21.7,21.7,0.0
1874,coral55,1,16.6,935.5,29.9,29.9,0.0
1874,coral57,1,909.5,1249.5,32.3,32.3,0.0
1874,coral59,1,333.5,339.6,33.5,33.5,0.0
1874,manta,2,621.0,775.3,184.5,184.5,0.0
1874,turtle0,2,592.0,132.4,55.8,55.8,0.0
1874,turtle1,2,473.8,1648.7,55.8,55.8,0.0
1874,school0,2,689.8,361.7,121.5,121.5,0.0
1874,boat,4,555.0,1180.0,61.2,154.8,0.0
1876,island0,5,162.0,629.6,261.0,261.0,0.0
1876,island1,5,1055.2,1067.0,145.2,145.2,0.0
1876,island2,5,162.0,1268.6,234.9,234.9,0.0
1876,island3,5,1087.8,1385.6,163.7,163.7,0.0
1876,island4,5,1087.8,1786.1,183.0,183.0,0.0
1876,island5,5,141.0,2069.6,241.5,241.5,0.0
1876,island6,5,1113.9,2186.6,209.4,209.4,0.0
1876,island7,5,126.0,-27.4,182.7,182.7,0.0
1876,island8,5,1009.5,197.6,156.6,156.6,0.0
1876,coral1,1,261.7,963.9,21.3,21.3,0.0
1876,coral2,1,1112.9,-236.7,28.8,28.8,0.0
1876,coral4,1,-89.5,1602.5,26.9,26.9,0.0
1876,coral7,1,-143.3,-169.9,40.8,40.8,0.0
1876,coral10,1,1124.6,-60.6,17.6,17.6,0.0
1876,coral11,1,183.5,1577.8,31.7,31.7,0.0
1876,coral14,1,19.3,1794.7,21.2,21.2,0.0
1876,coral16,1,217.5,197.5,32.2,32.2,0.0
1876,coral20,1,292.3,1725.2,28.0,28.0,0.0
1876,coral22,1,-7.5,333.6,33.2,33.2,0.0
1876,coral24,1,341.5,1497.2,29.4,29.4,0.0
1876,coral25,1,-158.5,220.0,37.2,37.2,0.0
1876,coral26,1,1226.4,265.5,34.4,34.4,0.0
1876,coral28,1,1153.5,474.1,37.9,37.9,0.0
1876,coral30,1,1004.0,717.5,37.9,37.9,0.0
1876,coral32,1,900.2,879.8,29.4,29.4,0.0
1876,coral33,1,-146.2,1846.6,32.7,32.7,0.0
1876,coral34,1,896.8,533.2,31.4,31.4,0.0
1876,coral35,1,-127.5,463.5,18.0,18.0,0.0
1876,coral37,1,-137.0,1425.8,34.2,34.2,0.0
1876,coral38,1,-0.0,-290.4,36.5,36.5,0.0
1876,coral42,1,1173.1,771.2,18.8,18.8,0.0
1876,coral43,1,962.6,-23.6,28.1,28.1,0.0
1876,coral44,1,910.8,1960.3,22.7,22.7,0.0
1876,coral45,1,-100.2,807.5,27.9,27.9,0.0
1876,coral47,1,1207.0,94.8,28.4,28.4,0.0
1876,coral48,1,1221.8,1564.4,28.9,28.9,0.0
1876,coral51,1,383.2,64.6,23.2,23.2,0.0
1876,coral54,1,1226.3,1178.1,21.7,21.7,0.0
1876,coral55,1,16.6,942.6,29.9,29.9,0.0
1876,coral57,1,909.5,1256.6,32.3,32.3,0.0
1876,coral59,1,333.5,346.7,33.5,33.5,0.0
1876,manta,2,621.6,777.1,184.5,184.5,0.0
1876,turtle0,2,590.5,135.9,55.8,55.8,0.0
1876,turtle1,2,477.7,1655.7,55.8,55.8,0.0
1876,school0,2,690.5,364.7,121.5,121.5,0.0
1876,boat,4,555.0,1180.0,61.2,154.8,0.0
1878,island0,5,162.0,636.7,261.0,261.0,0.0
1878,island1,5,1055.2,1074.1,145.2,145.2,0.0
1878,island2,5,162.0,1275.7,234.9,234.9,0.0
1878,island3,5,1087.8,1392.7,163.7,163.7,0.0
1878,island4,5,1087.8,1793.2,183.0,183.0,0.0
1878,island5,5,141.0,2076.7,241.5,241.5,0.0
1878,island6,5,1113.9,2193.7,209.4,209.4,0.0
1878,island7,5,126.0,-20.3,182.7,182.7,0.0
1878,island8,5,1009.5,204.7,156.6,156.6,0.0
1878,coral1,1,261.7,971.1,21.3,21.3,0.0
1878,coral2,1,1112.9,-229.5,28.8,28.8,0.0
1878,coral4,1,-89.5,1609.6,26.9,26.9,0.0
1878,coral7,1,-143.3,-162.8,40.8,40.8,0.0
1878,coral10,1,1124.6,-53.4,17.6,17.6,0.0
1878,coral11,1,183.5,1585.0,31.7,31.7,0.0
1878,coral14,1,19.3,1801.9,21.2,21.2,0.0
1878,coral16,1,217.5,204.6,32.2,32.2,0.0
1878,coral20,1,292.3,1732.4,28.0,28.0,0.0
1878,coral22,1,-7.5,340.7,33.2,33.2,0.0
1878,coral24,1,341.5,1504.3,29.4,29.4,0.0
1878,coral25,1,-158.5,227.1,37.2,37.2,0.0
1878,coral26,1,1226.4,272.7,34.4,34.4,0.0
1878,coral28,1,1153.5,481.2,37.9,37.9,0.0
1878,coral30,1,1004.0,724.7,37.9,37.9,0.0
1878,coral32,1,900.2,887.0,29.4,29.4,0.0
1878,coral33,1,-146.2,1853.7,32.7,32.7,0.0
1878,coral34,1,896.8,540.3,31.4,31.4,0.0
1878,coral35,1,-127.5,470.7,18.0,18.0,0.0
1878,coral37,1,-137.0,1432.9,34.2,34.2,0.0
1878,coral38,1,-0.0,-283.2,36.5,36.5,0.0
1878,coral42,1,1173.1,778.3,18.8,18.8,0.0
1878,coral43,1,962.6,-16.4,28.1,28.1,0.0
1878,coral44,1,910.8,1967.5,22.7,22.7,0.0
1878,coral45,1,-100.2,814.6,27.9,27.9,0.0
1878,coral47,1,1207.0,102.0,28.4,28.4,0.0
1878,coral48,1,1221.8,1571.5,28.9,28.9,0.0
1878,coral51,1,383.2,71.8,23.2,23.2,0.0
1878,coral54,1,1226.3,1185.3,21.7,21.7,0.0
1878,coral55,1,16.6,949.8,29.9,29.9,0.0
1878,coral57,1,909.5,1263.8,32.3,32.3,0.0
1878,coral59,1,333.5,353.9,33.5,33.5,0.0
1878,manta,2,622.0,778.9,184.5,184.5,0.0
1878,turtle0,2,589.0,139.4,55.8,55.8,0.0
1878,turtle1,2,481.5,1662.7,55.8,55.8,0.0
1878,school0,2,691.1,368.0,121.5,121.5,0.0
1878,boat,4,555.0,1180.0,61.2,154.8,0.0
1880,island0,5,162.0,643.9,261.0,261.0,0.0
1880,island1,5,1055.2,1081.3,145.2,145.2,0.0
1880,island2,5,162.0,1282.9,234.9,234.9,0.0
1880,island3,5,1087.8,1399.9,163.7,163.7,0.0
1880,island4,5,1087.8,1800.4,183.0,183.0,0.0
1880,island5,5,141.0,2083.9,241.5,241.5,0.0
1880,island6,5,1113.9,2200.9,209.4,209.4,0.0
1880,island7,5,126.0,-13.1,182.7,182.7,0.0
1880,island8,5,1009.5,211.9,156.6,156.6,0.0
1880,coral1,1,261.7,978.2,21.3,21.3,0.0
1880,coral2,1,1112.9,-222.4,28.8,28.8,0.0
1880,coral4,1,-89.5,1616.8,26.9,26.9,0.0
1880,coral7,1,-143.3,-155.6,40.8,40.8,0.0
1880,coral10,1,1124.6,-46.3,17.6,17.6,0.0
1880,coral11,1,183.5,1592.1,31.7,31.7,0.0
1880,coral14,1,19.3,1809.0,21.2,21.2,0.0
1880,coral16,1,217.5,211.8,32.2,32.2,0.0
1880,coral20,1,292.3,1739.5,28.0,28.0,0.0
1880,coral22,1,-7.5,347.9,33.2,33.2,0.0
1880,coral24,1,341.5,1511.5,29.4,29.4,0.0
1880,coral25,1,-158.5,234.3,37.2,37.2,0.0
1880,coral26,1,1226.4,279.8,34.4,34.4,0.0
1880,coral28,1,1153.5,488.4,37.9,37.9,0.0
1880,coral30,1,1004.0,731.8,37.9,37.9,0.0
1880,coral32,1,900.2,894.1,29.4,29.4,0.0
1880,coral33,1,-146.2,1860.9,32.7,32.7,0.0
1880,coral34,1,896.8,547.5,31.4,31.4,0.0
1880,coral35,1,-127.5,477.8,18.0,18.0,0.0
1880,coral37,1,-137.0,1440.1,34.2,34.2,0.0
1880,coral38,1,-0.0,-276.1,36.5,36.5,0.0
1880,coral42,1,1173.1,785.5,18.8,18.8,0.0
1880,coral43,1,962.6,-9.3,28.1,28.1,0.0
1880,coral44,1,910.8,1974.6,22.7,22.7,0.0
1880,coral45,1,-100.2,821.8,27.9,27.9,0.0
1880,coral47,1,1207.0,109.1,28.4,28.4,0.0
1880,coral48,1,1221.8,1578.7,28.9,28.9,0.0
1880,coral51,1,383.2,78.9,23.2,23.2,0.0
1880,coral54,1,1226.3,1192.4,21.7,21.7,0.0
1880,coral55,1,16.6,956.9,29.9,29.9,0.0
1880,coral57,1,909.5,1271.0,32.3,32.3,0.0
1880,coral59,1,333.5,361.0,33.5,33.5,0.0
1880,manta,2,622.4,780.6,184.5,184.5,0.0
1880,turtle0,2,587.4,142.9,55.8,55.8,0.0
1880,turtle1,2,485.2,1669.6,55.8,55.8,0.0
1880,school0,2,691.7,371.4,121.5,121.5,0.0
1880,boat,4,555.0,1180.0,61.2,154.8,0.0
1882,island0,5,162.0,651.0,261.0,261.0,0.0
1882,island1,5,1055.2,1088.4,145.2,145.2,0.0
1882,island2,5,162.0,1290.0,234.9,234.9,0.0
1882,island3,5,1087.8,1407.0,163.7,163.7,0.0
1882,island4,5,1087.8,1807.5,183.0,183.0,0.0
1882,island5,5,141.0,2091.0,241.5,241.5,0.0
1882,island6,5,1113.9,2208.0,209.4,209.4,0.0
1882,island7,5,126.0,-6.0,182.7,182.7,0.0
1882,island8,5,1009.5,219.0,156.6,156.6,0.0
1882,coral1,1,261.7,985.4,21.3,21.3,0.0
1882,coral2,1,1112.9,-215.2,28.8,28.8,0.0
1882,coral4,1,-89.5,1623.9,26.9,26.9,0.0
1882,coral7,1,-143.3,-148.4,40.8,40.8,0.0
1882,coral10,1,1124.6,-39.1,17.6,17.6,0.0
1882,coral11,1,183.5,1599.3,31.7,31.7,0.0
1882,coral14,1,19.3,1816.2,21.2,21.2,0.0
1882,coral16,1,217.5,218.9,32.2,32.2,0.0
1882,coral20,1,292.3,1746.7,28.0,28.0,0.0
1882,coral22,1,-7.5,355.1,33.2,33.2,0.0
1882,coral24,1,341.5,1518.7,29.4,29.4,0.0
1882,coral25,1,-158.5,241.4,37.2,37.2,0.0
1882,coral26,1,1226.4,287.0,34.4,34.4,0.0
1882,coral28,1,1153.5,495.5,37.9,37.9,0.0
1882,coral30,1,1004.0,739.0,37.9,37.9,0.0
1882,coral32,1,900.2,901.3,29.4,29.4,0.0
1882,coral33,1,-146.2,1868.0,32.7,32.7,0.0
1882,coral34,1,896.8,554.6,31.4,31.4,0.0
1882,coral35,1,-127.5,485.0,18.0,18.0,0.0
1882,coral37,1,-137.0,1447.3,34.2,34.2,0.0
1882,coral38,1,-0.0,-268.9,36.5,36.5,0.0
1882,coral42,1,1173.1,792.6,18.8,18.8,0.0
1882,coral43,1,962.6,-2.1,28.1,28.1,0.0
1882,coral44,1,910.8,1981.8,22.7,22.7,0.0
1882,coral45,1,-100.2,829.0,27.9,27.9,0.0
1882,coral47,1,1207.0,116.3,28.4,28.4,0.0
1882,coral48,1,1221.8,1585.8,28.9,28.9,0.0
1882,coral51,1,383.2,86.1,23.2,23.2,0.0
1882,coral54,1,1226.3,1199.6,21.7,21.7,0.0
1882,coral55,1,16.6,964.1,29.9,29.9,0.0
1882,coral57,1,909.5,1278.1,32.3,32.3,0.0
1882,coral59,1,333.5,368.2,33.5,33.5,0.0
1882,manta,2,622.8,782.4,184.5,184.5,0.0
1882,turtle0,2,585.8,146.4,55.8,55.8,0.0
1882,turtle1,2,488.7,1676.5,55.8,55.8,0.0
1882,school0,2,692.2,375.0,121.5,121.5,0.0
1882,boat,4,555.0,1180.0,61.2,154.8,0.0
1884,island0,5,162.0,658.2,261.0,261.0,0.0
1884,island1,5,1055.2,1095.6,145.2,145.2,0.0
1884,island2,5,162.0,1297.2,234.9,234.9,0.0
1884,island3,5,1087.8,1414.2,163.7,163.7,0.0
1884,island4,5,1087.8,1814.7,183.0,183.0,0.0
1884,island5,5,141.0,2098.2,241.5,241.5,0.0
1884,island6,5,1113.9,2215.2,209.4,209.4,0.0
1884,island7,5,126.0,1.2,182.7,182.7,0.0
1884,island8,5,1009.5,226.2,156.6,156.6,0.0
1884,coral1,1,261.7,992.6,21.3,21.3,0.0
1884,coral2,1,1112.9,-208.1,28.8,28.8,0.0
1884,coral4,1,-89.5,1631.1,26.9,26.9,0.0
1884,coral7,1,-143.3,-141.3,40.8,40.8,0.0
1884,coral10,1,1124.6,-32.0,17.6,17.6,0.0
1884,coral11,1,183.5,1606.5,31.7,31.7,0.0
1884,coral14,1,19.3,1823.3,21.2,21.2,0.0
1884,coral16,1,217.5,226.1,32.2,32.2,0.0
1884,coral20,1,292.3,1753.8,28.0,28.0,0.0
1884,coral22,1,-7.5,362.2,33.2,33.2,0.0
1884,coral24,1,341.5,1525.8,29.4,29.4,0.0
1884,coral25,1,-158.5,248.6,37.2,37.2,0.0
1884,coral26,1,1226.4,294.1,34.4,34.4,0.0
1884,coral28,1,1153.5,502.7,37.9,37.9,0.0
1884,coral30,1,1004.0,746.1,37.9,37.9,0.0
1884,coral32,1,900.2,908.4,29.4,29.4,0.0
1884,coral33,1,-146.2,1875.2,32.7,32.7,0.0
1884,coral34,1,896.8,561.8,31.4,31.4,0.0
1884,coral35,1,-127.5,492.1,18.0,18.0,0.0
1884,coral37,1,-137.0,1454.4,34.2,34.2,0.0
1884,coral38,1,-0.0,-261.8,36.5,36.5,0.0
1884,coral42,1,1173.1,799.8,18.8,18.8,0.0
1884,coral43,1,962.6,5.0,28.1,28.1,0.0
1884,coral44,1,910.8,1989.0,22.7,22.7,0.0
1884,coral45,1,-100.2,836.1,27.9,27.9,0.0
1884,coral47,1,1207.0,123.4,28.4,28.4,0.0
1884,coral48,1,1221.8,1593.0,28.9,28.9,0.0
1884,coral51,1,383.2,93.3,23.2,23.2,0.0
1884,coral54,1,1226.3,1206.7,21.7,21.7,0.0
1884,coral55,1,16.6,971.3,29.9,29.9,0.0
1884,coral57,1,909.5,1285.3,32.3,32.3,0.0
1884,coral59,1,333.5,375.4,33.5,33.5,0.0
1884,manta,2,623.1,784.2,184.5,184.5,0.0
1884,turtle0,2,584.2,150.0,55.8,55.8,0.0
1884,turtle1,2,492.0,1683.3,55.8,55.8,0.0
1884,school0,2,692.7,378.6,121.5,121.5,0.0
1884,boat,4,555.0,1180.0,61.2,154.8,0.0
1886,island0,5,162.0,665.4,261.0,261.0,0.0
1886,island1,5,1055.2,1102.8,145.2,145.2,0.0
1886,island2,5,162.0,1304.4,234.9,234.9,0.0
1886,island3,5,1087.8,1421.4,163.7,163.7,0.0
1886,island4,5,1087.8,1821.9,183.0,183.0,0.0
1886,island5,5,141.0,2105.4,241.5,241.5,0.0
1886,island7,5,126.0,8.4,182.7,182.7,0.0
1886,island8,5,1009.5,233.4,156.6,156.6,0.0
1886,coral1,1,261.7,999.7,21.3,21.3,0.0
1886,coral2,1,1112.9,-200.9,28.8,28.8,0.0
1886,coral4,1,-89.5,1638.2,26.9,26.9,0.0
1886,coral7,1,-143.3,-134.1,40.8,40.8,0.0
1886,coral9,1,936.4,-295.5,22.4,22.4,0.0
1886,coral10,1,1124.6,-24.8,17.6,17.6,0.0
1886,coral11,1,183.5,1613.6,31.7,31.7,0.0
1886,coral14,1,19.3,1830.5,21.2,21.2,0.0
1886,coral16,1,217.5,233.2,32.2,32.2,0.0
1886,coral20,1,292.3,1761.0,28.0,28.0,0.0
1886,coral22,1,-7.5,369.4,33.2,33.2,0.0
1886,coral24,1,341.5,1533.0,29.4,29.4,0.0
1886,coral25,1,-158.5,255.7,37.2,37.2,0.0
1886,coral26,1,1226.4,301.3,34.4,34.4,0.0
1886,coral28,1,1153.5,509.8,37.9,37.9,0.0
1886,coral30,1,1004.0,753.3,37.9,37.9,0.0
1886,coral32,1,900.2,915.6,29.4,29.4,0.0
1886,coral33,1,-146.2,1882.4,32.7,32.7,0.0
1886,coral34,1,896.8,568.9,31.4,31.4,0.0
1886,coral35,1,-127.5,499.3,18.0,18.0,0.0
1886,coral37,1,-137.0,1461.6,34.2,34.2,0.0
1886,coral38,1,-0.0,-254.6,36.5,36.5,0.0
1886,coral42,1,1173.1,806.9,18.8,18.8,0.0
1886,coral43,1,962.6,12.2,28.1,28.1,0.0
1886,coral44,1,910.8,1996.1,22.7,22.7,0.0
1886,coral45,1,-100.2,843.3,27.9,27.9,0.0
1886,coral47,1,1207.0,130.6,28.4,28.4,0.0
1886,coral48,1,1221.8,1600.1,28.9,28.9,0.0
1886,coral51,1,383.2,100.4,23.2,23.2,0.0
1886,coral54,1,1226.3,1213.9,21.7,21.7,0.0
1886,coral55,1,16.6,978.4,29.9,29.9,0.0
1886,coral57,1,909.5,1292.4,32.3,32.3,0.0
1886,coral59,1,333.5,382.5,33.5,33.5,0.0
1886,manta,2,623.4,785.9,184.5,184.5,0.0
1886,turtle0,2,582.6,153.5,55.8,55.8,0.0
1886,turtle1,2,495.2,1690.0,55.8,55.8,0.0
1886,school0,2,693.1,382.3,121.5,121.5,0.0
1886,boat,4,555.0,1180.0,61.2,154.8,0.0
1888,island0,5,162.0,672.5,261.0,261.0,0.0
1888,island1,5,1055.2,1109.9,145.2,145.2,0.0
1888,island2,5,162.0,1311.5,234.9,234.9,0.0
1888,island3,5,1087.8,1428.5,163.7,163.7,0.0
1888,island4,5,1087.8,1829.0,183.0,183.0,0.0
1888,island5,5,141.0,2112.5,241.5,241.5,0.0
1888,island7,5,126.0,15.5,182.7,182.7,0.0
1888,island8,5,1009.5,240.5,156.6,156.6,0.0
1888,coral1,1,261.7,1006.9,21.3,21.3,0.0
1888,coral2,1,1112.9,-193.8,28.8,28.8,0.0
1888,coral4,1,-89.5,1645.4,26.9,26.9,0.0
1888,coral7,1,-143.3,-127.0,40.8,40.8,0.0
1888,coral9,1,936.4,-288.3,22.4,22.4,0.0
1888,coral10,1,1124.6,-17.7,17.6,17.6,0.0
1888,coral11,1,183.5,1620.8,31.7,31.7,0.0
1888,coral14,1,19.3,1837.6,21.2,21.2,0.0
1888,coral16,1,217.5,240.4,32.2,32.2,0.0
1888,coral20,1,292.3,1768.2,28.0,28.0,0.0
1888,coral22,1,-7.5,376.5,33.2,33.2,0.0
1888,coral24,1,341.5,1540.1,29.4,29.4,0.0
1888,coral25,1,-158.5,262.9,37.2,37.2,0.0
1888,coral26,1,1226.4,308.4,34.4,34.4,0.0
1888,coral28,1,1153.5,517.0,37.9,37.9,0.0
1888,coral30,1,1004.0,760.4,37.9,37.9,0.0
1888,coral32,1,900.2,922.7,29.4,29.4,0.0
1888,coral33,1,-146.2,1889.5,32.7,32.7,0.0
1888,coral34,1,896.8,576.1,31.4,31.4,0.0
1888,coral35,1,-127.5,506.4,18.0,18.0,0.0
1888,coral37,1,-137.0,1468.7,34.2,34.2,0.0
1888,coral38,1,-0.0,-247.5,36.5,36.5,0.0
1888,coral42,1,1173.1,814.1,18.8,18.8,0.0
1888,coral43,1,962.6,19.3,28.1,28.1,0.0
1888,coral44,1,910.8,2003.3,22.7,22.7,0.0
1888,coral45,1,-100.2,850.4,27.9,27.9,0.0
1888,coral47,1,1207.0,137.7,28.4,28.4,0.0
1888,coral48,1,1221.8,1607.3,28.9,28.9,0.0
1888,coral51,1,383.2,107.6,23.2,23.2,0.0
1888,coral54,1,1226.3,1221.0,21.7,21.7,0.0
1888,coral55,1,16.6,985.6,29.9,29.9,0.0
1888,coral57,1,909.5,1299.6,32.3,32.3,0.0
1888,coral59,1,333.5,389.7,33.5,33.5,0.0
1888,manta,2,623.7,787.7,184.5,184.5,0.0
1888,turtle0,2,580.9,157.1,55.8,55.8,0.0
1888,turtle1,2,498.2,1696.5,55.8,55.8,0.0
1888,school0,2,693.4,386.0,121.5,121.5,0.0
1888,boat,4,555.0,1180.0,61.2,154.8,0.0
1890,island0,5,162.0,679.7,261.0,261.0,0.0
1890,island1,5,1055.2,1117.1,145.2,145.2,0.0
1890,island2,5,162.0,1318.7,234.9,234.9,0.0
1890,island3,5,1087.8,1435.7,163.7,163.7,0.0
1890,island4,5,1087.8,1836.2,183.0,183.0,0.0
1890,island5,5,141.0,2119.7,241.5,241.5,0.0
1890,island7,5,126.0,22.7,182.7,182.7,0.0
1890,island8,5,1009.5,247.7,156.6,156.6,0.0
1890,coral1,1,261.7,1014.0,21.3,21.3,0.0
1890,coral2,1,1112.9,-186.6,28.8,28.8,0.0
1890,coral4,1,-89.5,1652.5,26.9,26.9,0.0
1890,coral7,1,-143.3,-119.8,40.8,40.8,0.0
1890,coral9,1,936.4,-281.2,22.4,22.4,0.0
1890,coral10,1,1124.6,-10.5,17.6,17.6,0.0
1890,coral11,1,183.5,1627.9,31.7,31.7,0.0
1890,coral14,1,19.3,1844.8,21.2,21.2,0.0
1890,coral16,1,217.5,247.5,32.2,32.2,0.0
1890,coral20,1,292.3,1775.3,28.0,28.0,0.0
1890,coral22,1,-7.5,383.7,33.2,33.2,0.0
1890,coral24,1,341.5,1547.3,29.4,29.4,0.0
1890,coral25,1,-158.5,270.1,37.2,37.2,0.0
1890,coral26,1,1226.4,315.6,34.4,34.4,0.0
1890,coral28,1,1153.5,524.2,37.9,37.9,0.0
1890,coral30,1,1004.0,767.6,37.9,37.9,0.0
1890,coral32,1,900.2,929.9,29.4,29.4,0.0
1890,coral33,1,-146.2,1896.7,32.7,32.7,0.0
1890,coral34,1,896.8,583.2,31.4,31.4,0.0
1890,coral35,1,-127.5,513.6,18.0,18.0,0.0
1890,coral37,1,-137.0,1475.9,34.2,34.2,0.0
1890,coral38,1,-0.0,-240.3,36.5,36.5,0.0
1890,coral42,1,1173.1,821.2,18.8,18.8,0.0
1890,coral43,1,962.6,26.5,28.1,28.1,0.0
1890,coral44,1,910.8,2010.4,22.7,22.7,0.0
1890,coral45,1,-100.2,857.6,27.9,27.9,0.0
1890,coral47,1,1207.0,144.9,28.4,28.4,0.0
1890,coral48,1,1221.8,1614.5,28.9,28.9,0.0
1890,coral51,1,383.2,114.7,23.2,23.2,0.0
1890,coral54,1,1226.3,1228.2,21.7,21.7,0.0
1890,coral55,1,16.6,992.7,29.9,29.9,0.0
1890,coral57,1,909.5,1306.7,32.3,32.3,0.0
1890,coral59,1,333.5,396.8,33.5,33.5,0.0
1890,manta,2,623.9,789.4,184.5,184.5,0.0
1890,turtle0,2,579.3,160.6,55.8,55.8,0.0
1890,turtle1,2,501.0,1702.8,55.8,55.8,0.0
1890,school0,2,693.4,389.5,121.5,121.5,0.0
1890,boat,4,555.0,1180.0,61.2,154.8,0.0
1892,island0,5,162.0,686.8,261.0,261.0,0.0
1892,island1,5,1055.2,1124.2,145.2,145.2,0.0
1892,island2,5,162.0,1325.8,234.9,234.9,0.0
1892,island3,5,1087.8,1442.8,163.7,163.7,0.0
1892,island4,5,1087.8,1843.3,183.0,183.0,0.0
1892,island5,5,141.0,2126.8,241.5,241.5,0.0
1892,island7,5,126.0,29.8,182.7,182.7,0.0
1892,island8,5,1009.5,254.8,156.6,156.6,0.0
1892,coral1,1,261.7,1021.2,21.3,21.3,0.0
1892,coral2,1,1112.9,-179.5,28.8,28.8,0.0
1892,coral4,1,-89.5,1659.7,26.9,26.9,0.0
1892,coral7,1,-143.3,-112.7,40.8,40.8,0.0
1892,coral9,1,936.4,-274.0,22.4,22.4,0.0
1892,coral10,1,1124.6,-3.3,17.6,17.6,0.0
1892,coral11,1,183.5,1635.1,31.7,31.7,0.0
1892,coral14,1,19.3,1851.9,21.2,21.2,0.0
1892,coral16,1,217.5,254.7,32.2,32.2,0.0
1892,coral20,1,292.3,1782.5,28.0,28.0,0.0
1892,coral22,1,-7.5,390.8,33.2,33.2,0.0
1892,coral24,1,341.5,1554.4,29.4,29.4,0.0
1892,coral25,1,-158.5,277.2,37.2,37.2,0.0
1892,coral26,1,1226.4,322.7,34.4,34.4,0.0
1892,coral28,1,1153.5,531.3,37.9,37.9,0.0
1892,coral30,1,1004.0,774.7,37.9,37.9,0.0
1892,coral32,1,900.2,937.1,29.4,29.4,0.0
1892,coral33,1,-146.2,1903.8,32.7,32.7,0.0
1892,coral34,1,896.8,590.4,31.4,31.4,0.0
1892,coral35,1,-127.5,520.7,18.0,18.0,0.0
1892,coral37,1,-137.0,1483.0,34.2,34.2,0.0
1892,coral38,1,-0.0,-233.2,36.5,36.5,0.0
1892,coral42,1,1173.1,828.4,18.8,18.8,0.0
1892,coral43,1,962.6,33.7,28.1,28.1,0.0
1892,coral44,1,910.8,2017.6,22.7,22.7,0.0
1892,coral45,1,-100.2,864.7,27.9,27.9,0.0
1892,coral47,1,1207.0,152.1,28.4,28.4,0.0
1892,coral48,1,1221.8,1621.6,28.9,28.9,0.0
1892,coral51,1,383.2,121.9,23.2,23.2,0.0
1892,coral54,1,1226.3,1235.3,21.7,21.7,0.0
1892,coral55,1,16.6,999.9,29.9,29.9,0.0
1892,coral57,1,909.5,1313.9,32.3,32.3,0.0
1892,coral59,1,333.5,404.0,33.5,33.5,0.0
1892,manta,2,624.2,791.2,184.5,184.5,0.0
1892,turtle0,2,577.6,164.2,55.8,55.8,0.0
1892,turtle1,2,503.7,1709.0,55.8,55.8,0.0
1892,school0,2,693.3,392.9,121.5,121.5,0.0
1892,boat,4,555.0,1180.0,61.2,154.8,0.0
1894,island0,5,162.0,694.0,261.0,261.0,0.0
1894,island1,5,1055.2,1131.4,145.2,145.2,0.0
1894,island2,5,162.0,1333.0,234.9,234.9,0.0
1894,island3,5,1087.8,1450.0,163.7,163.7,0.0
1894,island4,5,1087.8,1850.5,183.0,183.0,0.0
1894,island5,5,141.0,2134.0,241.5,241.5,0.0
1894,island7,5,126.0,37.0,182.7,182.7,0.0
1894,island8,5,1009.5,262.0,156.6,156.6,0.0
1894,coral1,1,261.7,1028.3,21.3,21.3,0.0
1894,coral2,1,1112.9,-172.3,28.8,28.8,0.0
1894,coral4,1,-89.5,1666.8,26.9,26.9,0.0
1894,coral7,1,-143.3,-105.5,40.8,40.8,0.0
1894,coral9,1,936.4,-266.9,22.4,22.4,0.0
1894,coral10,1,1124.6,3.8,17.6,17.6,0.0
1894,coral11,1,183.5,1642.2,31.7,31.7,0.0
1894,coral14,1,19.3,1859.1,21.2,21.2,0.0
1894,coral16,1,217.5,261.8,32.2,32.2,0.0
1894,coral17,1,181.4,-294.8,25.0,25.0,0.0
1894,coral20,1,292.3,1789.6,28.0,28.0,0.0
1894,coral22,1,-7.5,398.0,33.2,33.2,0.0
1894,coral24,1,341.5,1561.6,29.4,29.4,0.0
1894,coral25,1,-158.5,284.4,37.2,37.2,0.0
1894,coral26,1,1226.4,329.9,34.4,34.4,0.0
1894,coral28,1,1153.5,538.5,37.9,37.9,0.0
1894,coral30,1,1004.0,781.9,37.9,37.9,0.0
1894,coral32,1,900.2,944.2,29.4,29.4,0.0
1894,coral33,1,-146.2,1911.0,32.7,32.7,0.0
1894,coral34,1,896.8,597.5,31.4,31.4,0.0
1894,coral35,1,-127.5,527.9,18.0,18.0,0.0
1894,coral37,1,-137.0,1490.2,34.2,34.2,0.0
1894,coral38,1,-0.0,-226.0,36.5,36.5,0.0
1894,coral42,1,1173.1,835.5,18.8,18.8,0.0
1894,coral43,1,962.6,40.8,28.1,28.1,0.0
1894,coral44,1,910.8,2024.7,22.7,22.7,0.0
1894,coral45,1,-100.2,871.9,27.9,27.9,0.0
1894,coral47,1,1207.0,159.2,28.4,28.4,0.0
1894,coral48,1,1221.8,1628.8,28.9,28.9,0.0
1894,coral51,1,383.2,129.0,23.2,23.2,0.0
1894,coral54,1,1226.3,1242.5,21.7,21.7,0.0
1894,coral55,1,16.6,1007.0,29.9,29.9,0.0
1894,coral57,1,909.5,1321.0,32.3,32.3,0.0
1894,coral59,1,333.5,411.1,33.5,33.5,0.0
1894,manta,2,624.5,793.0,184.5,184.5,0.0
1894,turtle0,2,575.9,167.8,55.8,55.8,0.0
1894,turtle1,2,506.3,1715.0,55.8,55.8,0.0
1894,school0,2,692.8,396.0,121.5,121.5,0.0
1894,boat,4,555.0,1180.0,61.2,154.8,0.0
1896,island0,5,162.0,701.1,261.0,261.0,0.0
1896,island1,5,1055.2,1138.5,145.2,145.2,0.0
1896,island2,5,162.0,1340.1,234.9,234.9,0.0
1896,island3,5,1087.8,1457.1,163.7,163.7,0.0
1896,island4,5,1087.8,1857.6,183.0,183.0,0.0
1896,island5,5,141.0,2141.1,241.5,241.5,0.0
1896,island7,5,126.0,44.1,182.7,182.7,0.0
1896,island8,5,1009.5,269.1,156.6,156.6,0.0
1896,coral1,1,261.7,1035.5,21.3,21.3,0.0
1896,coral2,1,1112.9,-165.2,28.8,28.8,0.0
1896,coral4,1,-89.5,1674.0,26.9,26.9,0.0
1896,coral7,1,-143.3,-98.4,40.8,40.8,0.0
1896,coral9,1,936.4,-259.7,22.4,22.4,0.0
1896,coral10,1,1124.6,11.0,17.6,17.6,0.0
1896,coral11,1,183.5,1649.4,31.7,31.7,0.0
1896,coral14,1,19.3,1866.2,21.2,21.2,0.0
1896,coral16,1,217.5,269.0,32.2,32.2,0.0
1896,coral17,1,181.4,-287.6,25.0,25.0,0.0
1896,coral20,1,292.3,1796.8,28.0,28.0,0.0
1896,coral22,1,-7.5,405.1,33.2,33.2,0.0
1896,coral24,1,341.5,1568.7,29.4,29.4,0.0
1896,coral25,1,-158.5,291.5,37.2,37.2,0.0
1896,coral26,1,1226.4,337.0,34.4,34.4,0.0
1896,coral28,1,1153.5,545.6,37.9,37.9,0.0
1896,coral30,1,1004.0,789.0,37.9,37.9,0.0
1896,coral32,1,900.2,951.4,29.4,29.4,0.0
1896,coral33,1,-146.2,1918.1,32.7,32.7,0.0
1896,coral34,1,896.8,604.7,31.4,31.4,0.0
1896,coral35,1,-127.5,535.1,18.0,18.0,0.0
1896,coral37,1,-137.0,1497.3,34.2,34.2,0.0
1896,coral38,1,-0.0,-218.9,36.5,36.5,0.0
1896,coral42,1,1173.1,842.7,18.8,18.8,0.0
1896,coral43,1,962.6,48.0,28.1,28.1,0.0
1896,coral44,1,910.8,2031.9,22.7,22.7,0.0
1896,coral45,1,-100.2,879.0,27.9,27.9,0.0
1896,coral47,1,1207.0,166.4,28.4,28.4,0.0
1896,coral48,1,1221.8,1635.9,28.9,28.9,0.0
1896,coral51,1,383.2,136.2,23.2,23.2,0.0
1896,coral54,1,1226.3,1249.7,21.7,21.7,0.0
1896,coral55,1,16.6,1014.2,29.9,29.9,0.0
1896,coral57,1,909.5,1328.2,32.3,32.3,0.0
1896,coral59,1,333.5,418.3,33.5,33.5,0.0
1896,manta,2,624.8,794.7,184.5,184.5,0.0
1896,turtle0,2,574.1,171.4,55.8,55.8,0.0
1896,turtle1,2,508.7,1720.9,55.8,55.8,0.0
1896,school0,2,692.1,398.7,121.5,121.5,0.0
1896,school1,2,617.1,-295.3,121.5,121.5,0.0
1896,boat,4,555.0,1180.0,61.2,154.8,0.0
1898,island0,5,162.0,708.3,261.0,261.0,0.0
1898,island1,5,1055.2,1145.7,145.2,145.2,0.0
1898,island2,5,162.0,1347.3,234.9,234.9,0.0
1898,island3,5,1087.8,1464.3,163.7,163.7,0.0
1898,island4,5,1087.8,1864.8,183.0,183.0,0.0
1898,island5,5,141.0,2148.3,241.5,241.5,0.0
1898,island7,5,126.0,51.3,182.7,182.7,0.0
1898,island8,5,1009.5,276.3,156.6,156.6,0.0
1898,coral1,1,261.7,1042.6,21.3,21.3,0.0
1898,coral2,1,1112.9,-158.0,28.8,28.8,0.0
1898,coral4,1,-89.5,1681.2,26.9,26.9,0.0
1898,coral7,1,-143.3,-91.2,40.8,40.8,0.0
1898,coral9,1,936.4,-252.6,22.4,22.4,0.0
1898,coral10,1,1124.6,18.1,17.6,17.6,0.0
1898,coral11,1,183.5,1656.5,31.7,31.7,0.0
1898,coral14,1,19.3,1873.4,21.2,21.2,0.0
1898,coral16,1,217.5,276.1,32.2,32.2,0.0
1898,coral17,1,181.4,-280.5,25.0,25.0,0.0
1898,coral20,1,292.3,1803.9,28.0,28.0,0.0
1898,coral22,1,-7.5,412.3,33.2,33.2,0.0
1898,coral24,1,341.5,1575.9,29.4,29.4,0.0
1898,coral25,1,-158.5,298.7,37.2,37.2,0.0
1898,coral26,1,1226.4,344.2,34.4,34.4,0.0
1898,coral28,1,1153.5,552.8,37.9,37.9,0.0
1898,coral30,1,1004.0,796.2,37.9,37.9,0.0
1898,coral32,1,900.2,958.5,29.4,29.4,0.0
1898,coral33,1,-146.2,1925.3,32.7,32.7,0.0
1898,coral34,1,896.8,611.9,31.4,31.4,0.0
1898,coral35,1,-127.5,542.2,18.0,18.0,0.0
1898,coral37,1,-137.0,1504.5,34.2,34.2,0.0
1898,coral38,1,-0.0,-211.7,36.5,36.5,0.0
1898,coral42,1,1173.1,849.8,18.8,18.8,0.0
1898,coral43,1,962.6,55.1,28.1,28.1,0.0
1898,coral44,1,910.8,2039.0,22.7,22.7,0.0
1898,coral45,1,-100.2,886.2,27.9,27.9,0.0
1898,coral47,1,1207.0,173.5,28.4,28.4,0.0
1898,coral48,1,1221.8,1643.1,28.9,28.9,0.0
1898,coral51,1,383.2,143.3,23.2,23.2,0.0
1898,coral54,1,1226.3,1256.8,21.7,21.7,0.0
1898,coral55,1,16.6,1021.3,29.9,29.9,0.0
1898,coral57,1,909.5,1335.3,32.3,32.3,0.0
1898,coral59,1,333.5,425.4,33.5,33.5,0.0
1898,manta,2,625.1,796.5,184.5,184.5,0.0
1898,turtle0,2,572.4,175.0,55.8,55.8,0.0
1898,turtle1,2,510.9,1726.7,55.8,55.8,0.0
1898,school0,2,691.0,401.2,121.5,121.5,0.0
1898,school1,2,617.5,-288.6,121.5,121.5,0.0
1898,boat,4,555.0,1180.0,61.2,154.8,0.0
1900,island0,5,162.0,715.4,261.0,261.0,0.0
1900,island1,5,1055.2,1152.8,145.2,145.2,0.0
1900,island2,5,162.0,1354.4,234.9,234.9,0.0
1900,island3,5,1087.8,1471.4,163.7,163.7,0.0
1900,island4,5,1087.8,1871.9,183.0,183.0,0.0
1900,island5,5,141.0,2155.4,241.5,241.5,0.0
1900,island7,5,126.0,58.4,182.7,182.7,0.0
1900,island8,5,1009.5,283.4,156.6,156.6,0.0
1900,coral1,1,261.7,1049.8,21.3,21.3,0.0
1900,coral2,1,1112.9,-150.9,28.8,28.8,0.0
1900,coral4,1,-89.5,1688.3,26.9,26.9,0.0
1900,coral7,1,-143.3,-84.1,40.8,40.8,0.0
1900,coral9,1,936.4,-245.4,22.4,22.4,0.0
1900,coral10,1,1124.6,25.3,17.6,17.6,0.0
1900,coral11,1,183.5,1663.7,31.7,31.7,0.0
1900,coral14,1,19.3,1880.6,21.2,21.2,0.0
1900,coral16,1,217.5,283.3,32.2,32.2,0.0
1900,coral17,1,181.4,-273.3,25.0,25.0,0.0
1900,coral20,1,292.3,1811.1,28.0,28.0,0.0
1900,coral22,1,-7.5,419.4,33.2,33.2,0.0
1900,coral24,1,341.5,1583.0,29.4,29.4,0.0
1900,coral25,1,-158.5,305.8,37.2,37.2,0.0
1900,coral26,1,1226.4,351.3,34.4,34.4,0.0
1900,coral28,1,1153.5,559.9,37.9,37.9,0.0
1900,coral30,1,1004.0,803.4,37.9,37.9,0.0
1900,coral32,1,900.2,965.7,29.4,29.4,0.0
1900,coral33,1,-146.2,1932.4,32.7,32.7,0.0
1900,coral34,1,896.8,619.0,31.4,31.4,0.0
1900,coral35,1,-127.5,549.4,18.0,18.0,0.0
1900,coral37,1,-137.0,1511.6,34.2,34.2,0.0
1900,coral38,1,-0.0,-204.5,36.5,36.5,0.0
1900,coral42,1,1173.1,857.0,18.8,18.8,0.0
1900,coral43,1,962.6,62.3,28.1,28.1,0.0
1900,coral44,1,910.8,2046.2,22.7,22.7,0.0
1900,coral45,1,-100.2,893.3,27.9,27.9,0.0
1900,coral47,1,1207.0,180.7,28.4,28.4,0.0
1900,coral48,1,1221.8,1650.2,28.9,28.9,0.0
1900,coral51,1,383.2,150.5,23.2,23.2,0.0
1900,coral54,1,1226.3,1264.0,21.7,21.7,0.0
1900,coral55,1,16.6,1028.5,29.9,29.9,0.0
1900,coral57,1,909.5,1342.5,32.3,32.3,0.0
1900,coral59,1,333.5,432.6,33.5,33.5,0.0
1900,manta,2,625.5,798.3,184.5,184.5,0.0
1900,turtle0,2,570.6,178.6,55.8,55.8,0.0
1900,turtle1,2,513.1,1732.4,55.8,55.8,0.0
1900,school0,2,689.6,403.4,121.5,121.5,0.0
1900,school1,2,617.9,-281.8,121.5,121.5,0.0
1900,boat,4,555.0,1180.0,61.2,154.8,0.0
1902,island0,5,162.0,722.6,261.0,261.0,0.0
1902,island1,5,1055.2,1160.0,145.2,145.2,0.0
1902,island2,5,162.0,1361.6,234.9,234.9,0.0
1902,island3,5,1087.8,1478.6,163.7,163.7,0.0
1902,island4,5,1087.8,1879.1,183.0,183.0,0.0
1902,island5,5,141.0,2162.6,241.5,241.5,0.0
1902,island7,5,126.0,65.6,182.7,182.7,0.0
1902,island8,5,1009.5,290.6,156.6,156.6,0.0
1902,coral1,1,261.7,1056.9,21.3,21.3,0.0
1902,coral2,1,1112.9,-143.7,28.8,28.8,0.0
1902,coral4,1,-89.5,1695.5,26.9,26.9,0.0
1902,coral7,1,-143.3,-76.9,40.8,40.8,0.0
1902,coral9,1,936.4,-238.2,22.4,22.4,0.0
1902,coral10,1,1124.6,32.4,17.6,17.6,0.0
1902,coral11,1,183.5,1670.8,31.7,31.7,0.0
1902,coral14,1,19.3,1887.7,21.2,21.2,0.0
1902,coral16,1,217.5,290.5,32.2,32.2,0.0
1902,coral17,1,181.4,-266.2,25.0,25.0,0.0
1902,coral20,1,292.3,1818.2,28.0,28.0,0.0
1902,coral22,1,-7.5,426.6,33.2,33.2,0.0
1902,coral24,1,341.5,1590.2,29.4,29.4,0.0
1902,coral25,1,-158.5,313.0,37.2,37.2,0.0
1902,coral26,1,1226.4,358.5,34.4,34.4,0.0
1902,coral28,1,1153.5,567.1,37.9,37.9,0.0
1902,coral30,1,1004.0,810.5,37.9,37.9,0.0
1902,coral32,1,900.2,972.8,29.4,29.4,0.0
1902,coral33,1,-146.2,1939.6,32.7,32.7,0.0
1902,coral34,1,896.8,626.2,31.4,31.4,0.0
1902,coral35,1,-127.5,556.5,18.0,18.0,0.0
1902,coral37,1,-137.0,1518.8,34.2,34.2,0.0
1902,coral38,1,-0.0,-197.4,36.5,36.5,0.0
1902,coral42,1,1173.1,864.2,18.8,18.8,0.0
1902,coral43,1,962.6,69.4,28.1,28.1,0.0
1902,coral44,1,910.8,2053.3,22.7,22.7,0.0
1902,coral45,1,-100.2,900.5,27.9,27.9,0.0
1902,coral47,1,1207.0,187.8,28.4,28.4,0.0
1902,coral48,1,1221.8,1657.4,28.9,28.9,0.0
1902,coral51,1,383.2,157.6,23.2,23.2,0.0
1902,coral54,1,1226.3,1271.1,21.7,21.7,0.0
1902,coral55,1,16.6,1035.6,29.9,29.9,0.0
1902,coral57,1,909.5,1349.7,32.3,32.3,0.0
1902,coral59,1,333.5,439.7,33.5,33.5,0.0
1902,manta,2,625.9,800.0,184.5,184.5,0.0
1902,turtle0,2,568.9,182.2,55.8,55.8,0.0
1902,turtle1,2,515.2,1737.9,55.8,55.8,0.0
1902,school0,2,688.0,405.5,121.5,121.5,0.0
1902,school1,2,618.2,-275.0,121.5,121.5,0.0
1902,boat,4,555.0,1180.0,61.2,154.8,0.0
1904,island0,5,162.0,729.7,261.0,261.0,0.0
1904,island1,5,1055.2,1167.1,145.2,145.2,0.0
1904,island2,5,162.0,1368.7,234.9,234.9,0.0
1904,island3,5,1087.8,1485.7,163.7,163.7,0.0
1904,island4,5,1087.8,1886.2,183.0,183.0,0.0
1904,island5,5,141.0,2169.7,241.5,241.5,0.0
1904,island7,5,126.0,72.7,182.7,182.7,0.0
1904,island8,5,1009.5,297.7,156.6,156.6,0.0
1904,coral1,1,261.7,1064.1,21.3,21.3,0.0
1904,coral2,1,1112.9,-136.5,28.8,28.8,0.0
1904,coral4,1,-89.5,1702.6,26.9,26.9,0.0
1904,coral7,1,-143.3,-69.7,40.8,40.8,0.0
1904,coral9,1,936.4,-231.1,22.4,22.4,0.0
1904,coral10,1,1124.6,39.6,17.6,17.6,0.0
1904,coral11,1,183.5,1678.0,31.7,31.7,0.0
1904,coral14,1,19.3,1894.9,21.2,21.2,0.0
1904,coral16,1,217.5,297.6,32.2,32.2,0.0
1904,coral17,1,181.4,-259.0,25.0,25.0,0.0
1904,coral20,1,292.3,1825.4,28.0,28.0,0.0
1904,coral22,1,-7.5,433.7,33.2,33.2,0.0
1904,coral24,1,341.5,1597.4,29.4,29.4,0.0
1904,coral25,1,-158.5,320.1,37.2,37.2,0.0
1904,coral26,1,1226.4,365.7,34.4,34.4,0.0
1904,coral28,1,1153.5,574.2,37.9,37.9,0.0
1904,coral30,1,1004.0,817.7,37.9,37.9,0.0
1904,coral32,1,900.2,980.0,29.4,29.4,0.0
1904,coral33,1,-146.2,1946.7,32.7,32.7,0.0
1904,coral34,1,896.8,633.3,31.4,31.4,0.0
1904,coral35,1,-127.5,563.7,18.0,18.0,0.0
1904,coral37,1,-137.0,1526.0,34.2,34.2,0.0
1904,coral38,1,-0.0,-190.2,36.5,36.5,0.0
1904,coral42,1,1173.1,871.3,18.8,18.8,0.0
1904,coral43,1,962.6,76.6,28.1,28.1,0.0
1904,coral44,1,910.8,2060.5,22.7,22.7,0.0
1904,coral45,1,-100.2,907.7,27.9,27.9,0.0
1904,coral47,1,1207.0,195.0,28.4,28.4,0.0
1904,coral48,1,1221.8,1664.5,28.9,28.9,0.0
1904,coral51,1,383.2,164.8,23.2,23.2,0.0
1904,coral54,1,1226.3,1278.3,21.7,21.7,0.0
1904,coral55,1,16.6,1042.8,29.9,29.9,0.0
1904,coral57,1,909.5,1356.8,32.3,32.3,0.0
1904,coral59,1,333.5,446.9,33.5,33.5,0.0
1904,manta,2,626.4,801.8,184.5,184.5,0.0
1904,turtle0,2,567.1,185.8,55.8,55.8,0.0
1904,turtle1,2,517.2,1743.4,55.8,55.8,0.0
1904,school0,2,686.1,407.5,121.5,121.5,0.0
1904,school1,2,618.6,-268.2,121.5,121.5,0.0
1904,boat,4,555.0,1180.0,61.2,154.8,0.0
1906,island0,5,162.0,736.9,261.0,261.0,0.0
1906,island1,5,1055.2,1174.3,145.2,145.2,0.0
1906,island2,5,162.0,1375.9,234.9,234.9,0.0
1906,island3,5,1087.8,1492.9,163.7,163.7,0.0
1906,island4,5,1087.8,1893.4,183.0,183.0,0.0
1906,island5,5,141.0,2176.9,241.5,241.5,0.0
1906,island7,5,126.0,79.9,182.7,182.7,0.0
1906,island8,5,1009.5,304.9,156.6,156.6,0.0
1906,coral1,1,261.7,1071.3,21.3,21.3,0.0
1906,coral2,1,1112.9,-129.4,28.8,28.8,0.0
1906,coral4,1,-89.5,1709.8,26.9,26.9,0.0
1906,coral7,1,-143.3,-62.6,40.8,40.8,0.0
1906,coral9,1,936.4,-223.9,22.4,22.4,0.0
1906,coral10,1,1124.6,46.7,17.6,17.6,0.0
1906,coral11,1,183.5,1685.2,31.7,31.7,0.0
1906,coral14,1,19.3,1902.0,21.2,21.2,0.0
1906,coral16,1,217.5,304.8,32.2,32.2,0.0
1906,coral17,1,181.4,-251.9,25.0,25.0,0.0
1906,coral20,1,292.3,1832.5,28.0,28.0,0.0
1906,coral22,1,-7.5,440.9,33.2,33.2,0.0
1906,coral24,1,341.5,1604.5,29.4,29.4,0.0
1906,coral25,1,-158.5,327.3,37.2,37.2,0.0
1906,coral26,1,1226.4,372.8,34.4,34.4,0.0
1906,coral28,1,1153.5,581.4,37.9,37.9,0.0
1906,coral30,1,1004.0,824.8,37.9,37.9,0.0
1906,coral32,1,900.2,987.1,29.4,29.4,0.0
1906,coral33,1,-146.2,1953.9,32.7,32.7,0.0
1906,coral34,1,896.8,640.5,31.4,31.4,0.0
1906,coral35,1,-127.5,570.8,18.0,18.0,0.0
1906,coral37,1,-137.0,1533.1,34.2,34.2,0.0
1906,coral38,1,-0.0,-183.1,36.5,36.5,0.0
1906,coral42,1,1173.1,878.5,18.8,18.8,0.0
1906,coral43,1,962.6,83.7,28.1,28.1,0.0
1906,coral44,1,910.8,2067.6,22.7,22.7,0.0
1906,coral45,1,-100.2,914.8,27.9,27.9,0.0
1906,coral47,1,1207.0,202.1,28.4,28.4,0.0
1906,coral48,1,1221.8,1671.7,28.9,28.9,0.0
1906,coral51,1,383.2,172.0,23.2,23.2,0.0
1906,coral54,1,1226.3,1285.4,21.7,21.7,0.0
1906,coral55,1,16.6,1049.9,29.9,29.9,0.0
1906,coral57,1,909.5,1364.0,32.3,32.3,0.0
1906,coral59,1,333.5,454.0,33.5,33.5,0.0
1906,manta,2,627.0,803.6,184.5,184.5,0.0
1906,turtle0,2,565.3,189.4,55.8,55.8,0.0
1906,turtle1,2,519.1,1748.8,55.8,55.8,0.0
1906,school0,2,684.1,409.7,121.5,121.5,0.0
1906,school1,2,619.0,-261.5,121.5,121.5,0.0
1906,boat,4,555.0,1180.0,61.2,154.8,0.0
1908,island0,5,162.0,744.1,261.0,261.0,0.0
1908,island1,5,1055.2,1181.5,145.2,145.2,0.0
1908,island2,5,162.0,1383.1,234.9,234.9,0.0
1908,island3,5,1087.8,1500.1,163.7,163.7,0.0
1908,island4,5,1087.8,1900.6,183.0,183.0,0.0
1908,island5,5,141.0,2184.1,241.5,241.5,0.0
1908,island7,5,126.0,87.1,182.7,182.7,0.0
1908,island8,5,1009.5,312.1,156.6,156.6,0.0
1908,coral1,1,261.7,1078.4,21.3,21.3,0.0
1908,coral2,1,1112.9,-122.2,28.8,28.8,0.0
1908,coral4,1,-89.5,1716.9,26.9,26.9,0.0
1908,coral7,1,-143.3,-55.4,40.8,40.8,0.0
1908,coral9,1,936.4,-216.8,22.4,22.4,0.0
1908,coral10,1,1124.6,53.9,17.6,17.6,0.0
1908,coral11,1,183.5,1692.3,31.7,31.7,0.0
1908,coral14,1,19.3,1909.2,21.2,21.2,0.0
1908,coral16,1,217.5,311.9,32.2,32.2,0.0
1908,coral17,1,181.4,-244.7,25.0,25.0,0.0
1908,coral20,1,292.3,1839.7,28.0,28.0,0.0
1908,coral22,1,-7.5,448.1,33.2,33.2,0.0
1908,coral24,1,341.5,1611.7,29.4,29.4,0.0
1908,coral25,1,-158.5,334.4,37.2,37.2,0.0
1908,coral26,1,1226.4,380.0,34.4,34.4,0.0
1908,coral28,1,1153.5,588.5,37.9,37.9,0.0
1908,coral30,1,1004.0,832.0,37.9,37.9,0.0
1908,coral32,1,900.2,994.3,29.4,29.4,0.0
1908,coral33,1,-146.2,1961.1,32.7,32.7,0.0
1908,coral34,1,896.8,647.6,31.4,31.4,0.0
1908,coral35,1,-127.5,578.0,18.0,18.0,0.0
1908,coral37,1,-137.0,1540.3,34.2,34.2,0.0
1908,coral38,1,-0.0,-175.9,36.5,36.5,0.0
1908,coral42,1,1173.1,885.6,18.8,18.8,0.0
1908,coral43,1,962.6,90.9,28.1,28.1,0.0
1908,coral44,1,910.8,2074.8,22.7,22.7,0.0
1908,coral45,1,-100.2,922.0,27.9,27.9,0.0
1908,coral47,1,1207.0,209.3,28.4,28.4,0.0
1908,coral48,1,1221.8,1678.8,28.9,28.9,0.0
1908,coral51,1,383.2,179.1,23.2,23.2,0.0
1908,coral54,1,1226.3,1292.6,21.7,21.7,0.0
1908,coral55,1,16.6,1057.1,29.9,29.9,0.0
1908,coral57,1,909.5,1371.1,32.3,32.3,0.0
1908,coral59,1,333.5,461.2,33.5,33.5,0.0
1908,manta,2,627.7,805.4,184.5,184.5,0.0
1908,turtle0,2,563.5,193.1,55.8,55.8,0.0
1908,turtle1,2,521.0,1754.1,55.8,55.8,0.0
1908,school0,2,682.0,411.9,121.5,121.5,0.0
1908,school1,2,619.4,-254.7,121.5,121.5,0.0
1908,boat,4,555.0,1180.0,61.2,154.8,0.0
1910,island0,5,162.0,751.2,261.0,261.0,0.0
1910,island1,5,1055.2,1188.6,145.2,145.2,0.0
1910,island2,5,162.0,1390.2,234.9,234.9,0.0
1910,island3,5,1087.8,1507.2,163.7,163.7,0.0
1910,island4,5,1087.8,1907.7,183.0,183.0,0.0
1910,island5,5,141.0,2191.2,241.5,241.5,0.0
1910,island7,5,126.0,94.2,182.7,182.7,0.0
1910,island8,5,1009.5,319.2,156.6,156.6,0.0
1910,coral1,1,261.7,1085.6,21.3,21.3,0.0
1910,coral2,1,1112.9,-115.1,28.8,28.8,0.0
1910,coral4,1,-89.5,1724.1,26.9,26.9,0.0
1910,coral7,1,-143.3,-48.3,40.8,40.8,0.0
1910,coral9,1,936.4,-209.6,22.4,22.4,0.0
1910,coral10,1,1124.6,61.0,17.6,17.6,0.0
1910,coral11,1,183.5,1699.5,31.7,31.7,0.0
1910,coral14,1,19.3,1916.3,21.2,21.2,0.0
1910,coral16,1,217.5,319.1,32.2,32.2,0.0
1910,coral17,1,181.4,-237.6,25.0,25.0,0.0
1910,coral20,1,292.3,1846.8,28.0,28.0,0.0
1910,coral22,1,-7.5,455.2,33.2,33.2,0.0
1910,coral24,1,341.5,1618.8,29.4,29.4,0.0
1910,coral25,1,-158.5,341.6,37.2,37.2,0.0
1910,coral26,1,1226.4,387.1,34.4,34.4,0.0
1910,coral28,1,1153.5,595.7,37.9,37.9,0.0
1910,coral30,1,1004.0,839.1,37.9,37.9,0.0
1910,coral32,1,900.2,1001.4,29.4,29.4,0.0
1910,coral33,1,-146.2,1968.2,32.7,32.7,0.0
1910,coral34,1,896.8,654.8,31.4,31.4,0.0
1910,coral35,1,-127.5,585.1,18.0,18.0,0.0
1910,coral37,1,-137.0,1547.4,34.2,34.2,0.0
1910,coral38,1,-0.0,-168.8,36.5,36.5,0.0
1910,coral42,1,1173.1,892.8,18.8,18.8,0.0
1910,coral43,1,962.6,98.0,28.1,28.1,0.0
1910,coral44,1,910.8,2082.0,22.7,22.7,0.0
1910,coral45,1,-100.2,929.1,27.9,27.9,0.0
1910,coral47,1,1207.0,216.4,28.4,28.4,0.0
1910,coral48,1,1221.8,1686.0,28.9,28.9,0.0
1910,coral51,1,383.2,186.3,23.2,23.2,0.0
1910,coral54,1,1226.3,1299.7,21.7,21.7,0.0
1910,coral55,1,16.6,1064.3,29.9,29.9,0.0
1910,coral57,1,909.5,1378.3,32.3,32.3,0.0
1910,coral59,1,333.5,468.4,33.5,33.5,0.0
1910,manta,2,628.4,807.2,184.5,184.5,0.0
1910,turtle0,2,561.7,196.7,55.8,55.8,0.0
1910,turtle1,2,522.8,1759.4,55.8,55.8,0.0
1910,school0,2,679.8,414.1,121.5,121.5,0.0
1910,school1,2,619.8,-248.0,121.5,121.5,0.0
1910,boat,4,555.0,1180.0,61.2,154.8,0.0
1912,island0,5,162.0,758.4,261.0,261.0,0.0
1912,island1,5,1055.2,1195.8,145.2,145.2,0.0
1912,island2,5,162.0,1397.4,234.9,234.9,0.0
1912,island3,5,1087.8,1514.4,163.7,163.7,0.0
1912,island4,5,1087.8,1914.9,183.0,183.0,0.0
1912,island5,5,141.0,2198.4,241.5,241.5,0.0
1912,island7,5,126.0,101.4,182.7,182.7,0.0
1912,island8,5,1009.5,326.4,156.6,156.6,0.0
1912,coral1,1,261.7,1092.7,21.3,21.3,0.0
1912,coral2,1,1112.9,-107.9,28.8,28.8,0.0
1912,coral4,1,-89.5,1731.2,26.9,26.9,0.0
1912,coral7,1,-143.3,-41.1,40.8,40.8,0.0
1912,coral9,1,936.4,-202.5,22.4,22.4,0.0
1912,coral10,1,1124.6,68.2,17.6,17.6,0.0
1912,coral11,1,183.5,1706.6,31.7,31.7,0.0
1912,coral14,1,19.3,1923.5,21.2,21.2,0.0
1912,coral16,1,217.5,326.2,32.2,32.2,0.0
1912,coral17,1,181.4,-230.4,25.0,25.0,0.0
1912,coral20,1,292.3,1854.0,28.0,28.0,0.0
1912,coral22,1,-7.5,462.4,33.2,33.2,0.0
1912,coral24,1,341.5,1626.0,29.4,29.4,0.0
1912,coral25,1,-158.5,348.8,37.2,37.2,0.0
1912,coral26,1,1226.4,394.3,34.4,34.4,0.0
1912,coral28,1,1153.5,602.8,37.9,37.9,0.0
1912,coral30,1,1004.0,846.3,37.9,37.9,0.0
1912,coral32,1,900.2,1008.6,29.4,29.4,0.0
1912,coral33,1,-146.2,1975.4,32.7,32.7,0.0
1912,coral34,1,896.8,661.9,31.4,31.4,0.0
1912,coral35,1,-127.5,592.3,18.0,18.0,0.0
1912,coral37,1,-137.0,1554.6,34.2,34.2,0.0
1912,coral38,1,-0.0,-161.6,36.5,36.5,0.0
1912,coral42,1,1173.1,899.9,18.8,18.8,0.0
1912,coral43,1,962.6,105.2,28.1,28.1,0.0
1912,coral44,1,910.8,2089.1,22.7,22.7,0.0
1912,coral45,1,-100.2,936.3,27.9,27.9,0.0
1912,coral47,1,1207.0,223.6,28.4,28.4,0.0
1912,coral48,1,1221.8,1693.2,28.9,28.9,0.0
1912,coral51,1,383.2,193.4,23.2,23.2,0.0
1912,coral54,1,1226.3,1306.9,21.7,21.7,0.0
1912,coral55,1,16.6,1071.4,29.9,29.9,0.0
1912,coral57,1,909.5,1385.4,32.3,32.3,0.0
1912,coral59,1,333.5,475.5,33.5,33.5,0.0
1912,manta,2,629.2,809.0,184.5,184.5,0.0
1912,turtle0,2,559.9,200.3,55.8,55.8,0.0
1912,turtle1,2,524.6,1764.6,55.8,55.8,0.0
1912,school0,2,677.6,416.3,121.5,121.5,0.0
1912,school1,2,620.2,-241.2,121.5,121.5,0.0
1912,boat,4,555.0,1180.0,61.2,154.8,0.0
1914,island0,5,162.0,765.5,261.0,261.0,0.0
1914,island1,5,1055.2,1202.9,145.2,145.2,0.0
1914,island2,5,162.0,1404.5,234.9,234.9,0.0
1914,island3,5,1087.8,1521.5,163.7,163.7,0.0
1914,island4,5,1087.8,1922.0,183.0,183.0,0.0
1914,island5,5,141.0,2205.5,241.5,241.5,0.0
1914,island7,5,126.0,108.5,182.7,182.7,0.0
1914,island8,5,1009.5,333.5,156.6,156.6,0.0
1914,coral1,1,261.7,1099.9,21.3,21.3,0.0
1914,coral2,1,1112.9,-100.8,28.8,28.8,0.0
1914,coral4,1,-89.5,1738.4,26.9,26.9,0.0
1914,coral7,1,-143.3,-34.0,40.8,40.8,0.0
1914,coral9,1,936.4,-195.3,22.4,22.4,0.0
1914,coral10,1,1124.6,75.3,17.6,17.6,0.0
1914,coral11,1,183.5,1713.8,31.7,31.7,0.0
1914,coral14,1,19.3,1930.6,21.2,21.2,0.0
1914,coral16,1,217.5,333.4,32.2,32.2,0.0
1914,coral17,1,181.4,-223.3,25.0,25.0,0.0
1914,coral20,1,292.3,1861.2,28.0,28.0,0.0
1914,coral22,1,-7.5,469.5,33.2,33.2,0.0
1914,coral24,1,341.5,1633.1,29.4,29.4,0.0
1914,coral25,1,-158.5,355.9,37.2,37.2,0.0
1914,coral26,1,1226.4,401.4,34.4,34.4,0.0
1914,coral28,1,1153.5,610.0,37.9,37.9,0.0
1914,coral29,1,1218.6,-298.5,31.6,31.6,0.0
1914,coral30,1,1004.0,853.4,37.9,37.9,0.0
1914,coral32,1,900.2,1015.7,29.4,29.4,0.0
1914,coral33,1,-146.2,1982.5,32.7,32.7,0.0
1914,coral34,1,896.8,669.1,31.4,31.4,0.0
1914,coral35,1,-127.5,599.4,18.0,18.0,0.0
1914,coral37,1,-137.0,1561.7,34.2,34.2,0.0
1914,coral38,1,-0.0,-154.5,36.5,36.5,0.0
1914,coral42,1,1173.1,907.1,18.8,18.8,0.0
1914,coral43,1,962.6,112.4,28.1,28.1,0.0
1914,coral44,1,910.8,2096.3,22.7,22.7,0.0
1914,coral45,1,-100.2,943.4,27.9,27.9,0.0
1914,coral47,1,1207.0,230.8,28.4,28.4,0.0
1914,coral48,1,1221.8,1700.3,28.9,28.9,0.0
1914,coral51,1,383.2,200.6,23.2,23.2,0.0
1914,coral54,1,1226.3,1314.0,21.7,21.7,0.0
1914,coral55,1,16.6,1078.6,29.9,29.9,0.0
1914,coral57,1,909.5,1392.6,32.3,32.3,0.0
1914,coral59,1,333.5,482.7,33.5,33.5,0.0
1914,manta,2,630.1,810.8,184.5,184.5,0.0
1914,turtle0,2,558.0,204.0,55.8,55.8,0.0
1914,turtle1,2,526.4,1769.8,55.8,55.8,0.0
1914,school0,2,675.3,418.6,121.5,121.5,0.0
1914,school1,2,620.6,-234.5,121.5,121.5,0.0
1914,boat,4,555.0,1180.0,61.2,154.8,0.0
1916,island0,5,162.0,772.7,261.0,261.0,0.0
1916,island1,5,1055.2,1210.1,145.2,145.2,0.0
1916,island2,5,162.0,1411.7,234.9,234.9,0.0
1916,island3,5,1087.8,1528.7,163.7,163.7,0.0
1916,island4,5,1087.8,1929.2,183.0,183.0,0.0
1916,island5,5,141.0,2212.7,241.5,241.5,0.0
1916,island7,5,126.0,115.7,182.7,182.7,0.0
1916,island8,5,1009.5,340.7,156.6,156.6,0.0
1916,coral1,1,261.7,1107.0,21.3,21.3,0.0
1916,coral2,1,1112.9,-93.6,28.8,28.8,0.0
1916,coral4,1,-89.5,1745.5,26.9,26.9,0.0
1916,coral7,1,-143.3,-26.8,40.8,40.8,0.0
1916,coral9,1,936.4,-188.2,22.4,22.4,0.0
1916,coral10,1,1124.6,82.5,17.6,17.6,0.0
1916,coral11,1,183.5,1720.9,31.7,31.7,0.0
1916,coral14,1,19.3,1937.8,21.2,21.2,0.0
1916,coral16,1,217.5,340.5,32.2,32.2,0.0
1916,coral17,1,181.4,-216.1,25.0,25.0,0.0
1916,coral20,1,292.3,1868.3,28.0,28.0,0.0
1916,coral22,1,-7.5,476.7,33.2,33.2,0.0
1916,coral24,1,341.5,1640.3,29.4,29.4,0.0
1916,coral25,1,-158.5,363.1,37.2,37.2,0.0
1916,coral26,1,1226.4,408.6,34.4,34.4,0.0
1916,coral28,1,1153.5,617.2,37.9,37.9,0.0
1916,coral29,1,1218.6,-291.4,31.6,31.6,0.0
1916,coral30,1,1004.0,860.6,37.9,37.9,0.0
1916,coral32,1,900.2,1022.9,29.4,29.4,0.0
1916,coral33,1,-146.2,1989.7,32.7,32.7,0.0
1916,coral34,1,896.8,676.2,31.4,31.4,0.0
1916,coral35,1,-127.5,606.6,18.0,18.0,0.0
1916,coral37,1,-137.0,1568.9,34.2,34.2,0.0
1916,coral38,1,-0.0,-147.3,36.5,36.5,0.0
1916,coral42,1,1173.1,914.2,18.8,18.8,0.0
1916,coral43,1,962.6,119.5,28.1,28.1,0.0
1916,coral44,1,910.8,2103.4,22.7,22.7,0.0
1916,coral45,1,-100.2,950.6,27.9,27.9,0.0
1916,coral47,1,1207.0,237.9,28.4,28.4,0.0
1916,coral48,1,1221.8,1707.5,28.9,28.9,0.0
1916,coral51,1,383.2,207.7,23.2,23.2,0.0
1916,coral54,1,1226.3,1321.2,21.7,21.7,0.0
1916,coral55,1,16.6,1085.7,29.9,29.9,0.0
1916,coral57,1,909.5,1399.7,32.3,32.3,0.0
1916,coral59,1,333.5,489.8,33.5,33.5,0.0
1916,manta,2,631.0,812.7,184.5,184.5,0.0
1916,turtle0,2,556.2,207.6,55.8,55.8,0.0
1916,turtle1,2,528.2,1775.0,55.8,55.8,0.0
1916,school0,2,673.0,420.8,121.5,121.5,0.0
1916,school1,2,621.0,-227.7,121.5,121.5,0.0
1916,boat,4,555.0,1180.0,61.2,154.8,0.0
1918,island0,5,162.0,779.8,261.0,261.0,0.0
1918,island1,5,1055.2,1217.2,145.2,145.2,0.0
1918,island2,5,162.0,1418.8,234.9,234.9,0.0
1918,island3,5,1087.8,1535.8,163.7,163.7,0.0
1918,island4,5,1087.8,1936.3,183.0,183.0,0.0
1918,island5,5,141.0,2219.8,241.5,241.5,0.0
1918,island7,5,126.0,122.8,182.7,182.7,0.0
1918,island8,5,1009.5,347.8,156.6,156.6,0.0
1918,coral1,1,261.7,1114.2,21.3,21.3,0.0
1918,coral2,1,1112.9,-86.5,28.8,28.8,0.0
1918,coral4,1,-89.5,1752.7,26.9,26.9,0.0
1918,coral7,1,-143.3,-19.7,40.8,40.8,0.0
1918,coral9,1,936.4,-181.0,22.4,22.4,0.0
1918,coral10,1,1124.6,89.7,17.6,17.6,0.0
1918,coral11,1,183.5,1728.1,31.7,31.7,0.0
1918,coral14,1,19.3,1944.9,21.2,21.2,0.0
1918,coral16,1,217.5,347.7,32.2,32.2,0.0
1918,coral17,1,181.4,-208.9,25.0,25.0,0.0
1918,coral20,1,292.3,1875.5,28.0,28.0,0.0
1918,coral22,1,-7.5,483.8,33.2,33.2,0.0
1918,coral24,1,341.5,1647.4,29.4,29.4,0.0
1918,coral25,1,-158.5,370.2,37.2,37.2,0.0
1918,coral26,1,1226.4,415.7,34.4,34.4,0.0
1918,coral28,1,1153.5,624.3,37.9,37.9,0.0
1918,coral29,1,1218.6,-284.2,31.6,31.6,0.0
1918,coral30,1,1004.0,867.7,37.9,37.9,0.0
1918,coral32,1,900.2,1030.1,29.4,29.4,0.0
1918,coral33,1,-146.2,1996.8,32.7,32.7,0.0
1918,coral34,1,896.8,683.4,31.4,31.4,0.0
1918,coral35,1,-127.5,613.7,18.0,18.0,0.0
1918,coral37,1,-137.0,1576.0,34.2,34.2,0.0
1918,coral38,1,-0.0,-140.2,36.5,36.5,0.0
1918,coral42,1,1173.1,921.4,18.8,18.8,0.0
1918,coral43,1,962.6,126.7,28.1,28.1,0.0
1918,coral44,1,910.8,2110.6,22.7,22.7,0.0
1918,coral45,1,-100.2,957.7,27.9,27.9,0.0
1918,coral47,1,1207.0,245.1,28.4,28.4,0.0
1918,coral48,1,1221.8,1714.6,28.9,28.9,0.0
1918,coral51,1,383.2,214.9,23.2,23.2,0.0
1918,coral54,1,1226.3,1328.4,21.7,21.7,0.0
1918,coral55,1,16.6,1092.9,29.9,29.9,0.0
1918,coral57,1,909.5,1406.9,32.3,32.3,0.0
1918,coral59,1,333.5,497.0,33.5,33.5,0.0
1918,manta,2,632.0,814.5,184.5,184.5,0.0
1918,turtle0,2,554.4,211.3,55.8,55.8,0.0
1918,turtle1,2,529.9,1780.1,55.8,55.8,0.0
1918,school0,2,670.8,423.1,121.5,121.5,0.0
1918,school1,2,621.4,-221.0,121.5,121.5,0.0
1918,boat,4,555.0,1180.0,61.2,154.8,0.0
1920,island0,5,162.0,787.0,261.0,261.0,0.0
1920,island1,5,1055.2,1224.4,145.2,145.2,0.0
1920,island2,5,162.0,1426.0,234.9,234.9,0.0
1920,island3,5,1087.8,1543.0,163.7,163.7,0.0
1920,island4,5,1087.8,1943.5,183.0,183.0,0.0
1920,island7,5,126.0,130.0,182.7,182.7,0.0
1920,island8,5,1009.5,355.0,156.6,156.6,0.0
1920,coral1,1,261.7,1121.3,21.3,21.3,0.0
1920,coral2,1,1112.9,-79.3,28.8,28.8,0.0
1920,coral4,1,-89.5,1759.9,26.9,26.9,0.0
1920,coral7,1,-143.3,-12.5,40.8,40.8,0.0
1920,coral9,1,936.4,-173.9,22.4,22.4,0.0
1920,coral10,1,1124.6,96.8,17.6,17.6,0.0
1920,coral11,1,183.5,1735.2,31.7,31.7,0.0
1920,coral14,1,19.3,1952.1,21.2,21.2,0.0
1920,coral16,1,217.5,354.8,32.2,32.2,0.0
1920,coral17,1,181.4,-201.8,25.0,25.0,0.0
1920,coral20,1,292.3,1882.6,28.0,28.0,0.0
1920,coral22,1,-7.5,491.0,33.2,33.2,0.0
1920,coral24,1,341.5,1654.6,29.4,29.4,0.0
1920,coral25,1,-158.5,377.4,37.2,37.2,0.0
1920,coral26,1,1226.4,422.9,34.4,34.4,0.0
1920,coral28,1,1153.5,631.5,37.9,37.9,0.0
1920,coral29,1,1218.6,-277.1,31.6,31.6,0.0
1920,coral30,1,1004.0,874.9,37.9,37.9,0.0
1920,coral32,1,900.2,1037.2,29.4,29.4,0.0
1920,coral33,1,-146.2,2004.0,32.7,32.7,0.0
1920,coral34,1,896.8,690.5,31.4,31.4,0.0
1920,coral35,1,-127.5,620.9,18.0,18.0,0.0
1920,coral37,1,-137.0,1583.2,34.2,34.2,0.0
1920,coral38,1,-0.0,-133.0,36.5,36.5,0.0
1920,coral42,1,1173.1,928.5,18.8,18.8,0.0
1920,coral43,1,962.6,133.8,28.1,28.1,0.0
1920,coral44,1,910.8,2117.7,22.7,22.7,0.0
1920,coral45,1,-100.2,964.9,27.9,27.9,0.0
1920,coral47,1,1207.0,252.2,28.4,28.4,0.0
1920,coral48,1,1221.8,1721.8,28.9,28.9,0.0
1920,coral51,1,383.2,222.0,23.2,23.2,0.0
1920,coral54,1,1226.3,1335.5,21.7,21.7,0.0
1920,coral55,1,16.6,1100.0,29.9,29.9,0.0
1920,coral57,1,909.5,1414.0,32.3,32.3,0.0
1920,coral59,1,333.5,504.1,33.5,33.5,0.0
1920,manta,2,633.0,816.4,184.5,184.5,0.0
1920,turtle0,2,552.5,214.9,55.8,55.8,0.0
1920,turtle1,2,531.7,1785.3,55.8,55.8,0.0
1920,school0,2,668.5,425.3,121.5,121.5,0.0
1920,school1,2,621.8,-214.2,121.5,121.5,0.0
1920,boat,4,555.0,1180.0,61.2,154.8,0.0
1922,island0,5,162.0,794.1,261.0,261.0,0.0
1922,island1,5,1055.2,1231.5,145.2,145.2,0.0
1922,island2,5,162.0,1433.1,234.9,234.9,0.0
1922,island3,5,1087.8,1550.1,163.7,163.7,0.0
1922,island4,5,1087.8,1950.6,183.0,183.0,0.0
1922,island7,5,126.0,137.1,182.7,182.7,0.0
1922,island8,5,1009.5,362.1,156.6,156.6,0.0
1922,coral1,1,261.7,1128.5,21.3,21.3,0.0
1922,coral2,1,1112.9,-72.2,28.8,28.8,0.0
1922,coral4,1,-89.5,1767.0,26.9,26.9,0.0
1922,coral5,1,-38.3,-295.0,26.1,26.1,0.0
1922,coral7,1,-143.3,-5.4,40.8,40.8,0.0
1922,coral9,1,936.4,-166.7,22.4,22.4,0.0
1922,coral10,1,1124.6,104.0,17.6,17.6,0.0
1922,coral11,1,183.5,1742.4,31.7,31.7,0.0
1922,coral14,1,19.3,1959.2,21.2,21.2,0.0
1922,coral16,1,217.5,362.0,32.2,32.2,0.0
1922,coral17,1,181.4,-194.6,25.0,25.0,0.0
1922,coral20,1,292.3,1889.8,28.0,28.0,0.0
1922,coral22,1,-7.5,498.1,33.2,33.2,0.0
1922,coral24,1,341.5,1661.7,29.4,29.4,0.0
1922,coral25,1,-158.5,384.5,37.2,37.2,0.0
1922,coral26,1,1226.4,430.0,34.4,34.4,0.0
1922,coral28,1,1153.5,638.6,37.9,37.9,0.0
1922,coral29,1,1218.6,-269.9,31.6,31.6,0.0
1922,coral30,1,1004.0,882.1,37.9,37.9,0.0
1922,coral32,1,900.2,1044.4,29.4,29.4,0.0
1922,coral33,1,-146.2,2011.1,32.7,32.7,0.0
1922,coral34,1,896.8,697.7,31.4,31.4,0.0
1922,coral35,1,-127.5,628.1,18.0,18.0,0.0
1922,coral37,1,-137.0,1590.3,34.2,34.2,0.0
1922,coral38,1,-0.0,-125.8,36.5,36.5,0.0
1922,coral42,1,1173.1,935.7,18.8,18.8,0.0
1922,coral43,1,962.6,141.0,28.1,28.1,0.0
1922,coral44,1,910.8,2124.9,22.7,22.7,0.0
1922,coral45,1,-100.2,972.0,27.9,27.9,0.0
1922,coral47,1,1207.0,259.4,28.4,28.4,0.0
1922,coral48,1,1221.8,1728.9,28.9,28.9,0.0
1922,coral51,1,383.2,229.2,23.2,23.2,0.0
1922,coral54,1,1226.3,1342.7,21.7,21.7,0.0
1922,coral55,1,16.6,1107.2,29.9,29.9,0.0
1922,coral57,1,909.5,1421.2,32.3,32.3,0.0
1922,coral59,1,333.5,511.3,33.5,33.5,0.0
1922,manta,2,634.1,818.2,184.5,184.5,0.0
1922,turtle0,2,550.7,218.6,55.8,55.8,0.0
1922,turtle1,2,533.4,1790.4,55.8,55.8,0.0
1922,school0,2,666.2,427.6,121.5,121.5,0.0
1922,school1,2,622.2,-207.5,121.5,121.5,0.0
1922,boat,4,555.0,1180.0,61.2,154.8,0.0
1924,island0,5,162.0,801.3,261.0,261.0,0.0
1924,island1,5,1055.2,1238.7,145.2,145.2,0.0
1924,island2,5,162.0,1440.3,234.9,234.9,0.0
1924,island3,5,1087.8,1557.3,163.7,163.7,0.0
1924,island4,5,1087.8,1957.8,183.0,183.0,0.0
1924,island7,5,126.0,144.3,182.7,182.7,0.0
1924,island8,5,1009.5,369.3,156.6,156.6,0.0
1924,coral1,1,261.7,1135.6,21.3,21.3,0.0
1924,coral2,1,1112.9,-65.0,28.8,28.8,0.0
1924,coral4,1,-89.5,1774.2,26.9,26.9,0.0
1924,coral5,1,-38.3,-287.9,26.1,26.1,0.0
1924,coral7,1,-143.3,1.8,40.8,40.8,0.0
1924,coral9,1,936.4,-159.6,22.4,22.4,0.0
1924,coral10,1,1124.6,111.1,17.6,17.6,0.0
1924,coral11,1,183.5,1749.5,31.7,31.7,0.0
1924,coral14,1,19.3,1966.4,21.2,21.2,0.0
1924,coral16,1,217.5,369.2,32.2,32.2,0.0
1924,coral17,1,181.4,-187.5,25.0,25.0,0.0
1924,coral20,1,292.3,1896.9,28.0,28.0,0.0
1924,coral22,1,-7.5,505.3,33.2,33.2,0.0
1924,coral23,1,379.1,-293.2,18.2,18.2,0.0
1924,coral24,1,341.5,1668.9,29.4,29.4,0.0
1924,coral25,1,-158.5,391.7,37.2,37.2,0.0
1924,coral26,1,1226.4,437.2,34.4,34.4,0.0
1924,coral28,1,1153.5,645.8,37.9,37.9,0.0
1924,coral29,1,1218.6,-262.8,31.6,31.6,0.0
1924,coral30,1,1004.0,889.2,37.9,37.9,0.0
1924,coral32,1,900.2,1051.5,29.4,29.4,0.0
1924,coral33,1,-146.2,2018.3,32.7,32.7,0.0
1924,coral34,1,896.8,704.9,31.4,31.4,0.0
1924,coral35,1,-127.5,635.2,18.0,18.0,0.0
1924,coral37,1,-137.0,1597.5,34.2,34.2,0.0
1924,coral38,1,-0.0,-118.7,36.5,36.5,0.0
1924,coral42,1,1173.1,942.9,18.8,18.8,0.0
1924,coral43,1,962.6,148.1,28.1,28.1,0.0
1924,coral44,1,910.8,2132.0,22.7,22.7,0.0
1924,coral45,1,-100.2,979.2,27.9,27.9,0.0
1924,coral47,1,1207.0,266.5,28.4,28.4,0.0
1924,coral48,1,1221.8,1736.1,28.9,28.9,0.0
1924,coral51,1,383.2,236.3,23.2,23.2,0.0
1924,coral54,1,1226.3,1349.8,21.7,21.7,0.0
1924,coral55,1,16.6,1114.3,29.9,29.9,0.0
1924,coral57,1,909.5,1428.3,32.3,32.3,0.0
1924,coral59,1,333.5,518.4,33.5,33.5,0.0
1924,manta,2,635.1,820.1,184.5,184.5,0.0
1924,turtle0,2,548.8,222.2,55.8,55.8,0.0
1924,turtle1,2,535.2,1795.6,55.8,55.8,0.0
1924,school0,2,664.0,429.8,121.5,121.5,0.0
1924,school1,2,622.6,-200.8,121.5,121.5,0.0
1924,boat,4,555.0,1180.0,61.2,154.8,0.0
1926,island0,5,162.0,808.4,261.0,261.0,0.0
1926,island1,5,1055.2,1245.8,145.2,145.2,0.0
1926,island2,5,162.0,1447.4,234.9,234.9,0.0
1926,island3,5,1087.8,1564.4,163.7,163.7,0.0
1926,island4,5,1087.8,1964.9,183.0,183.0,0.0
1926,island7,5,126.0,151.4,182.7,182.7,0.0
1926,island8,5,1009.5,376.4,156.6,156.6,0.0
1926,coral1,1,261.7,1142.8,21.3,21.3,0.0
1926,coral2,1,1112.9,-57.8,28.8,28.8,0.0
1926,coral4,1,-89.5,1781.3,26.9,26.9,0.0
1926,coral5,1,-38.3,-280.7,26.1,26.1,0.0
1926,coral7,1,-143.3,9.0,40.8,40.8,0.0
1926,coral9,1,936.4,-152.4,22.4,22.4,0.0
1926,coral10,1,1124.6,118.3,17.6,17.6,0.0
1926,coral11,1,183.5,1756.7,31.7,31.7,0.0
1926,coral14,1,19.3,1973.6,21.2,21.2,0.0
1926,coral16,1,217.5,376.3,32.2,32.2,0.0
1926,coral17,1,181.4,-180.3,25.0,25.0,0.0
1926,coral20,1,292.3,1904.1,28.0,28.0,0.0
1926,coral22,1,-7.5,512.4,33.2,33.2,0.0
1926,coral23,1,379.1,-286.0,18.2,18.2,0.0
1926,coral24,1,341.5,1676.0,29.4,29.4,0.0
1926,coral25,1,-158.5,398.8,37.2,37.2,0.0
1926,coral26,1,1226.4,444.4,34.4,34.4,0.0
1926,coral28,1,1153.5,652.9,37.9,37.9,0.0
1926,coral29,1,1218.6,-255.6,31.6,31.6,0.0
1926,coral30,1,1004.0,896.4,37.9,37.9,0.0
1926,coral32,1,900.2,1058.7,29.4,29.4,0.0
1926,coral33,1,-146.2,2025.4,32.7,32.7,0.0
1926,coral34,1,896.8,712.0,31.4,31.4,0.0
1926,coral35,1,-127.5,642.4,18.0,18.0,0.0
1926,coral37,1,-137.0,1604.7,34.2,34.2,0.0
1926,coral38,1,-0.0,-111.5,36.5,36.5,0.0
1926,coral42,1,1173.1,950.0,18.8,18.8,0.0
1926,coral43,1,962.6,155.3,28.1,28.1,0.0
1926,coral44,1,910.8,2139.2,22.7,22.7,0.0
1926,coral45,1,-100.2,986.3,27.9,27.9,0.0
1926,coral47,1,1207.0,273.7,28.4,28.4,0.0
1926,coral48,1,1221.8,1743.2,28.9,28.9,0.0
1926,coral51,1,383.2,243.5,23.2,23.2,0.0
1926,coral54,1,1226.3,1357.0,21.7,21.7,0.0
1926,coral55,1,16.6,1121.5,29.9,29.9,0.0
1926,coral57,1,909.5,1435.5,32.3,32.3,0.0
1926,coral59,1,333.5,525.6,33.5,33.5,0.0
1926,manta,2,636.3,822.0,184.5,184.5,0.0
1926,turtle0,2,547.0,225.9,55.8,55.8,0.0
1926,turtle1,2,536.9,1800.7,55.8,55.8,0.0
1926,school0,2,661.8,432.0,121.5,121.5,0.0
1926,school1,2,623.0,-194.0,121.5,121.5,0.0
1926,boat,4,555.0,1180.0,61.2,154.8,0.0
1928,island0,5,162.0,815.6,261.0,261.0,0.0
1928,island1,5,1055.2,1253.0,145.2,145.2,0.0
1928,island2,5,162.0,1454.6,234.9,234.9,0.0
1928,island3,5,1087.8,1571.6,163.7,163.7,0.0
1928,island4,5,1087.8,1972.1,183.0,183.0,0.0
1928,island7,5,126.0,158.6,182.7,182.7,0.0
1928,island8,5,1009.5,383.6,156.6,156.6,0.0
1928,coral1,1,261.7,1150.0,21.3,21.3,0.0
1928,coral2,1,1112.9,-50.7,28.8,28.8,0.0
1928,coral4,1,-89.5,1788.5,26.9,26.9,0.0
1928,coral5,1,-38.3,-273.6,26.1,26.1,0.0
1928,coral7,1,-143.3,16.1,40.8,40.8,0.0
1928,coral9,1,936.4,-145.2,22.4,22.4,0.0
1928,coral10,1,1124.6,125.4,17.6,17.6,0.0
1928,coral11,1,183.5,1763.8,31.7,31.7,0.0
1928,coral14,1,19.3,1980.7,21.2,21.2,0.0
1928,coral16,1,217.5,383.5,32.2,32.2,0.0
1928,coral17,1,181.4,-173.2,25.0,25.0,0.0
1928,coral20,1,292.3,1911.2,28.0,28.0,0.0
1928,coral22,1,-7.5,519.6,33.2,33.2,0.0
1928,coral23,1,379.1,-278.9,18.2,18.2,0.0
1928,coral24,1,341.5,1683.2,29.4,29.4,0.0
1928,coral25,1,-158.5,406.0,37.2,37.2,0.0
1928,coral26,1,1226.4,451.5,34.4,34.4,0.0
1928,coral28,1,1153.5,660.1,37.9,37.9,0.0
1928,coral29,1,1218.6,-248.5,31.6,31.6,0.0
1928,coral30,1,1004.0,903.5,37.9,37.9,0.0
1928,coral32,1,900.2,1065.8,29.4,29.4,0.0
1928,coral33,1,-146.2,2032.6,32.7,32.7,0.0
1928,coral34,1,896.8,719.2,31.4,31.4,0.0
1928,coral35,1,-127.5,649.5,18.0,18.0,0.0
1928,coral37,1,-137.0,1611.8,34.2,34.2,0.0
1928,coral38,1,-0.0,-104.4,36.5,36.5,0.0
1928,coral42,1,1173.1,957.2,18.8,18.8,0.0
1928,coral43,1,962.6,162.4,28.1,28.1,0.0
1928,coral44,1,910.8,2146.3,22.7,22.7,0.0
1928,coral45,1,-100.2,993.5,27.9,27.9,0.0
1928,coral47,1,1207.0,280.8,28.4,28.4,0.0
1928,coral48,1,1221.8,1750.4,28.9,28.9,0.0
1928,coral51,1,383.2,250.7,23.2,23.2,0.0
1928,coral54,1,1226.3,1364.1,21.7,21.7,0.0
1928,coral55,1,16.6,1128.6,29.9,29.9,0.0
1928,coral57,1,909.5,1442.7,32.3,32.3,0.0
1928,coral59,1,333.5,532.7,33.5,33.5,0.0
1928,manta,2,637.4,823.8,184.5,184.5,0.0
1928,turtle0,2,545.2,229.5,55.8,55.8,0.0
1928,turtle1,2,538.7,1805.8,55.8,55.8,0.0
1928,school0,2,659.7,434.2,121.5,121.5,0.0
1928,school1,2,623.4,-187.3,121.5,121.5,0.0
1928,boat,4,555.0,1180.0,61.2,154.8,0.0
1930,island0,5,162.0,822.7,261.0,261.0,0.0
1930,island1,5,1055.2,1260.1,145.2,145.2,0.0
1930,island2,5,162.0,1461.7,234.9,234.9,0.0
1930,island3,5,1087.8,1578.7,163.7,163.7,0.0
1930,island4,5,1087.8,1979.2,183.0,183.0,0.0
1930,island7,5,126.0,165.7,182.7,182.7,0.0
1930,island8,5,1009.5,390.7,156.6,156.6,0.0
1930,coral1,1,261.7,1157.1,21.3,21.3,0.0
1930,coral2,1,1112.9,-43.5,28.8,28.8,0.0
1930,coral4,1,-89.5,1795.6,26.9,26.9,0.0
1930,coral5,1,-38.3,-266.4,26.1,26.1,0.0
1930,coral7,1,-143.3,23.3,40.8,40.8,0.0
1930,coral9,1,936.4,-138.1,22.4,22.4,0.0
1930,coral10,1,1124.6,132.6,17.6,17.6,0.0
1930,coral11,1,183.5,1771.0,31.7,31.7,0.0
1930,coral14,1,19.3,1987.9,21.2,21.2,0.0
1930,coral16,1,217.5,390.6,32.2,32.2,0.0
1930,coral17,1,181.4,-166.0,25.0,25.0,0.0
1930,coral20,1,292.3,1918.4,28.0,28.0,0.0
1930,coral22,1,-7.5,526.8,33.2,33.2,0.0
1930,coral23,1,379.1,-271.7,18.2,18.2,0.0
1930,coral24,1,341.5,1690.4,29.4,29.4,0.0
1930,coral25,1,-158.5,413.1,37.2,37.2,0.0
1930,coral26,1,1226.4,458.7,34.4,34.4,0.0
1930,coral28,1,1153.5,667.2,37.9,37.9,0.0
1930,coral29,1,1218.6,-241.3,31.6,31.6,0.0
1930,coral30,1,1004.0,910.7,37.9,37.9,0.0
1930,coral32,1,900.2,1073.0,29.4,29.4,0.0
1930,coral33,1,-146.2,2039.8,32.7,32.7,0.0
1930,coral34,1,896.8,726.3,31.4,31.4,0.0
1930,coral35,1,-127.5,656.7,18.0,18.0,0.0
1930,coral37,1,-137.0,1619.0,34.2,34.2,0.0
1930,coral38,1,-0.0,-97.2,36.5,36.5,0.0
1930,coral42,1,1173.1,964.3,18.8,18.8,0.0
1930,coral43,1,962.6,169.6,28.1,28.1,0.0
1930,coral44,1,910.8,2153.5,22.7,22.7,0.0
1930,coral45,1,-100.2,1000.7,27.9,27.9,0.0
1930,coral47,1,1207.0,288.0,28.4,28.4,0.0
1930,coral48,1,1221.8,1757.5,28.9,28.9,0.0
1930,coral51,1,383.2,257.8,23.2,23.2,0.0
1930,coral54,1,1226.3,1371.3,21.7,21.7,0.0
1930,coral55,1,16.6,1135.8,29.9,29.9,0.0
1930,coral57,1,909.5,1449.8,32.3,32.3,0.0
1930,coral59,1,333.5,539.9,33.5,33.5,0.0
1930,manta,2,638.4,825.8,184.5,184.5,0.0
1930,turtle0,2,543.4,233.1,55.8,55.8,0.0
1930,turtle1,2,540.5,1811.0,55.8,55.8,0.0
1930,school0,2,657.6,436.4,121.5,121.5,0.0
1930,school1,2,623.8,-180.6,121.5,121.5,0.0
1930,boat,4,555.0,1180.0,61.2,154.8,0.0
1932,island0,5,162.0,829.9,261.0,261.0,0.0
1932,island1,5,1055.2,1267.3,145.2,145.2,0.0
1932,island2,5,162.0,1468.9,234.9,234.9,0.0
1932,island3,5,1087.8,1585.9,163.7,163.7,0.0
1932,island4,5,1087.8,1986.4,183.0,183.0,0.0
1932,island7,5,126.0,172.9,182.7,182.7,0.0
1932,island8,5,1009.5,397.9,156.6,156.6,0.0
1932,coral1,1,261.7,1164.3,21.3,21.3,0.0
1932,coral2,1,1112.9,-36.4,28.8,28.8,0.0
1932,coral4,1,-89.5,1802.8,26.9,26.9,0.0
1932,coral5,1,-38.3,-259.3,26.1,26.1,0.0
1932,coral7,1,-143.3,30.4,40.8,40.8,0.0
1932,coral9,1,936.4,-130.9,22.4,22.4,0.0
1932,coral10,1,1124.6,139.7,17.6,17.6,0.0
1932,coral11,1,183.5,1778.2,31.7,31.7,0.0
1932,coral14,1,19.3,1995.0,21.2,21.2,0.0
1932,coral16,1,217.5,397.8,32.2,32.2,0.0
1932,coral17,1,181.4,-158.9,25.0,25.0,0.0
1932,coral20,1,292.3,1925.5,28.0,28.0,0.0
1932,coral22,1,-7.5,533.9,33.2,33.2,0.0
1932,coral23,1,379.1,-264.6,18.2,18.2,0.0
1932,coral24,1,341.5,1697.5,29.4,29.4,0.0
1932,coral25,1,-158.5,420.3,37.2,37.2,0.0
1932,coral26,1,1226.4,465.8,34.4,34.4,0.0
1932,coral28,1,1153.5,674.4,37.9,37.9,0.0
1932,coral29,1,1218.6,-234.2,31.6,31.6,0.0
1932,coral30,1,1004.0,917.8,37.9,37.9,0.0
1932,coral32,1,900.2,1080.1,29.4,29.4,0.0
1932,coral33,1,-146.2,2046.9,32.7,32.7,0.0
1932,coral34,1,896.8,733.5,31.4,31.4,0.0
1932,coral35,1,-127.5,663.8,18.0,18.0,0.0
1932,coral37,1,-137.0,1626.1,34.2,34.2,0.0
1932,coral38,1,-0.0,-90.1,36.5,36.5,0.0
1932,coral42,1,1173.1,971.5,18.8,18.8,0.0
1932,coral43,1,962.6,176.7,28.1,28.1,0.0
1932,coral44,1,910.8,2160.7,22.7,22.7,0.0
1932,coral45,1,-100.2,1007.8,27.9,27.9,0.0
1932,coral47,1,1207.0,295.1,28.4,28.4,0.0
1932,coral48,1,1221.8,1764.7,28.9,28.9,0.0
1932,coral51,1,383.2,265.0,23.2,23.2,0.0
1932,coral54,1,1226.3,1378.4,21.7,21.7,0.0
1932,coral55,1,16.6,1143.0,29.9,29.9,0.0
1932,coral57,1,909.5,1457.0,32.3,32.3,0.0
1932,coral59,1,333.5,547.1,33.5,33.5,0.0
1932,manta,2,639.3,827.9,184.5,184.5,0.0
1932,turtle0,2,541.6,236.7,55.8,55.8,0.0
1932,turtle1,2,542.3,1816.1,55.8,55.8,0.0
1932,school0,2,655.5,438.6,121.5,121.5,0.0
1932,school1,2,624.2,-173.9,121.5,121.5,0.0
1932,boat,4,555.0,1180.0,61.2,154.8,0.0
1934,island0,5,162.0,837.1,261.0,261.0,0.0
1934,island1,5,1055.2,1274.5,145.2,145.2,0.0
1934,island2,5,162.0,1476.1,234.9,234.9,0.0
1934,island3,5,1087.8,1593.1,163.7,163.7,0.0
1934,island4,5,1087.8,1993.6,183.0,183.0,0.0
1934,island7,5,126.0,180.1,182.7,182.7,0.0
1934,island8,5,1009.5,405.1,156.6,156.6,0.0
1934,coral1,1,261.7,1171.4,21.3,21.3,0.0
1934,coral2,1,1112.9,-29.2,28.8,28.8,0.0
1934,coral4,1,-89.5,1809.9,26.9,26.9,0.0
1934,coral5,1,-38.3,-252.1,26.1,26.1,0.0
1934,coral7,1,-143.3,37.6,40.8,40.8,0.0
1934,coral9,1,936.4,-123.8,22.4,22.4,0.0
1934,coral10,1,1124.6,146.9,17.6,17.6,0.0
1934,coral11,1,183.5,1785.3,31.7,31.7,0.0
1934,coral14,1,19.3,2002.2,21.2,21.2,0.0
1934,coral16,1,217.5,404.9,32.2,32.2,0.0
1934,coral17,1,181.4,-151.7,25.0,25.0,0.0
1934,coral20,1,292.3,1932.7,28.0,28.0,0.0
1934,coral22,1,-7.5,541.1,33.2,33.2,0.0
1934,coral23,1,379.1,-257.4,18.2,18.2,0.0
1934,coral24,1,341.5,1704.7,29.4,29.4,0.0
1934,coral25,1,-158.5,427.5,37.2,37.2,0.0
1934,coral26,1,1226.4,473.0,34.4,34.4,0.0
1934,coral28,1,1153.5,681.5,37.9,37.9,0.0
1934,coral29,1,1218.6,-227.0,31.6,31.6,0.0
1934,coral30,1,1004.0,925.0,37.9,37.9,0.0
1934,coral32,1,900.2,1087.3,29.4,29.4,0.0
1934,coral33,1,-146.2,2054.1,32.7,32.7,0.0
1934,coral34,1,896.8,740.6,31.4,31.4,0.0
1934,coral35,1,-127.5,671.0,18.0,18.0,0.0
1934,coral37,1,-137.0,1633.3,34.2,34.2,0.0
1934,coral38,1,-0.0,-82.9,36.5,36.5,0.0
1934,coral42,1,1173.1,978.6,18.8,18.8,0.0
1934,coral43,1,962.6,183.9,28.1,28.1,0.0
1934,coral44,1,910.8,2167.8,22.7,22.7,0.0
1934,coral45,1,-100.2,1015.0,27.9,27.9,0.0
1934,coral47,1,1207.0,302.3,28.4,28.4,0.0
1934,coral48,1,1221.8,1771.8,28.9,28.9,0.0
1934,coral51,1,383.2,272.1,23.2,23.2,0.0
1934,coral54,1,1226.3,1385.6,21.7,21.7,0.0
1934,coral55,1,16.6,1150.1,29.9,29.9,0.0
1934,coral57,1,909.5,1464.1,32.3,32.3,0.0
1934,coral59,1,333.5,554.2,33.5,33.5,0.0
1934,manta,2,640.1,830.1,184.5,184.5,0.0
1934,turtle0,2,539.9,240.3,55.8,55.8,0.0
1934,turtle1,2,544.1,1821.2,55.8,55.8,0.0
1934,school0,2,653.5,440.7,121.5,121.5,0.0
1934,school1,2,624.7,-167.2,121.5,121.5,0.0
1934,boat,4,555.0,1180.0,61.2,154.8,0.0
1936,island0,5,162.0,844.2,261.0,261.0,0.0
1936,island1,5,1055.2,1281.6,145.2,145.2,0.0
1936,island2,5,162.0,1483.2,234.9,234.9,0.0
1936,island3,5,1087.8,1600.2,163.7,163.7,0.0
1936,island4,5,1087.8,2000.7,183.0,183.0,0.0
1936,island7,5,126.0,187.2,182.7,182.7,0.0
1936,island8,5,1009.5,412.2,156.6,156.6,0.0
1936,coral1,1,261.7,1178.6,21.3,21.3,0.0
1936,coral2,1,1112.9,-22.1,28.8,28.8,0.0
1936,coral4,1,-89.5,1817.1,26.9,26.9,0.0
1936,coral5,1,-38.3,-244.9,26.1,26.1,0.0
1936,coral7,1,-143.3,44.7,40.8,40.8,0.0
1936,coral9,1,936.4,-116.6,22.4,22.4,0.0
1936,coral10,1,1124.6,154.0,17.6,17.6,0.0
1936,coral11,1,183.5,1792.5,31.7,31.7,0.0
1936,coral14,1,19.3,2009.3,21.2,21.2,0.0
1936,coral16,1,217.5,412.1,32.2,32.2,0.0
1936,coral17,1,181.4,-144.6,25.0,25.0,0.0
1936,coral20,1,292.3,1939.9,28.0,28.0,0.0
1936,coral22,1,-7.5,548.2,33.2,33.2,0.0
1936,coral23,1,379.1,-250.3,18.2,18.2,0.0
1936,coral24,1,341.5,1711.8,29.4,29.4,0.0
1936,coral25,1,-158.5,434.6,37.2,37.2,0.0
1936,coral26,1,1226.4,480.1,34.4,34.4,0.0
1936,coral28,1,1153.5,688.7,37.9,37.9,0.0
1936,coral29,1,1218.6,-219.9,31.6,31.6,0.0
1936,coral30,1,1004.0,932.1,37.9,37.9,0.0
1936,coral32,1,900.2,1094.4,29.4,29.4,0.0
1936,coral33,1,-146.2,2061.2,32.7,32.7,0.0
1936,coral34,1,896.8,747.8,31.4,31.4,0.0
1936,coral35,1,-127.5,678.1,18.0,18.0,0.0
1936,coral37,1,-137.0,1640.4,34.2,34.2,0.0
1936,coral38,1,-0.0,-75.8,36.5,36.5,0.0
1936,coral42,1,1173.1,985.8,18.8,18.8,0.0
1936,coral43,1,962.6,191.0,28.1,28.1,0.0
1936,coral44,1,910.8,2175.0,22.7,22.7,0.0
1936,coral45,1,-100.2,1022.1,27.9,27.9,0.0
1936,coral47,1,1207.0,309.4,28.4,28.4,0.0
1936,coral48,1,1221.8,1779.0,28.9,28.9,0.0
1936,coral51,1,383.2,279.3,23.2,23.2,0.0
1936,coral54,1,1226.3,1392.7,21.7,21.7,0.0
1936,coral55,1,16.6,1157.3,29.9,29.9,0.0
1936,coral57,1,909.5,1471.3,32.3,32.3,0.0
1936,coral59,1,333.5,561.4,33.5,33.5,0.0
1936,manta,2,640.7,832.4,184.5,184.5,0.0
1936,turtle0,2,538.2,243.9,55.8,55.8,0.0
1936,turtle1,2,545.9,1826.4,55.8,55.8,0.0
1936,school0,2,651.5,442.9,121.5,121.5,0.0
1936,school1,2,625.1,-160.5,121.5,121.5,0.0
1936,boat,4,555.0,1180.0,61.2,154.8,0.0
1938,island0,5,162.0,851.4,261.0,261.0,0.0
1938,island1,5,1055.2,1288.8,145.2,145.2,0.0
1938,island2,5,162.0,1490.4,234.9,234.9,0.0
1938,island3,5,1087.8,1607.4,163.7,163.7,0.0
1938,island4,5,1087.8,2007.9,183.0,183.0,0.0
1938,island7,5,126.0,194.4,182.7,182.7,0.0
1938,island8,5,1009.5,419.4,156.6,156.6,0.0
1938,coral1,1,261.7,1185.7,21.3,21.3,0.0
1938,coral2,1,1112.9,-14.9,28.8,28.8,0.0
1938,coral4,1,-89.5,1824.2,26.9,26.9,0.0
1938,coral5,1,-38.3,-237.8,26.1,26.1,0.0
1938,coral7,1,-143.3,51.9,40.8,40.8,0.0
1938,coral9,1,936.4,-109.5,22.4,22.4,0.0
1938,coral10,1,1124.6,161.2,17.6,17.6,0.0
1938,coral11,1,183.5,1799.6,31.7,31.7,0.0
1938,coral14,1,19.3,2016.5,21.2,21.2,0.0
1938,coral16,1,217.5,419.2,32.2,32.2,0.0
1938,coral17,1,181.4,-137.4,25.0,25.0,0.0
1938,coral20,1,292.3,1947.0,28.0,28.0,0.0
1938,coral22,1,-7.5,555.4,33.2,33.2,0.0
1938,coral23,1,379.1,-243.1,18.2,18.2,0.0
1938,coral24,1,341.5,1719.0,29.4,29.4,0.0
1938,coral25,1,-158.5,441.8,37.2,37.2,0.0
1938,coral26,1,1226.4,487.3,34.4,34.4,0.0
1938,coral28,1,1153.5,695.9,37.9,37.9,0.0
1938,coral29,1,1218.6,-212.7,31.6,31.6,0.0
1938,coral30,1,1004.0,939.3,37.9,37.9,0.0
1938,coral32,1,900.2,1101.6,29.4,29.4,0.0
1938,coral33,1,-146.2,2068.4,32.7,32.7,0.0
1938,coral34,1,896.8,754.9,31.4,31.4,0.0
1938,coral35,1,-127.5,685.3,18.0,18.0,0.0
1938,coral37,1,-137.0,1647.6,34.2,34.2,0.0
1938,coral38,1,-0.0,-68.6,36.5,36.5,0.0
1938,coral42,1,1173.1,992.9,18.8,18.8,0.0
1938,coral43,1,962.6,198.2,28.1,28.1,0.0
1938,coral44,1,910.8,2182.1,22.7,22.7,0.0
1938,coral45,1,-100.2,1029.3,27.9,27.9,0.0
1938,coral47,1,1207.0,316.6,28.4,28.4,0.0
1938,coral48,1,1221.8,1786.2,28.9,28.9,0.0
1938,coral51,1,383.2,286.4,23.2,23.2,0.0
1938,coral54,1,1226.3,1399.9,21.7,21.7,0.0
1938,coral55,1,16.6,1164.4,29.9,29.9,0.0
1938,coral57,1,909.5,1478.4,32.3,32.3,0.0
1938,coral59,1,333.5,568.5,33.5,33.5,0.0
1938,manta,2,641.6,833.3,184.5,184.5,0.0
1938,turtle0,2,536.6,247.4,55.8,55.8,0.0
1938,turtle1,2,547.7,1831.5,55.8,55.8,0.0
1938,school0,2,649.5,445.0,121.5,121.5,0.0
1938,school1,2,625.5,-153.7,121.5,121.5,0.0
1938,boat,4,555.0,1180.0,61.2,154.8,0.0
1940,island0,5,162.0,858.5,261.0,261.0,0.0
1940,island1,5,1055.2,1295.9,145.2,145.2,0.0
1940,island2,5,162.0,1497.5,234.9,234.9,0.0
1940,island3,5,1087.8,1614.5,163.7,163.7,0.0
1940,island4,5,1087.8,2015.0,183.0,183.0,0.0
1940,island7,5,126.0,201.5,182.7,182.7,0.0
1940,island8,5,1009.5,426.5,156.6,156.6,0.0
1940,coral1,1,261.7,1192.9,21.3,21.3,0.0
1940,coral2,1,1112.9,-7.8,28.8,28.8,0.0
1940,coral4,1,-89.5,1831.4,26.9,26.9,0.0
1940,coral5,1,-38.3,-230.6,26.1,26.1,0.0
1940,coral7,1,-143.3,59.0,40.8,40.8,0.0
1940,coral9,1,936.4,-102.3,22.4,22.4,0.0
1940,coral10,1,1124.6,168.4,17.6,17.6,0.0
1940,coral11,1,183.5,1806.8,31.7,31.7,0.0
1940,coral14,1,19.3,2023.6,21.2,21.2,0.0
1940,coral16,1,217.5,426.4,32.2,32.2,0.0
1940,coral17,1,181.4,-130.3,25.0,25.0,0.0
1940,coral20,1,292.3,1954.2,28.0,28.0,0.0
1940,coral22,1,-7.5,562.5,33.2,33.2,0.0
1940,coral23,1,379.1,-236.0,18.2,18.2,0.0
1940,coral24,1,341.5,1726.1,29.4,29.4,0.0
1940,coral25,1,-158.5,448.9,37.2,37.2,0.0
1940,coral26,1,1226.4,494.4,34.4,34.4,0.0
1940,coral28,1,1153.5,703.0,37.9,37.9,0.0
1940,coral29,1,1218.6,-205.5,31.6,31.6,0.0
1940,coral30,1,1004.0,946.4,37.9,37.9,0.0
1940,coral32,1,900.2,1108.8,29.4,29.4,0.0
1940,coral33,1,-146.2,2075.5,32.7,32.7,0.0
1940,coral34,1,896.8,762.1,31.4,31.4,0.0
1940,coral35,1,-127.5,692.4,18.0,18.0,0.0
1940,coral37,1,-137.0,1654.7,34.2,34.2,0.0
1940,coral38,1,-0.0,-61.5,36.5,36.5,0.0
1940,coral42,1,1173.1,1000.1,18.8,18.8,0.0
1940,coral43,1,962.6,205.4,28.1,28.1,0.0
1940,coral44,1,910.8,2189.3,22.7,22.7,0.0
1940,coral45,1,-100.2,1036.4,27.9,27.9,0.0
1940,coral47,1,1207.0,323.8,28.4,28.4,0.0
1940,coral48,1,1221.8,1793.3,28.9,28.9,0.0
1940,coral51,1,383.2,293.6,23.2,23.2,0.0
1940,coral54,1,1226.3,1407.1,21.7,21.7,0.0
1940,coral55,1,16.6,1171.6,29.9,29.9,0.0
1940,coral57,1,909.5,1485.6,32.3,32.3,0.0
1940,coral58,1,120.0,-295.5,29.4,29.4,0.0
1940,coral59,1,333.5,575.7,33.5,33.5,0.0
1940,manta,2,642.5,833.6,184.5,184.5,0.0
1940,turtle0,2,535.0,250.9,55.8,55.8,0.0
1940,turtle1,2,549.6,1836.7,55.8,55.8,0.0
1940,school0,2,647.6,447.1,121.5,121.5,0.0
1940,school1,2,625.9,-147.0,121.5,121.5,0.0
1940,boat,4,555.0,1180.0,61.2,154.8,0.0
1942,island0,5,162.0,865.7,261.0,261.0,0.0
1942,island1,5,1055.2,1303.1,145.2,145.2,0.0
1942,island2,5,162.0,1504.7,234.9,234.9,0.0
1942,island3,5,1087.8,1621.7,163.7,163.7,0.0
1942,island4,5,1087.8,2022.2,183.0,183.0,0.0
1942,island7,5,126.0,208.7,182.7,182.7,0.0
1942,island8,5,1009.5,433.7,156.6,156.6,0.0
1942,coral1,1,261.7,1200.0,21.3,21.3,0.0
1942,coral2,1,1112.9,-0.6,28.8,28.8,0.0
1942,coral4,1,-89.5,1838.5,26.9,26.9,0.0
1942,coral5,1,-38.3,-223.5,26.1,26.1,0.0
1942,coral7,1,-143.3,66.2,40.8,40.8,0.0
1942,coral9,1,936.4,-95.2,22.4,22.4,0.0
1942,coral10,1,1124.6,175.5,17.6,17.6,0.0
1942,coral11,1,183.5,1813.9,31.7,31.7,0.0
1942,coral14,1,19.3,2030.8,21.2,21.2,0.0
1942,coral16,1,217.5,433.5,32.2,32.2,0.0
1942,coral17,1,181.4,-123.1,25.0,25.0,0.0
1942,coral20,1,292.3,1961.3,28.0,28.0,0.0
1942,coral22,1,-7.5,569.7,33.2,33.2,0.0
1942,coral23,1,379.1,-228.8,18.2,18.2,0.0
1942,coral24,1,341.5,1733.3,29.4,29.4,0.0
1942,coral25,1,-158.5,456.1,37.2,37.2,0.0
1942,coral26,1,1226.4,501.6,34.4,34.4,0.0
1942,coral28,1,1153.5,710.2,37.9,37.9,0.0
1942,coral29,1,1218.6,-198.4,31.6,31.6,0.0
1942,coral30,1,1004.0,953.6,37.9,37.9,0.0
1942,coral32,1,900.2,1115.9,29.4,29.4,0.0
1942,coral33,1,-146.2,2082.7,32.7,32.7,0.0
1942,coral34,1,896.8,769.2,31.4,31.4,0.0
1942,coral35,1,-127.5,699.6,18.0,18.0,0.0
1942,coral37,1,-137.0,1661.9,34.2,34.2,0.0
1942,coral38,1,-0.0,-54.3,36.5,36.5,0.0
1942,coral42,1,1173.1,1007.2,18.8,18.8,0.0
1942,coral43,1,962.6,212.5,28.1,28.1,0.0
1942,coral44,1,910.8,2196.4,22.7,22.7,0.0
1942,coral45,1,-100.2,1043.6,27.9,27.9,0.0
1942,coral47,1,1207.0,330.9,28.4,28.4,0.0
1942,coral48,1,1221.8,1800.5,28.9,28.9,0.0
1942,coral51,1,383.2,300.7,23.2,23.2,0.0
1942,coral54,1,1226.3,1414.2,21.7,21.7,0.0
1942,coral55,1,16.6,1178.7,29.9,29.9,0.0
1942,coral57,1,909.5,1492.7,32.3,32.3,0.0
1942,coral58,1,120.0,-288.4,29.4,29.4,0.0
1942,coral59,1,333.5,582.8,33.5,33.5,0.0
1942,manta,2,643.4,833.8,184.5,184.5,0.0
1942,turtle0,2,533.5,254.4,55.8,55.8,0.0
1942,turtle1,2,551.4,1841.8,55.8,55.8,0.0
1942,school0,2,645.7,449.2,121.5,121.5,0.0
1942,school1,2,626.3,-140.3,121.5,121.5,0.0
1942,boat,4,555.0,1180.0,61.2,154.8,0.0
1944,island0,5,162.0,872.8,261.0,261.0,0.0
1944,island1,5,1055.2,1310.2,145.2,145.2,0.0
1944,island2,5,162.0,1511.8,234.9,234.9,0.0
1944,island3,5,1087.8,1628.8,163.7,163.7,0.0
1944,island4,5,1087.8,2029.3,183.0,183.0,0.0
1944,island7,5,126.0,215.8,182.7,182.7,0.0
1944,island8,5,1009.5,440.8,156.6,156.6,0.0
1944,coral1,1,261.7,1207.2,21.3,21.3,0.0
1944,coral2,1,1112.9,6.5,28.8,28.8,0.0
1944,coral4,1,-89.5,1845.7,26.9,26.9,0.0
1944,coral5,1,-38.3,-216.3,26.1,26.1,0.0
1944,coral7,1,-143.3,73.3,40.8,40.8,0.0
1944,coral9,1,936.4,-88.0,22.4,22.4,0.0
1944,coral10,1,1124.6,182.7,17.6,17.6,0.0
1944,coral11,1,183.5,1821.1,31.7,31.7,0.0
1944,coral14,1,19.3,2037.9,21.2,21.2,0.0
1944,coral16,1,217.5,440.7,32.2,32.2,0.0
1944,coral17,1,181.4,-115.9,25.0,25.0,0.0
1944,coral20,1,292.3,1968.5,28.0,28.0,0.0
1944,coral22,1,-7.5,576.8,33.2,33.2,0.0
1944,coral23,1,379.1,-221.7,18.2,18.2,0.0
1944,coral24,1,341.5,1740.4,29.4,29.4,0.0
1944,coral25,1,-158.5,463.2,37.2,37.2,0.0
1944,coral26,1,1226.4,508.7,34.4,34.4,0.0
1944,coral28,1,1153.5,717.3,37.9,37.9,0.0
1944,coral29,1,1218.6,-191.2,31.6,31.6,0.0
1944,coral30,1,1004.0,960.8,37.9,37.9,0.0
1944,coral32,1,900.2,1123.1,29.4,29.4,0.0
1944,coral33,1,-146.2,2089.8,32.7,32.7,0.0
1944,coral34,1,896.8,776.4,31.4,31.4,0.0
1944,coral35,1,-127.5,706.8,18.0,18.0,0.0
1944,coral37,1,-137.0,1669.0,34.2,34.2,0.0
1944,coral38,1,-0.0,-47.2,36.5,36.5,0.0
1944,coral42,1,1173.1,1014.4,18.8,18.8,0.0
1944,coral43,1,962.6,219.7,28.1,28.1,0.0
1944,coral44,1,910.8,2203.6,22.7,22.7,0.0
1944,coral45,1,-100.2,1050.7,27.9,27.9,0.0
1944,coral47,1,1207.0,338.1,28.4,28.4,0.0
1944,coral48,1,1221.8,1807.6,28.9,28.9,0.0
1944,coral51,1,383.2,307.9,23.2,23.2,0.0
1944,coral54,1,1226.3,1421.4,21.7,21.7,0.0
1944,coral55,1,16.6,1185.9,29.9,29.9,0.0
1944,coral57,1,909.5,1499.9,32.3,32.3,0.0
1944,coral58,1,120.0,-281.2,29.4,29.4,0.0
1944,coral59,1,333.5,590.0,33.5,33.5,0.0
1944,manta,2,644.3,834.0,184.5,184.5,0.0
1944,turtle0,2,532.0,257.9,55.8,55.8,0.0
1944,turtle1,2,553.3,1846.9,55.8,55.8,0.0
1944,school0,2,643.9,451.3,121.5,121.5,0.0
1944,school1,2,626.8,-133.6,121.5,121.5,0.0
1944,boat,4,555.0,1180.0,61.2,154.8,0.0
1946,island0,5,162.0,880.0,261.0,261.0,0.0
1946,island1,5,1055.2,1317.4,145.2,145.2,0.0
1946,island2,5,162.0,1519.0,234.9,234.9,0.0
1946,island3,5,1087.8,1636.0,163.7,163.7,0.0
1946,island4,5,1087.8,2036.5,183.0,183.0,0.0
1946,island7,5,126.0,223.0,182.7,182.7,0.0
1946,island8,5,1009.5,448.0,156.6,156.6,0.0
1946,coral1,1,261.7,1214.3,21.3,21.3,0.0
1946,coral2,1,1112.9,13.7,28.8,28.8,0.0
1946,coral4,1,-89.5,1852.9,26.9,26.9,0.0
1946,coral5,1,-38.3,-209.2,26.1,26.1,0.0
1946,coral7,1,-143.3,80.5,40.8,40.8,0.0
1946,coral9,1,936.4,-80.9,22.4,22.4,0.0
1946,coral10,1,1124.6,189.8,17.6,17.6,0.0
1946,coral11,1,183.5,1828.2,31.7,31.7,0.0
1946,coral14,1,19.3,2045.1,21.2,21.2,0.0
1946,coral16,1,217.5,447.8,32.2,32.2,0.0
1946,coral17,1,181.4,-108.8,25.0,25.0,0.0
1946,coral20,1,292.3,1975.6,28.0,28.0,0.0
1946,coral22,1,-7.5,584.0,33.2,33.2,0.0
1946,coral23,1,379.1,-214.5,18.2,18.2,0.0
1946,coral24,1,341.5,1747.6,29.4,29.4,0.0
1946,coral25,1,-158.5,470.4,37.2,37.2,0.0
1946,coral26,1,1226.4,515.9,34.4,34.4,0.0
1946,coral28,1,1153.5,724.5,37.9,37.9,0.0
1946,coral29,1,1218.6,-184.1,31.6,31.6,0.0
1946,coral30,1,1004.0,967.9,37.9,37.9,0.0
1946,coral32,1,900.2,1130.2,29.4,29.4,0.0
1946,coral33,1,-146.2,2097.0,32.7,32.7,0.0
1946,coral34,1,896.8,783.6,31.4,31.4,0.0
1946,coral35,1,-127.5,713.9,18.0,18.0,0.0
1946,coral37,1,-137.0,1676.2,34.2,34.2,0.0
1946,coral38,1,-0.0,-40.0,36.5,36.5,0.0
1946,coral42,1,1173.1,1021.6,18.8,18.8,0.0
1946,coral43,1,962.6,226.8,28.1,28.1,0.0
1946,coral44,1,910.8,2210.7,22.7,22.7,0.0
1946,coral45,1,-100.2,1057.9,27.9,27.9,0.0
1946,coral47,1,1207.0,345.2,28.4,28.4,0.0
1946,coral48,1,1221.8,1814.8,28.9,28.9,0.0
1946,coral51,1,383.2,315.0,23.2,23.2,0.0
1946,coral54,1,1226.3,1428.5,21.7,21.7,0.0
1946,coral55,1,16.6,1193.0,29.9,29.9,0.0
1946,coral57,1,909.5,1507.0,32.3,32.3,0.0
1946,coral58,1,120.0,-274.1,29.4,29.4,0.0
1946,coral59,1,333.5,597.1,33.5,33.5,0.0
1946,manta,2,645.0,834.2,184.5,184.5,0.0
1946,turtle0,2,530.5,261.4,55.8,55.8,0.0
1946,turtle1,2,555.1,1852.0,55.8,55.8,0.0
1946,school0,2,642.2,453.3,121.5,121.5,0.0
1946,school1,2,627.2,-126.9,121.5,121.5,0.0
1946,boat,4,555.0,1180.0,61.2,154.8,0.0
1948,island0,5,162.0,887.1,261.0,261.0,0.0
1948,island1,5,1055.2,1324.5,145.2,145.2,0.0
1948,island2,5,162.0,1526.1,234.9,234.9,0.0
1948,island3,5,1087.8,1643.1,163.7,163.7,0.0
1948,island4,5,1087.8,2043.6,183.0,183.0,0.0
1948,island7,5,126.0,230.1,182.7,182.7,0.0
1948,island8,5,1009.5,455.1,156.6,156.6,0.0
1948,coral1,1,261.7,1221.5,21.3,21.3,0.0
1948,coral2,1,1112.9,20.9,28.8,28.8,0.0
1948,coral4,1,-89.5,1860.0,26.9,26.9,0.0
1948,coral5,1,-38.3,-202.0,26.1,26.1,0.0
1948,coral7,1,-143.3,87.6,40.8,40.8,0.0
1948,coral9,1,936.4,-73.7,22.4,22.4,0.0
1948,coral10,1,1124.6,197.0,17.6,17.6,0.0
1948,coral11,1,183.5,1835.4,31.7,31.7,0.0
1948,coral14,1,19.3,2052.3,21.2,21.2,0.0
1948,coral16,1,217.5,455.0,32.2,32.2,0.0
1948,coral17,1,181.4,-101.6,25.0,25.0,0.0
1948,coral20,1,292.3,1982.8,28.0,28.0,0.0
1948,coral22,1,-7.5,591.1,33.2,33.2,0.0
1948,coral23,1,379.1,-207.3,18.2,18.2,0.0
1948,coral24,1,341.5,1754.7,29.4,29.4,0.0
1948,coral25,1,-158.5,477.5,37.2,37.2,0.0
1948,coral26,1,1226.4,523.1,34.4,34.4,0.0
1948,coral28,1,1153.5,731.6,37.9,37.9,0.0
1948,coral29,1,1218.6,-176.9,31.6,31.6,0.0
1948,coral30,1,1004.0,975.1,37.9,37.9,0.0
1948,coral32,1,900.2,1137.4,29.4,29.4,0.0
1948,coral33,1,-146.2,2104.1,32.7,32.7,0.0
1948,coral34,1,896.8,790.7,31.4,31.4,0.0
1948,coral35,1,-127.5,721.1,18.0,18.0,0.0
1948,coral37,1,-137.0,1683.3,34.2,34.2,0.0
1948,coral38,1,-0.0,-32.8,36.5,36.5,0.0
1948,coral42,1,1173.1,1028.7,18.8,18.8,0.0
1948,coral43,1,962.6,234.0,28.1,28.1,0.0
1948,coral44,1,910.8,2217.9,22.7,22.7,0.0
1948,coral45,1,-100.2,1065.0,27.9,27.9,0.0
1948,coral47,1,1207.0,352.4,28.4,28.4,0.0
1948,coral48,1,1221.8,1821.9,28.9,28.9,0.0
1948,coral51,1,383.2,322.2,23.2,23.2,0.0
1948,coral54,1,1226.3,1435.7,21.7,21.7,0.0
1948,coral55,1,16.6,1200.2,29.9,29.9,0.0
1948,coral57,1,909.5,1514.2,32.3,32.3,0.0
1948,coral58,1,120.0,-266.9,29.4,29.4,0.0
1948,coral59,1,333.5,604.3,33.5,33.5,0.0
1948,manta,2,645.6,834.4,184.5,184.5,0.0
1948,turtle0,2,529.1,264.9,55.8,55.8,0.0
1948,turtle1,2,556.9,1857.1,55.8,55.8,0.0
1948,school0,2,640.5,455.3,121.5,121.5,0.0
1948,school1,2,627.6,-120.2,121.5,121.5,0.0
1948,boat,4,555.0,1180.0,61.2,154.8,0.0
1950,island0,5,162.0,894.3,261.0,261.0,0.0
1950,island1,5,1055.2,1331.7,145.2,145.2,0.0
1950,island2,5,162.0,1533.3,234.9,234.9,0.0
1950,island3,5,1087.8,1650.3,163.7,163.7,0.0
1950,island4,5,1087.8,2050.8,183.0,183.0,0.0
1950,island7,5,126.0,237.3,182.7,182.7,0.0
1950,island8,5,1009.5,462.3,156.6,156.6,0.0
1950,coral1,1,261.7,1228.6,21.3,21.3,0.0
1950,coral2,1,1112.9,28.0,28.8,28.8,0.0
1950,coral4,1,-89.5,1867.2,26.9,26.9,0.0
1950,coral5,1,-38.3,-194.9,26.1,26.1,0.0
1950,coral7,1,-143.3,94.8,40.8,40.8,0.0
1950,coral9,1,936.4,-66.5,22.4,22.4,0.0
1950,coral10,1,1124.6,204.1,17.6,17.6,0.0
1950,coral11,1,183.5,1842.5,31.7,31.7,0.0
1950,coral14,1,19.3,2059.4,21.2,21.2,0.0
1950,coral16,1,217.5,462.2,32.2,32.2,0.0
1950,coral17,1,181.4,-94.5,25.0,25.0,0.0
1950,coral20,1,292.3,1989.9,28.0,28.0,0.0
1950,coral22,1,-7.5,598.3,33.2,33.2,0.0
1950,coral23,1,379.1,-200.2,18.2,18.2,0.0
1950,coral24,1,341.5,1761.9,29.4,29.4,0.0
1950,coral25,1,-158.5,484.7,37.2,37.2,0.0
1950,coral26,1,1226.4,530.2,34.4,34.4,0.0
1950,coral28,1,1153.5,738.8,37.9,37.9,0.0
1950,coral29,1,1218.6,-169.8,31.6,31.6,0.0
1950,coral30,1,1004.0,982.2,37.9,37.9,0.0
1950,coral32,1,900.2,1144.5,29.4,29.4,0.0
1950,coral33,1,-146.2,2111.3,32.7,32.7,0.0
1950,coral34,1,896.8,797.9,31.4,31.4,0.0
1950,coral35,1,-127.5,728.2,18.0,18.0,0.0
1950,coral37,1,-137.0,1690.5,34.2,34.2,0.0
1950,coral38,1,-0.0,-25.7,36.5,36.5,0.0
1950,coral42,1,1173.1,1035.9,18.8,18.8,0.0
1950,coral43,1,962.6,241.1,28.1,28.1,0.0
1950,coral45,1,-100.2,1072.2,27.9,27.9,0.0
1950,coral47,1,1207.0,359.5,28.4,28.4,0.0
1950,coral48,1,1221.8,1829.1,28.9,28.9,0.0
1950,coral51,1,383.2,329.3,23.2,23.2,0.0
1950,coral54,1,1226.3,1442.8,21.7,21.7,0.0
1950,coral55,1,16.6,1207.3,29.9,29.9,0.0
1950,coral57,1,909.5,1521.4,32.3,32.3,0.0
1950,coral58,1,120.0,-259.8,29.4,29.4,0.0
1950,coral59,1,333.5,611.4,33.5,33.5,0.0
1950,manta,2,646.1,834.5,184.5,184.5,0.0
1950,turtle0,2,527.7,268.3,55.8,55.8,0.0
1950,turtle1,2,558.8,1862.2,55.8,55.8,0.0
1950,school0,2,638.9,457.3,121.5,121.5,0.0
1950,school1,2,628.0,-113.6,121.5,121.5,0.0
1950,boat,4,555.0,1180.0,61.2,154.8,0.0
1952,island0,5,162.0,901.4,261.0,261.0,0.0
1952,island1,5,1055.2,1338.8,145.2,145.2,0.0
1952,island2,5,162.0,1540.4,234.9,234.9,0.0
1952,island3,5,1087.8,1657.4,163.7,163.7,0.0
1952,island4,5,1087.8,2057.9,183.0,183.0,0.0
1952,island7,5,126.0,244.4,182.7,182.7,0.0
1952,island8,5,1009.5,469.4,156.6,156.6,0.0
1952,coral1,1,261.7,1235.8,21.3,21.3,0.0
1952,coral2,1,1112.9,35.2,28.8,28.8,0.0
1952,coral4,1,-89.5,1874.3,26.9,26.9,0.0
1952,coral5,1,-38.3,-187.7,26.1,26.1,0.0
1952,coral7,1,-143.3,102.0,40.8,40.8,0.0
1952,coral9,1,936.4,-59.4,22.4,22.4,0.0
1952,coral10,1,1124.6,211.3,17.6,17.6,0.0
1952,coral11,1,183.5,1849.7,31.7,31.7,0.0
1952,coral14,1,19.3,2066.6,21.2,21.2,0.0
1952,coral16,1,217.5,469.3,32.2,32.2,0.0
1952,coral17,1,181.4,-87.3,25.0,25.0,0.0
1952,coral20,1,292.3,1997.1,28.0,28.0,0.0
1952,coral22,1,-7.5,605.5,33.2,33.2,0.0
1952,coral23,1,379.1,-193.0,18.2,18.2,0.0
1952,coral24,1,341.5,1769.1,29.4,29.4,0.0
1952,coral25,1,-158.5,491.8,37.2,37.2,0.0
1952,coral26,1,1226.4,537.4,34.4,34.4,0.0
1952,coral28,1,1153.5,745.9,37.9,37.9,0.0
1952,coral29,1,1218.6,-162.6,31.6,31.6,0.0
1952,coral30,1,1004.0,989.4,37.9,37.9,0.0
1952,coral32,1,900.2,1151.7,29.4,29.4,0.0
1952,coral33,1,-146.2,2118.4,32.7,32.7,0.0
1952,coral34,1,896.8,805.0,31.4,31.4,0.0
1952,coral35,1,-127.5,735.4,18.0,18.0,0.0
1952,coral37,1,-137.0,1697.7,34.2,34.2,0.0
1952,coral38,1,-0.0,-18.5,36.5,36.5,0.0
1952,coral42,1,1173.1,1043.0,18.8,18.8,0.0
1952,coral43,1,962.6,248.3,28.1,28.1,0.0
1952,coral45,1,-100.2,1079.4,27.9,27.9,0.0
1952,coral47,1,1207.0,366.7,28.4,28.4,0.0
1952,coral48,1,1221.8,1836.2,28.9,28.9,0.0
1952,coral51,1,383.2,336.5,23.2,23.2,0.0
1952,coral54,1,1226.3,1450.0,21.7,21.7,0.0
1952,coral55,1,16.6,1214.5,29.9,29.9,0.0
1952,coral57,1,909.5,1528.5,32.3,32.3,0.0
1952,coral58,1,120.0,-252.6,29.4,29.4,0.0
1952,coral59,1,333.5,618.6,33.5,33.5,0.0
1952,manta,2,646.6,834.6,184.5,184.5,0.0
1952,turtle0,2,526.3,271.8,55.8,55.8,0.0
1952,turtle1,2,560.6,1867.3,55.8,55.8,0.0
1952,school0,2,637.4,459.3,121.5,121.5,0.0
1952,school1,2,628.5,-106.9,121.5,121.5,0.0
1952,boat,4,555.0,1180.0,61.2,154.8,0.0
1954,island0,5,162.0,908.6,261.0,261.0,0.0
1954,island1,5,1055.2,1346.0,145.2,145.2,0.0
1954,island2,5,162.0,1547.6,234.9,234.9,0.0
1954,island3,5,1087.8,1664.6,163.7,163.7,0.0
1954,island4,5,1087.8,2065.1,183.0,183.0,0.0
1954,island7,5,126.0,251.6,182.7,182.7,0.0
1954,island8,5,1009.5,476.6,156.6,156.6,0.0
1954,coral1,1,261.7,1243.0,21.3,21.3,0.0
1954,coral2,1,1112.9,42.3,28.8,28.8,0.0
1954,coral4,1,-89.5,1881.5,26.9,26.9,0.0
1954,coral5,1,-38.3,-180.6,26.1,26.1,0.0
1954,coral7,1,-143.3,109.1,40.8,40.8,0.0
1954,coral9,1,936.4,-52.2,22.4,22.4,0.0
1954,coral10,1,1124.6,218.4,17.6,17.6,0.0
1954,coral11,1,183.5,1856.9,31.7,31.7,0.0
1954,coral14,1,19.3,2073.7,21.2,21.2,0.0
1954,coral16,1,217.5,476.5,32.2,32.2,0.0
1954,coral17,1,181.4,-80.2,25.0,25.0,0.0
1954,coral20,1,292.3,2004.2,28.0,28.0,0.0
1954,coral22,1,-7.5,612.6,33.2,33.2,0.0
1954,coral23,1,379.1,-185.9,18.2,18.2,0.0
1954,coral24,1,341.5,1776.2,29.4,29.4,0.0
1954,coral25,1,-158.5,499.0,37.2,37.2,0.0
1954,coral26,1,1226.4,544.5,34.4,34.4,0.0
1954,coral28,1,1153.5,753.1,37.9,37.9,0.0
1954,coral29,1,1218.6,-155.5,31.6,31.6,0.0
1954,coral30,1,1004.0,996.5,37.9,37.9,0.0
1954,coral32,1,900.2,1158.8,29.4,29.4,0.0
1954,coral33,1,-146.2,2125.6,32.7,32.7,0.0
1954,coral34,1,896.8,812.2,31.4,31.4,0.0
1954,coral35,1,-127.5,742.5,18.0,18.0,0.0
1954,coral37,1,-137.0,1704.8,34.2,34.2,0.0
1954,coral38,1,-0.0,-11.4,36.5,36.5,0.0
1954,coral42,1,1173.1,1050.2,18.8,18.8,0.0
1954,coral43,1,962.6,255.4,28.1,28.1,0.0
1954,coral45,1,-100.2,1086.5,27.9,27.9,0.0
1954,coral47,1,1207.0,373.8,28.4,28.4,0.0
1954,coral48,1,1221.8,1843.4,28.9,28.9,0.0
1954,coral51,1,383.2,343.7,23.2,23.2,0.0
1954,coral54,1,1226.3,1457.1,21.7,21.7,0.0
1954,coral55,1,16.6,1221.7,29.9,29.9,0.0
1954,coral57,1,909.5,1535.7,32.3,32.3,0.0
1954,coral58,1,120.0,-245.5,29.4,29.4,0.0
1954,coral59,1,333.5,625.8,33.5,33.5,0.0
1954,manta,2,647.0,834.8,184.5,184.5,0.0
1954,turtle0,2,525.0,275.2,55.8,55.8,0.0
1954,turtle1,2,562.5,1872.4,55.8,55.8,0.0
1954,school0,2,635.9,461.2,121.5,121.5,0.0
1954,school1,2,628.9,-100.2,121.5,121.5,0.0
1954,boat,4,555.0,1180.0,61.2,154.8,0.0
1956,island0,5,162.0,915.8,261.0,261.0,0.0
1956,island1,5,1055.2,1353.2,145.2,145.2,0.0
1956,island2,5,162.0,1554.8,234.9,234.9,0.0
1956,island3,5,1087.8,1671.8,163.7,163.7,0.0
1956,island4,5,1087.8,2072.3,183.0,183.0,0.0
1956,island7,5,126.0,258.8,182.7,182.7,0.0
1956,island8,5,1009.5,483.8,156.6,156.6,0.0
1956,coral1,1,261.7,1250.1,21.3,21.3,0.0
1956,coral2,1,1112.9,49.5,28.8,28.8,0.0
1956,coral4,1,-89.5,1888.6,26.9,26.9,0.0
1956,coral5,1,-38.3,-173.4,26.1,26.1,0.0
1956,coral7,1,-143.3,116.3,40.8,40.8,0.0
1956,coral9,1,936.4,-45.1,22.4,22.4,0.0
1956,coral10,1,1124.6,225.6,17.6,17.6,0.0
1956,coral11,1,183.5,1864.0,31.7,31.7,0.0
1956,coral14,1,19.3,2080.9,21.2,21.2,0.0
1956,coral16,1,217.5,483.6,32.2,32.2,0.0
1956,coral17,1,181.4,-73.0,25.0,25.0,0.0
1956,coral20,1,292.3,2011.4,28.0,28.0,0.0
1956,coral22,1,-7.5,619.8,33.2,33.2,0.0
1956,coral23,1,379.1,-178.7,18.2,18.2,0.0
1956,coral24,1,341.5,1783.4,29.4,29.4,0.0
1956,coral25,1,-158.5,506.1,37.2,37.2,0.0
1956,coral26,1,1226.4,551.7,34.4,34.4,0.0
1956,coral28,1,1153.5,760.2,37.9,37.9,0.0
1956,coral29,1,1218.6,-148.3,31.6,31.6,0.0
1956,coral30,1,1004.0,1003.7,37.9,37.9,0.0
1956,coral32,1,900.2,1166.0,29.4,29.4,0.0
1956,coral33,1,-146.2,2132.8,32.7,32.7,0.0
1956,coral34,1,896.8,819.3,31.4,31.4,0.0
1956,coral35,1,-127.5,749.7,18.0,18.0,0.0
1956,coral37,1,-137.0,1712.0,34.2,34.2,0.0
1956,coral38,1,-0.0,-4.2,36.5,36.5,0.0
1956,coral42,1,1173.1,1057.3,18.8,18.8,0.0
1956,coral43,1,962.6,262.6,28.1,28.1,0.0
1956,coral45,1,-100.2,1093.7,27.9,27.9,0.0
1956,coral47,1,1207.0,381.0,28.4,28.4,0.0
1956,coral48,1,1221.8,1850.5,28.9,28.9,0.0
1956,coral51,1,383.2,350.8,23.2,23.2,0.0
1956,coral54,1,1226.3,1464.3,21.7,21.7,0.0
1956,coral55,1,16.6,1228.8,29.9,29.9,0.0
1956,coral57,1,909.5,1542.8,32.3,32.3,0.0
1956,coral58,1,120.0,-238.3,29.4,29.4,0.0
1956,coral59,1,333.5,632.9,33.5,33.5,0.0
1956,manta,2,647.6,834.9,184.5,184.5,0.0
1956,turtle0,2,523.7,278.6,55.8,55.8,0.0
1956,turtle1,2,564.3,1877.5,55.8,55.8,0.0
1956,school0,2,634.6,463.2,121.5,121.5,0.0
1956,school1,2,629.3,-93.5,121.5,121.5,0.0
1956,boat,4,555.0,1180.0,61.2,154.8,0.0
1958,island0,5,162.0,922.9,261.0,261.0,0.0
1958,island1,5,1055.2,1360.3,145.2,145.2,0.0
1958,island2,5,162.0,1561.9,234.9,234.9,0.0
1958,island3,5,1087.8,1678.9,163.7,163.7,0.0
1958,island4,5,1087.8,2079.4,183.0,183.0,0.0
1958,island7,5,126.0,265.9,182.7,182.7,0.0
1958,island8,5,1009.5,490.9,156.6,156.6,0.0
1958,coral1,1,261.7,1257.3,21.3,21.3,0.0
1958,coral2,1,1112.9,56.6,28.8,28.8,0.0
1958,coral4,1,-89.5,1895.8,26.9,26.9,0.0
1958,coral5,1,-38.3,-166.3,26.1,26.1,0.0
1958,coral7,1,-143.3,123.4,40.8,40.8,0.0
1958,coral9,1,936.4,-37.9,22.4,22.4,0.0
1958,coral10,1,1124.6,232.7,17.6,17.6,0.0
1958,coral11,1,183.5,1871.2,31.7,31.7,0.0
1958,coral14,1,19.3,2088.0,21.2,21.2,0.0
1958,coral16,1,217.5,490.8,32.2,32.2,0.0
1958,coral17,1,181.4,-65.9,25.0,25.0,0.0
1958,coral20,1,292.3,2018.6,28.0,28.0,0.0
1958,coral22,1,-7.5,626.9,33.2,33.2,0.0
1958,coral23,1,379.1,-171.6,18.2,18.2,0.0
1958,coral24,1,341.5,1790.5,29.4,29.4,0.0
1958,coral25,1,-158.5,513.3,37.2,37.2,0.0
1958,coral26,1,1226.4,558.8,34.4,34.4,0.0
1958,coral28,1,1153.5,767.4,37.9,37.9,0.0
1958,coral29,1,1218.6,-141.2,31.6,31.6,0.0
1958,coral30,1,1004.0,1010.8,37.9,37.9,0.0
1958,coral32,1,900.2,1173.1,29.4,29.4,0.0
1958,coral33,1,-146.2,2139.9,32.7,32.7,0.0
1958,coral34,1,896.8,826.5,31.4,31.4,0.0
1958,coral35,1,-127.5,756.8,18.0,18.0,0.0
1958,coral37,1,-137.0,1719.1,34.2,34.2,0.0
1958,coral38,1,-0.0,2.9,36.5,36.5,0.0
1958,coral42,1,1173.1,1064.5,18.8,18.8,0.0
1958,coral43,1,962.6,269.7,28.1,28.1,0.0
1958,coral45,1,-100.2,1100.8,27.9,27.9,0.0
1958,coral47,1,1207.0,388.1,28.4,28.4,0.0
1958,coral48,1,1221.8,1857.7,28.9,28.9,0.0
1958,coral51,1,383.2,358.0,23.2,23.2,0.0
1958,coral54,1,1226.3,1471.4,21.7,21.7,0.0
1958,coral55,1,16.6,1236.0,29.9,29.9,0.0
1958,coral57,1,909.5,1550.0,32.3,32.3,0.0
1958,coral58,1,120.0,-231.2,29.4,29.4,0.0
1958,coral59,1,333.5,640.1,33.5,33.5,0.0
1958,manta,2,648.2,835.1,184.5,184.5,0.0
1958,turtle0,2,522.4,282.0,55.8,55.8,0.0
1958,turtle1,2,566.1,1882.5,55.8,55.8,0.0
1958,school0,2,633.3,465.1,121.5,121.5,0.0
1958,school1,2,629.8,-86.8,121.5,121.5,0.0
1958,boat,4,555.0,1180.0,61.2,154.8,0.0
1960,island0,5,162.0,930.1,261.0,261.0,0.0
1960,island1,5,1055.2,1367.5,145.2,145.2,0.0
1960,island2,5,162.0,1569.1,234.9,234.9,0.0
1960,island3,5,1087.8,1686.1,163.7,163.7,0.0
1960,island4,5,1087.8,2086.6,183.0,183.0,0.0
1960,island7,5,126.0,273.1,182.7,182.7,0.0
1960,island8,5,1009.5,498.1,156.6,156.6,0.0
1960,coral1,1,261.7,1264.4,21.3,21.3,0.0
1960,coral2,1,1112.9,63.8,28.8,28.8,0.0
1960,coral4,1,-89.5,1902.9,26.9,26.9,0.0
1960,coral5,1,-38.3,-159.1,26.1,26.1,0.0
1960,coral7,1,-143.3,130.6,40.8,40.8,0.0
1960,coral9,1,936.4,-30.8,22.4,22.4,0.0
1960,coral10,1,1124.6,239.9,17.6,17.6,0.0
1960,coral11,1,183.5,1878.3,31.7,31.7,0.0
1960,coral14,1,19.3,2095.2,21.2,21.2,0.0
1960,coral16,1,217.5,497.9,32.2,32.2,0.0
1960,coral17,1,181.4,-58.7,25.0,25.0,0.0
1960,coral20,1,292.3,2025.7,28.0,28.0,0.0
1960,coral22,1,-7.5,634.1,33.2,33.2,0.0
1960,coral23,1,379.1,-164.4,18.2,18.2,0.0
1960,coral24,1,341.5,1797.7,29.4,29.4,0.0
1960,coral25,1,-158.5,520.5,37.2,37.2,0.0
1960,coral26,1,1226.4,566.0,34.4,34.4,0.0
1960,coral28,1,1153.5,774.6,37.9,37.9,0.0
1960,coral29,1,1218.6,-134.0,31.6,31.6,0.0
1960,coral30,1,1004.0,1018.0,37.9,37.9,0.0
1960,coral32,1,900.2,1180.3,29.4,29.4,0.0
1960,coral33,1,-146.2,2147.1,32.7,32.7,0.0
1960,coral34,1,896.8,833.6,31.4,31.4,0.0
1960,coral35,1,-127.5,764.0,18.0,18.0,0.0
1960,coral37,1,-137.0,1726.3,34.2,34.2,0.0
1960,coral38,1,-0.0,10.1,36.5,36.5,0.0
1960,coral42,1,1173.1,1071.6,18.8,18.8,0.0
1960,coral43,1,962.6,276.9,28.1,28.1,0.0
1960,coral45,1,-100.2,1108.0,27.9,27.9,0.0
1960,coral47,1,1207.0,395.3,28.4,28.4,0.0
1960,coral48,1,1221.8,1864.9,28.9,28.9,0.0
1960,coral51,1,383.2,365.1,23.2,23.2,0.0
1960,coral54,1,1226.3,1478.6,21.7,21.7,0.0
1960,coral55,1,16.6,1243.1,29.9,29.9,0.0
1960,coral57,1,909.5,1557.1,32.3,32.3,0.0
1960,coral58,1,120.0,-224.0,29.4,29.4,0.0
1960,coral59,1,333.5,647.2,33.5,33.5,0.0
1960,manta,2,648.9,835.3,184.5,184.5,0.0
1960,turtle0,2,521.1,285.4,55.8,55.8,0.0
1960,turtle1,2,568.0,1887.6,55.8,55.8,0.0
1960,school0,2,632.1,467.0,121.5,121.5,0.0
1960,school1,2,630.2,-80.2,121.5,121.5,0.0
1960,boat,4,555.0,1180.0,61.2,154.8,0.0
1962,island0,5,162.0,937.2,261.0,261.0,0.0
1962,island1,5,1055.2,1374.6,145.2,145.2,0.0
1962,island2,5,162.0,1576.2,234.9,234.9,0.0
1962,island3,5,1087.8,1693.2,163.7,163.7,0.0
1962,island4,5,1087.8,2093.7,183.0,183.0,0.0
1962,island7,5,126.0,280.2,182.7,182.7,0.0
1962,island8,5,1009.5,505.2,156.6,156.6,0.0
1962,coral1,1,261.7,1271.6,21.3,21.3,0.0
1962,coral2,1,1112.9,70.9,28.8,28.8,0.0
1962,coral4,1,-89.5,1910.1,26.9,26.9,0.0
1962,coral5,1,-38.3,-151.9,26.1,26.1,0.0
1962,coral7,1,-143.3,137.7,40.8,40.8,0.0
1962,coral9,1,936.4,-23.6,22.4,22.4,0.0
1962,coral10,1,1124.6,247.1,17.6,17.6,0.0
1962,coral11,1,183.5,1885.5,31.7,31.7,0.0
1962,coral14,1,19.3,2102.3,21.2,21.2,0.0
1962,coral16,1,217.5,505.1,32.2,32.2,0.0
1962,coral17,1,181.4,-51.6,25.0,25.0,0.0
1962,coral20,1,292.3,2032.9,28.0,28.0,0.0
1962,coral22,1,-7.5,641.2,33.2,33.2,0.0
1962,coral23,1,379.1,-157.3,18.2,18.2,0.0
1962,coral24,1,341.5,1804.8,29.4,29.4,0.0
1962,coral25,1,-158.5,527.6,37.2,37.2,0.0
1962,coral26,1,1226.4,573.1,34.4,34.4,0.0
1962,coral28,1,1153.5,781.7,37.9,37.9,0.0
1962,coral29,1,1218.6,-126.8,31.6,31.6,0.0
1962,coral30,1,1004.0,1025.1,37.9,37.9,0.0
1962,coral32,1,900.2,1187.5,29.4,29.4,0.0
1962,coral33,1,-146.2,2154.2,32.7,32.7,0.0
1962,coral34,1,896.8,840.8,31.4,31.4,0.0
1962,coral35,1,-127.5,771.1,18.0,18.0,0.0
1962,coral37,1,-137.0,1733.4,34.2,34.2,0.0
1962,coral38,1,-0.0,17.2,36.5,36.5,0.0
1962,coral42,1,1173.1,1078.8,18.8,18.8,0.0
1962,coral43,1,962.6,284.1,28.1,28.1,0.0
1962,coral45,1,-100.2,1115.1,27.9,27.9,0.0
1962,coral47,1,1207.0,402.5,28.4,28.4,0.0
1962,coral48,1,1221.8,1872.0,28.9,28.9,0.0
1962,coral51,1,383.2,372.3,23.2,23.2,0.0
1962,coral54,1,1226.3,1485.7,21.7,21.7,0.0
1962,coral55,1,16.6,1250.3,29.9,29.9,0.0
1962,coral57,1,909.5,1564.3,32.3,32.3,0.0
1962,coral58,1,120.0,-216.9,29.4,29.4,0.0
1962,coral59,1,333.5,654.4,33.5,33.5,0.0
1962,manta,2,649.8,835.5,184.5,184.5,0.0
1962,turtle0,2,519.8,288.8,55.8,55.8,0.0
1962,turtle1,2,569.8,1892.6,55.8,55.8,0.0
1962,turtle2,2,1020.2,-298.6,55.8,55.8,0.0
1962,school0,2,631.1,468.8,121.5,121.5,0.0
1962,school1,2,630.7,-73.5,121.5,121.5,0.0
1962,boat,4,555.0,1180.0,61.2,154.8,0.0
1964,island0,5,162.0,944.4,261.0,261.0,0.0
1964,island1,5,1055.2,1381.8,145.2,145.2,0.0
1964,island2,5,162.0,1583.4,234.9,234.9,0.0
1964,island3,5,1087.8,1700.4,163.7,163.7,0.0
1964,island4,5,1087.8,2100.9,183.0,183.0,0.0
1964,island7,5,126.0,287.4,182.7,182.7,0.0
1964,island8,5,1009.5,512.4,156.6,156.6,0.0
1964,coral1,1,261.7,1278.7,21.3,21.3,0.0
1964,coral2,1,1112.9,78.1,28.8,28.8,0.0
1964,coral4,1,-89.5,1917.2,26.9,26.9,0.0
1964,coral5,1,-38.3,-144.8,26.1,26.1,0.0
1964,coral7,1,-143.3,144.9,40.8,40.8,0.0
1964,coral9,1,936.4,-16.5,22.4,22.4,0.0
1964,coral10,1,1124.6,254.2,17.6,17.6,0.0
1964,coral11,1,183.5,1892.6,31.7,31.7,0.0
1964,coral14,1,19.3,2109.5,21.2,21.2,0.0
1964,coral16,1,217.5,512.2,32.2,32.2,0.0
1964,coral17,1,181.4,-44.4,25.0,25.0,0.0
1964,coral20,1,292.3,2040.0,28.0,28.0,0.0
1964,coral22,1,-7.5,648.4,33.2,33.2,0.0
1964,coral23,1,379.1,-150.1,18.2,18.2,0.0
1964,coral24,1,341.5,1812.0,29.4,29.4,0.0
1964,coral25,1,-158.5,534.8,37.2,37.2,0.0
1964,coral26,1,1226.4,580.3,34.4,34.4,0.0
1964,coral28,1,1153.5,788.9,37.9,37.9,0.0
1964,coral29,1,1218.6,-119.7,31.6,31.6,0.0
1964,coral30,1,1004.0,1032.3,37.9,37.9,0.0
1964,coral32,1,900.2,1194.6,29.4,29.4,0.0
1964,coral33,1,-146.2,2161.4,32.7,32.7,0.0
1964,coral34,1,896.8,847.9,31.4,31.4,0.0
1964,coral35,1,-127.5,778.3,18.0,18.0,0.0
1964,coral37,1,-137.0,1740.6,34.2,34.2,0.0
1964,coral38,1,-0.0,24.4,36.5,36.5,0.0
1964,coral42,1,1173.1,1085.9,18.8,18.8,0.0
1964,coral43,1,962.6,291.2,28.1,28.1,0.0
1964,coral45,1,-100.2,1122.3,27.9,27.9,0.0
1964,coral47,1,1207.0,409.6,28.4,28.4,0.0
1964,coral48,1,1221.8,1879.2,28.9,28.9,0.0
1964,coral51,1,383.2,379.4,23.2,23.2,0.0
1964,coral54,1,1226.3,1492.9,21.7,21.7,0.0
1964,coral55,1,16.6,1257.4,29.9,29.9,0.0
1964,coral57,1,909.5,1571.4,32.3,32.3,0.0
1964,coral58,1,120.0,-209.7,29.4,29.4,0.0
1964,coral59,1,333.5,661.5,33.5,33.5,0.0
1964,manta,2,650.8,835.8,184.5,184.5,0.0
1964,turtle0,2,518.6,292.2,55.8,55.8,0.0
1964,turtle1,2,571.6,1897.6,55.8,55.8,0.0
1964,turtle2,2,1020.2,-291.4,55.8,55.8,0.0
1964,school0,2,630.2,470.6,121.5,121.5,0.0
1964,school1,2,631.1,-66.8,121.5,121.5,0.0
1964,boat,4,555.0,1180.0,61.2,154.8,0.0
1966,island0,5,162.0,951.5,261.0,261.0,0.0
1966,island1,5,1055.2,1388.9,145.2,145.2,0.0
1966,island2,5,162.0,1590.5,234.9,234.9,0.0
1966,island3,5,1087.8,1707.5,163.7,163.7,0.0
1966,island4,5,1087.8,2108.0,183.0,183.0,0.0
1966,island7,5,126.0,294.5,182.7,182.7,0.0
1966,island8,5,1009.5,519.5,156.6,156.6,0.0
1966,coral1,1,261.7,1285.9,21.3,21.3,0.0
1966,coral2,1,1112.9,85.2,28.8,28.8,0.0
1966,coral4,1,-89.5,1924.4,26.9,26.9,0.0
1966,coral5,1,-38.3,-137.6,26.1,26.1,0.0
1966,coral7,1,-143.3,152.0,40.8,40.8,0.0
1966,coral9,1,936.4,-9.3,22.4,22.4,0.0
1966,coral10,1,1124.6,261.4,17.6,17.6,0.0
1966,coral11,1,183.5,1899.8,31.7,31.7,0.0
1966,coral14,1,19.3,2116.6,21.2,21.2,0.0
1966,coral16,1,217.5,519.4,32.2,32.2,0.0
1966,coral17,1,181.4,-37.2,25.0,25.0,0.0
1966,coral20,1,292.3,2047.2,28.0,28.0,0.0
1966,coral22,1,-7.5,655.5,33.2,33.2,0.0
1966,coral23,1,379.1,-143.0,18.2,18.2,0.0
1966,coral24,1,341.5,1819.1,29.4,29.4,0.0
1966,coral25,1,-158.5,541.9,37.2,37.2,0.0
1966,coral26,1,1226.4,587.4,34.4,34.4,0.0
1966,coral28,1,1153.5,796.0,37.9,37.9,0.0
1966,coral29,1,1218.6,-112.5,31.6,31.6,0.0
1966,coral30,1,1004.0,1039.4,37.9,37.9,0.0
1966,coral32,1,900.2,1201.8,29.4,29.4,0.0
1966,coral33,1,-146.2,2168.5,32.7,32.7,0.0
1966,coral34,1,896.8,855.1,31.4,31.4,0.0
1966,coral35,1,-127.5,785.5,18.0,18.0,0.0
1966,coral37,1,-137.0,1747.7,34.2,34.2,0.0
1966,coral38,1,-0.0,31.5,36.5,36.5,0.0
1966,coral42,1,1173.1,1093.1,18.8,18.8,0.0
1966,coral43,1,962.6,298.4,28.1,28.1,0.0
1966,coral45,1,-100.2,1129.4,27.9,27.9,0.0
1966,coral47,1,1207.0,416.8,28.4,28.4,0.0
1966,coral48,1,1221.8,1886.3,28.9,28.9,0.0
1966,coral51,1,383.2,386.6,23.2,23.2,0.0
1966,coral54,1,1226.3,1500.1,21.7,21.7,0.0
1966,coral55,1,16.6,1264.6,29.9,29.9,0.0
1966,coral57,1,909.5,1578.6,32.3,32.3,0.0
1966,coral58,1,120.0,-202.5,29.4,29.4,0.0
1966,coral59,1,333.5,668.7,33.5,33.5,0.0
1966,manta,2,651.8,836.1,184.5,184.5,0.0
1966,turtle0,2,517.3,295.6,55.8,55.8,0.0
1966,turtle1,2,573.4,1902.6,55.8,55.8,0.0
1966,turtle2,2,1020.2,-284.3,55.8,55.8,0.0
1966,school0,2,629.6,472.4,121.5,121.5,0.0
1966,school1,2,631.6,-60.2,121.5,121.5,0.0
1966,boat,4,555.0,1180.0,61.2,154.8,0.0
1968,island0,5,162.0,958.7,261.0,261.0,0.0
1968,island1,5,1055.2,1396.1,145.2,145.2,0.0
1968,island2,5,162.0,1597.7,234.9,234.9,0.0
1968,island3,5,1087.8,1714.7,163.7,163.7,0.0
1968,island4,5,1087.8,2115.2,183.0,183.0,0.0
1968,island7,5,126.0,301.7,182.7,182.7,0.0
1968,island8,5,1009.5,526.7,156.6,156.6,0.0
1968,coral1,1,261.7,1293.0,21.3,21.3,0.0
1968,coral2,1,1112.9,92.4,28.8,28.8,0.0
1968,coral4,1,-89.5,1931.6,26.9,26.9,0.0
1968,coral5,1,-38.3,-130.5,26.1,26.1,0.0
1968,coral7,1,-143.3,159.2,40.8,40.8,0.0
1968,coral9,1,936.4,-2.2,22.4,22.4,0.0
1968,coral10,1,1124.6,268.5,17.6,17.6,0.0
1968,coral11,1,183.5,1906.9,31.7,31.7,0.0
1968,coral14,1,19.3,2123.8,21.2,21.2,0.0
1968,coral16,1,217.5,526.5,32.2,32.2,0.0
1968,coral17,1,181.4,-30.1,25.0,25.0,0.0
1968,coral20,1,292.3,2054.3,28.0,28.0,0.0
1968,coral22,1,-7.5,662.7,33.2,33.2,0.0
1968,coral23,1,379.1,-135.8,18.2,18.2,0.0
1968,coral24,1,341.5,1826.3,29.4,29.4,0.0
1968,coral25,1,-158.5,549.1,37.2,37.2,0.0
1968,coral26,1,1226.4,594.6,34.4,34.4,0.0
1968,coral28,1,1153.5,803.2,37.9,37.9,0.0
1968,coral29,1,1218.6,-105.4,31.6,31.6,0.0
1968,coral30,1,1004.0,1046.6,37.9,37.9,0.0
1968,coral32,1,900.2,1208.9,29.4,29.4,0.0
1968,coral33,1,-146.2,2175.7,32.7,32.7,0.0
1968,coral34,1,896.8,862.3,31.4,31.4,0.0
1968,coral35,1,-127.5,792.6,18.0,18.0,0.0
1968,coral37,1,-137.0,1754.9,34.2,34.2,0.0
1968,coral38,1,-0.0,38.7,36.5,36.5,0.0
1968,coral42,1,1173.1,1100.2,18.8,18.8,0.0
1968,coral43,1,962.6,305.5,28.1,28.1,0.0
1968,coral45,1,-100.2,1136.6,27.9,27.9,0.0
1968,coral47,1,1207.0,423.9,28.4,28.4,0.0
1968,coral48,1,1221.8,1893.5,28.9,28.9,0.0
1968,coral51,1,383.2,393.7,23.2,23.2,0.0
1968,coral54,1,1226.3,1507.2,21.7,21.7,0.0
1968,coral55,1,16.6,1271.7,29.9,29.9,0.0
1968,coral57,1,909.5,1585.7,32.3,32.3,0.0
1968,coral58,1,120.0,-195.4,29.4,29.4,0.0
1968,coral59,1,333.5,675.8,33.5,33.5,0.0
1968,manta,2,652.8,836.3,184.5,184.5,0.0
1968,turtle0,2,516.1,299.0,55.8,55.8,0.0
1968,turtle1,2,575.2,1907.6,55.8,55.8,0.0
1968,turtle2,2,1020.2,-277.1,55.8,55.8,0.0
1968,school0,2,629.1,474.2,121.5,121.5,0.0
1968,school1,2,632.0,-53.5,121.5,121.5,0.0
1968,boat,4,555.0,1180.0,61.2,154.8,0.0
1970,island0,5,162.0,965.8,261.0,261.0,0.0
1970,island1,5,1055.2,1403.2,145.2,145.2,0.0
1970,island2,5,162.0,1604.8,234.9,234.9,0.0
1970,island3,5,1087.8,1721.8,163.7,163.7,0.0
1970,island4,5,1087.8,2122.3,183.0,183.0,0.0
1970,island7,5,126.0,308.8,182.7,182.7,0.0
1970,island8,5,1009.5,533.8,156.6,156.6,0.0
1970,coral1,1,261.7,1300.2,21.3,21.3,0.0
1970,coral2,1,1112.9,99.5,28.8,28.8,0.0
1970,coral4,1,-89.5,1938.7,26.9,26.9,0.0
1970,coral5,1,-38.3,-123.3,26.1,26.1,0.0
1970,coral7,1,-143.3,166.3,40.8,40.8,0.0
1970,coral9,1,936.4,5.0,22.4,22.4,0.0
1970,coral10,1,1124.6,275.7,17.6,17.6,0.0
1970,coral11,1,183.5,1914.1,31.7,31.7,0.0
1970,coral14,1,19.3,2131.0,21.2,21.2,0.0
1970,coral16,1,217.5,533.7,32.2,32.2,0.0
1970,coral17,1,181.4,-22.9,25.0,25.0,0.0
1970,coral20,1,292.3,2061.5,28.0,28.0,0.0
1970,coral22,1,-7.5,669.8,33.2,33.2,0.0
1970,coral23,1,379.1,-128.7,18.2,18.2,0.0
1970,coral24,1,341.5,1833.4,29.4,29.4,0.0
1970,coral25,1,-158.5,556.2,37.2,37.2,0.0
1970,coral26,1,1226.4,601.7,34.4,34.4,0.0
1970,coral28,1,1153.5,810.3,37.9,37.9,0.0
1970,coral29,1,1218.6,-98.2,31.6,31.6,0.0
1970,coral30,1,1004.0,1053.8,37.9,37.9,0.0
1970,coral32,1,900.2,1216.1,29.4,29.4,0.0
1970,coral33,1,-146.2,2182.8,32.7,32.7,0.0
1970,coral34,1,896.8,869.4,31.4,31.4,0.0
1970,coral35,1,-127.5,799.8,18.0,18.0,0.0
1970,coral37,1,-137.0,1762.0,34.2,34.2,0.0
1970,coral38,1,-0.0,45.9,36.5,36.5,0.0
1970,coral42,1,1173.1,1107.4,18.8,18.8,0.0
1970,coral43,1,962.6,312.7,28.1,28.1,0.0
1970,coral45,1,-100.2,1143.7,27.9,27.9,0.0
1970,coral47,1,1207.0,431.1,28.4,28.4,0.0
1970,coral48,1,1221.8,1900.6,28.9,28.9,0.0
1970,coral51,1,383.2,400.9,23.2,23.2,0.0
1970,coral54,1,1226.3,1514.4,21.7,21.7,0.0
1970,coral55,1,16.6,1278.9,29.9,29.9,0.0
1970,coral57,1,909.5,1592.9,32.3,32.3,0.0
1970,coral58,1,120.0,-188.2,29.4,29.4,0.0
1970,coral59,1,333.5,683.0,33.5,33.5,0.0
1970,manta,2,653.7,836.6,184.5,184.5,0.0
1970,turtle0,2,514.8,302.4,55.8,55.8,0.0
1970,turtle1,2,576.9,1912.6,55.8,55.8,0.0
1970,turtle2,2,1020.2,-270.0,55.8,55.8,0.0
1970,school0,2,629.0,476.0,121.5,121.5,0.0
1970,school1,2,632.5,-46.9,121.5,121.5,0.0
1970,boat,4,555.0,1180.0,61.2,154.8,0.0
1972,island0,5,162.0,973.0,261.0,261.0,0.0
1972,island1,5,1055.2,1410.4,145.2,145.2,0.0
1972,island2,5,162.0,1612.0,234.9,234.9,0.0
1972,island3,5,1087.8,1729.0,163.7,163.7,0.0
1972,island4,5,1087.8,2129.5,183.0,183.0,0.0
1972,island7,5,126.0,316.0,182.7,182.7,0.0
1972,island8,5,1009.5,541.0,156.6,156.6,0.0
1972,coral1,1,261.7,1307.3,21.3,21.3,0.0
1972,coral2,1,1112.9,106.7,28.8,28.8,0.0
1972,coral4,1,-89.5,1945.9,26.9,26.9,0.0
1972,coral5,1,-38.3,-116.2,26.1,26.1,0.0
1972,coral7,1,-143.3,173.5,40.8,40.8,0.0
1972,coral9,1,936.4,12.2,22.4,22.4,0.0
1972,coral10,1,1124.6,282.8,17.6,17.6,0.0
1972,coral11,1,183.5,1921.2,31.7,31.7,0.0
1972,coral14,1,19.3,2138.1,21.2,21.2,0.0
1972,coral16,1,217.5,540.9,32.2,32.2,0.0
1972,coral17,1,181.4,-15.8,25.0,25.0,0.0
1972,coral19,1,-86.4,-297.1,27.2,27.2,0.0
1972,coral20,1,292.3,2068.6,28.0,28.0,0.0
1972,coral22,1,-7.5,677.0,33.2,33.2,0.0
1972,coral23,1,379.1,-121.5,18.2,18.2,0.0
1972,coral24,1,341.5,1840.6,29.4,29.4,0.0
1972,coral25,1,-158.5,563.4,37.2,37.2,0.0
1972,coral26,1,1226.4,608.9,34.4,34.4,0.0
1972,coral28,1,1153.5,817.5,37.9,37.9,0.0
1972,coral29,1,1218.6,-91.1,31.6,31.6,0.0
1972,coral30,1,1004.0,1060.9,37.9,37.9,0.0
1972,coral32,1,900.2,1223.2,29.4,29.4,0.0
1972,coral33,1,-146.2,2190.0,32.7,32.7,0.0
1972,coral34,1,896.8,876.6,31.4,31.4,0.0
1972,coral35,1,-127.5,806.9,18.0,18.0,0.0
1972,coral37,1,-137.0,1769.2,34.2,34.2,0.0
1972,coral38,1,-0.0,53.0,36.5,36.5,0.0
1972,coral42,1,1173.1,1114.6,18.8,18.8,0.0
1972,coral43,1,962.6,319.8,28.1,28.1,0.0
1972,coral45,1,-100.2,1150.9,27.9,27.9,0.0
1972,coral47,1,1207.0,438.2,28.4,28.4,0.0
1972,coral48,1,1221.8,1907.8,28.9,28.9,0.0
1972,coral51,1,383.2,408.0,23.2,23.2,0.0
1972,coral54,1,1226.3,1521.5,21.7,21.7,0.0
1972,coral55,1,16.6,1286.0,29.9,29.9,0.0
1972,coral57,1,909.5,1600.1,32.3,32.3,0.0
1972,coral58,1,120.0,-181.1,29.4,29.4,0.0
1972,coral59,1,333.5,690.1,33.5,33.5,0.0
1972,manta,2,654.5,836.8,184.5,184.5,0.0
1972,turtle0,2,513.6,305.8,55.8,55.8,0.0
1972,turtle1,2,578.7,1917.5,55.8,55.8,0.0
1972,turtle2,2,1020.2,-262.8,55.8,55.8,0.0
1972,school0,2,629.2,477.7,121.5,121.5,0.0
1972,school1,2,632.9,-40.2,121.5,121.5,0.0
1972,boat,4,555.0,1180.0,61.2,154.8,0.0
1974,island0,5,162.0,980.1,261.0,261.0,0.0
1974,island1,5,1055.2,1417.5,145.2,145.2,0.0
1974,island2,5,162.0,1619.1,234.9,234.9,0.0
1974,island3,5,1087.8,1736.1,163.7,163.7,0.0
1974,island4,5,1087.8,2136.6,183.0,183.0,0.0
1974,island7,5,126.0,323.1,182.7,182.7,0.0
1974,island8,5,1009.5,548.1,156.6,156.6,0.0
1974,coral1,1,261.7,1314.5,21.3,21.3,0.0
1974,coral2,1,1112.9,113.9,28.8,28.8,0.0
1974,coral4,1,-89.5,1953.0,26.9,26.9,0.0
1974,coral5,1,-38.3,-109.0,26.1,26.1,0.0
1974,coral7,1,-143.3,180.7,40.8,40.8,0.0
1974,coral9,1,936.4,19.3,22.4,22.4,0.0
1974,coral10,1,1124.6,290.0,17.6,17.6,0.0
1974,coral11,1,183.5,1928.4,31.7,31.7,0.0
1974,coral14,1,19.3,2145.3,21.2,21.2,0.0
1974,coral16,1,217.5,548.0,32.2,32.2,0.0
1974,coral17,1,181.4,-8.6,25.0,25.0,0.0
1974,coral19,1,-86.4,-290.0,27.2,27.2,0.0
1974,coral20,1,292.3,2075.8,28.0,28.0,0.0
1974,coral22,1,-7.5,684.1,33.2,33.2,0.0
1974,coral23,1,379.1,-114.3,18.2,18.2,0.0
1974,coral24,1,341.5,1847.8,29.4,29.4,0.0
1974,coral25,1,-158.5,570.5,37.2,37.2,0.0
1974,coral26,1,1226.4,616.1,34.4,34.4,0.0
1974,coral28,1,1153.5,824.6,37.9,37.9,0.0
1974,coral29,1,1218.6,-83.9,31.6,31.6,0.0
1974,coral30,1,1004.0,1068.1,37.9,37.9,0.0
1974,coral32,1,900.2,1230.4,29.4,29.4,0.0
1974,coral33,1,-146.2,2197.1,32.7,32.7,0.0
1974,coral34,1,896.8,883.7,31.4,31.4,0.0
1974,coral35,1,-127.5,814.1,18.0,18.0,0.0
1974,coral37,1,-137.0,1776.4,34.2,34.2,0.0
1974,coral38,1,-0.0,60.2,36.5,36.5,0.0
1974,coral42,1,1173.1,1121.7,18.8,18.8,0.0
1974,coral43,1,962.6,327.0,28.1,28.1,0.0
1974,coral45,1,-100.2,1158.1,27.9,27.9,0.0
1974,coral47,1,1207.0,445.4,28.4,28.4,0.0
1974,coral48,1,1221.8,1914.9,28.9,28.9,0.0
1974,coral51,1,383.2,415.2,23.2,23.2,0.0
1974,coral54,1,1226.3,1528.7,21.7,21.7,0.0
1974,coral55,1,16.6,1293.2,29.9,29.9,0.0
1974,coral57,1,909.5,1607.2,32.3,32.3,0.0
1974,coral58,1,120.0,-173.9,29.4,29.4,0.0
1974,coral59,1,333.5,697.3,33.5,33.5,0.0
1974,manta,2,655.2,837.0,184.5,184.5,0.0
1974,turtle0,2,512.3,309.2,55.8,55.8,0.0
1974,turtle1,2,580.5,1922.5,55.8,55.8,0.0
1974,turtle2,2,1020.2,-255.7,55.8,55.8,0.0
1974,school0,2,629.7,479.5,121.5,121.5,0.0
1974,school1,2,633.4,-33.6,121.5,121.5,0.0
1974,boat,4,555.0,1180.0,61.2,154.8,0.0
1976,island0,5,162.0,987.3,261.0,261.0,0.0
1976,island1,5,1055.2,1424.7,145.2,145.2,0.0
1976,island2,5,162.0,1626.3,234.9,234.9,0.0
1976,island3,5,1087.8,1743.3,163.7,163.7,0.0
1976,island4,5,1087.8,2143.8,183.0,183.0,0.0
1976,island7,5,126.0,330.3,182.7,182.7,0.0
1976,island8,5,1009.5,555.3,156.6,156.6,0.0
1976,coral1,1,261.7,1321.7,21.3,21.3,0.0
1976,coral2,1,1112.9,121.0,28.8,28.8,0.0
1976,coral4,1,-89.5,1960.2,26.9,26.9,0.0
1976,coral5,1,-38.3,-101.9,26.1,26.1,0.0
1976,coral7,1,-143.3,187.8,40.8,40.8,0.0
1976,coral9,1,936.4,26.5,22.4,22.4,0.0
1976,coral10,1,1124.6,297.1,17.6,17.6,0.0
1976,coral11,1,183.5,1935.6,31.7,31.7,0.0
1976,coral14,1,19.3,2152.4,21.2,21.2,0.0
1976,coral16,1,217.5,555.2,32.2,32.2,0.0
1976,coral17,1,181.4,-1.5,25.0,25.0,0.0
1976,coral19,1,-86.4,-282.8,27.2,27.2,0.0
1976,coral20,1,292.3,2082.9,28.0,28.0,0.0
1976,coral22,1,-7.5,691.3,33.2,33.2,0.0
1976,coral23,1,379.1,-107.2,18.2,18.2,0.0
1976,coral24,1,341.5,1854.9,29.4,29.4,0.0
1976,coral25,1,-158.5,577.7,37.2,37.2,0.0
1976,coral26,1,1226.4,623.2,34.4,34.4,0.0
1976,coral28,1,1153.5,831.8,37.9,37.9,0.0
1976,coral29,1,1218.6,-76.8,31.6,31.6,0.0
1976,coral30,1,1004.0,1075.2,37.9,37.9,0.0
1976,coral32,1,900.2,1237.5,29.4,29.4,0.0
1976,coral33,1,-146.2,2204.3,32.7,32.7,0.0
1976,coral34,1,896.8,890.9,31.4,31.4,0.0
1976,coral35,1,-127.5,821.2,18.0,18.0,0.0
1976,coral37,1,-137.0,1783.5,34.2,34.2,0.0
1976,coral38,1,-0.0,67.3,36.5,36.5,0.0
1976,coral42,1,1173.1,1128.9,18.8,18.8,0.0
1976,coral43,1,962.6,334.1,28.1,28.1,0.0
1976,coral45,1,-100.2,1165.2,27.9,27.9,0.0
1976,coral47,1,1207.0,452.5,28.4,28.4,0.0
1976,coral48,1,1221.8,1922.1,28.9,28.9,0.0
1976,coral51,1,383.2,422.4,23.2,23.2,0.0
1976,coral53,1,891.6,-298.3,21.8,21.8,0.0
1976,coral54,1,1226.3,1535.8,21.7,21.7,0.0
1976,coral55,1,16.6,1300.3,29.9,29.9,0.0
1976,coral57,1,909.5,1614.4,32.3,32.3,0.0
1976,coral58,1,120.0,-166.8,29.4,29.4,0.0
1976,coral59,1,333.5,704.4,33.5,33.5,0.0
1976,manta,2,655.7,837.2,184.5,184.5,0.0
1976,turtle0,2,511.1,312.6,55.8,55.8,0.0
1976,turtle1,2,582.2,1927.4,55.8,55.8,0.0
1976,turtle2,2,1020.2,-248.5,55.8,55.8,0.0
1976,school0,2,630.5,481.3,121.5,121.5,0.0
1976,school1,2,633.8,-26.9,121.5,121.5,0.0
1976,boat,4,555.0,1180.0,61.2,154.8,0.0
1978,island0,5,162.0,994.5,261.0,261.0,0.0
1978,island1,5,1055.2,1431.9,145.2,145.2,0.0
1978,island2,5,162.0,1633.5,234.9,234.9,0.0
1978,island3,5,1087.8,1750.5,163.7,163.7,0.0
1978,island4,5,1087.8,2151.0,183.0,183.0,0.0
1978,island7,5,126.0,337.5,182.7,182.7,0.0
1978,island8,5,1009.5,562.5,156.6,156.6,0.0
1978,coral1,1,261.7,1328.8,21.3,21.3,0.0
1978,coral2,1,1112.9,128.2,28.8,28.8,0.0
1978,coral4,1,-89.5,1967.3,26.9,26.9,0.0
1978,coral5,1,-38.3,-94.7,26.1,26.1,0.0
1978,coral7,1,-143.3,195.0,40.8,40.8,0.0
1978,coral9,1,936.4,33.6,22.4,22.4,0.0
1978,coral10,1,1124.6,304.3,17.6,17.6,0.0
1978,coral11,1,183.5,1942.7,31.7,31.7,0.0
1978,coral14,1,19.3,2159.6,21.2,21.2,0.0
1978,coral16,1,217.5,562.3,32.2,32.2,0.0
1978,coral17,1,181.4,5.7,25.0,25.0,0.0
1978,coral19,1,-86.4,-275.6,27.2,27.2,0.0
1978,coral20,1,292.3,2090.1,28.0,28.0,0.0
1978,coral22,1,-7.5,698.5,33.2,33.2,0.0
1978,coral23,1,379.1,-100.0,18.2,18.2,0.0
1978,coral24,1,341.5,1862.1,29.4,29.4,0.0
1978,coral25,1,-158.5,584.8,37.2,37.2,0.0
1978,coral26,1,1226.4,630.4,34.4,34.4,0.0
1978,coral28,1,1153.5,838.9,37.9,37.9,0.0
1978,coral29,1,1218.6,-69.6,31.6,31.6,0.0
1978,coral30,1,1004.0,1082.4,37.9,37.9,0.0
1978,coral32,1,900.2,1244.7,29.4,29.4,0.0
1978,coral33,1,-146.2,2211.5,32.7,32.7,0.0
1978,coral34,1,896.8,898.0,31.4,31.4,0.0
1978,coral35,1,-127.5,828.4,18.0,18.0,0.0
1978,coral37,1,-137.0,1790.7,34.2,34.2,0.0
1978,coral38,1,-0.0,74.5,36.5,36.5,0.0
1978,coral42,1,1173.1,1136.0,18.8,18.8,0.0
1978,coral43,1,962.6,341.3,28.1,28.1,0.0
1978,coral45,1,-100.2,1172.4,27.9,27.9,0.0
1978,coral47,1,1207.0,459.7,28.4,28.4,0.0
1978,coral48,1,1221.8,1929.2,28.9,28.9,0.0
1978,coral51,1,383.2,429.5,23.2,23.2,0.0
1978,coral53,1,891.6,-291.1,21.8,21.8,0.0
1978,coral54,1,1226.3,1543.0,21.7,21.7,0.0
1978,coral55,1,16.6,1307.5,29.9,29.9,0.0
1978,coral57,1,909.5,1621.5,32.3,32.3,0.0
1978,coral58,1,120.0,-159.6,29.4,29.4,0.0
1978,coral59,1,333.5,711.6,33.5,33.5,0.0
1978,manta,2,656.1,837.3,184.5,184.5,0.0
1978,turtle0,2,509.8,316.0,55.8,55.8,0.0
1978,turtle1,2,584.0,1932.3,55.8,55.8,0.0
1978,turtle2,2,1020.2,-241.4,55.8,55.8,0.0
1978,school0,2,631.6,483.2,121.5,121.5,0.0
1978,school1,2,634.3,-20.3,121.5,121.5,0.0
1978,boat,4,555.0,1180.0,61.2,154.8,0.0
1980,island0,5,162.0,1001.6,261.0,261.0,0.0
1980,island1,5,1055.2,1439.0,145.2,145.2,0.0
1980,island2,5,162.0,1640.6,234.9,234.9,0.0
1980,island3,5,1087.8,1757.6,163.7,163.7,0.0
1980,island4,5,1087.8,2158.1,183.0,183.0,0.0
1980,island7,5,126.0,344.6,182.7,182.7,0.0
1980,island8,5,1009.5,569.6,156.6,156.6,0.0
1980,coral1,1,261.7,1336.0,21.3,21.3,0.0
1980,coral2,1,1112.9,135.3,28.8,28.8,0.0
1980,coral4,1,-89.5,1974.5,26.9,26.9,0.0
1980,coral5,1,-38.3,-87.6,26.1,26.1,0.0
1980,coral7,1,-143.3,202.1,40.8,40.8,0.0
1980,coral9,1,936.4,40.8,22.4,22.4,0.0
1980,coral10,1,1124.6,311.4,17.6,17.6,0.0
1980,coral11,1,183.5,1949.9,31.7,31.7,0.0
1980,coral14,1,19.3,2166.7,21.2,21.2,0.0
1980,coral16,1,217.5,569.5,32.2,32.2,0.0
1980,coral17,1,181.4,12.8,25.0,25.0,0.0
1980,coral19,1,-86.4,-268.5,27.2,27.2,0.0
1980,coral20,1,292.3,2097.2,28.0,28.0,0.0
1980,coral22,1,-7.5,705.6,33.2,33.2,0.0
1980,coral23,1,379.1,-92.9,18.2,18.2,0.0
1980,coral24,1,341.5,1869.2,29.4,29.4,0.0
1980,coral25,1,-158.5,592.0,37.2,37.2,0.0
1980,coral26,1,1226.4,637.5,34.4,34.4,0.0
1980,coral28,1,1153.5,846.1,37.9,37.9,0.0
1980,coral29,1,1218.6,-62.5,31.6,31.6,0.0
1980,coral30,1,1004.0,1089.5,37.9,37.9,0.0
1980,coral32,1,900.2,1251.8,29.4,29.4,0.0
1980,coral33,1,-146.2,2218.6,32.7,32.7,0.0
1980,coral34,1,896.8,905.2,31.4,31.4,0.0
1980,coral35,1,-127.5,835.5,18.0,18.0,0.0
1980,coral37,1,-137.0,1797.8,34.2,34.2,0.0
1980,coral38,1,-0.0,81.6,36.5,36.5,0.0
1980,coral42,1,1173.1,1143.2,18.8,18.8,0.0
1980,coral43,1,962.6,348.4,28.1,28.1,0.0
1980,coral45,1,-100.2,1179.5,27.9,27.9,0.0
1980,coral47,1,1207.0,466.8,28.4,28.4,0.0
1980,coral48,1,1221.8,1936.4,28.9,28.9,0.0
1980,coral51,1,383.2,436.7,23.2,23.2,0.0
1980,coral53,1,891.6,-284.0,21.8,21.8,0.0
1980,coral54,1,1226.3,1550.1,21.7,21.7,0.0
1980,coral55,1,16.6,1314.7,29.9,29.9,0.0
1980,coral57,1,909.5,1628.7,32.3,32.3,0.0
1980,coral58,1,120.0,-152.5,29.4,29.4,0.0
1980,coral59,1,333.5,718.8,33.5,33.5,0.0
1980,manta,2,656.3,837.4,184.5,184.5,0.0
1980,turtle0,2,508.5,319.4,55.8,55.8,0.0
1980,turtle1,2,585.7,1937.2,55.8,55.8,0.0
1980,turtle2,2,1020.2,-234.2,55.8,55.8,0.0
1980,school0,2,632.9,485.1,121.5,121.5,0.0
1980,school1,2,634.7,-13.6,121.5,121.5,0.0
1980,boat,4,555.0,1180.0,61.2,154.8,0.0
1982,island0,5,162.0,1008.8,261.0,261.0,0.0
1982,island1,5,1055.2,1446.2,145.2,145.2,0.0
1982,island2,5,162.0,1647.8,234.9,234.9,0.0
1982,island3,5,1087.8,1764.8,163.7,163.7,0.0
1982,island4,5,1087.8,2165.3,183.0,183.0,0.0
1982,island7,5,126.0,351.8,182.7,182.7,0.0
1982,island8,5,1009.5,576.8,156.6,156.6,0.0
1982,coral1,1,261.7,1343.1,21.3,21.3,0.0
1982,coral2,1,1112.9,142.5,28.8,28.8,0.0
1982,coral4,1,-89.5,1981.6,26.9,26.9,0.0
1982,coral5,1,-38.3,-80.4,26.1,26.1,0.0
1982,coral7,1,-143.3,209.3,40.8,40.8,0.0
1982,coral9,1,936.4,47.9,22.4,22.4,0.0
1982,coral10,1,1124.6,318.6,17.6,17.6,0.0
1982,coral11,1,183.5,1957.0,31.7,31.7,0.0
1982,coral14,1,19.3,2173.9,21.2,21.2,0.0
1982,coral16,1,217.5,576.6,32.2,32.2,0.0
1982,coral17,1,181.4,20.0,25.0,25.0,0.0
1982,coral19,1,-86.4,-261.3,27.2,27.2,0.0
1982,coral20,1,292.3,2104.4,28.0,28.0,0.0
1982,coral22,1,-7.5,712.8,33.2,33.2,0.0
1982,coral23,1,379.1,-85.7,18.2,18.2,0.0
1982,coral24,1,341.5,1876.4,29.4,29.4,0.0
1982,coral25,1,-158.5,599.2,37.2,37.2,0.0
1982,coral26,1,1226.4,644.7,34.4,34.4,0.0
1982,coral28,1,1153.5,853.2,37.9,37.9,0.0
1982,coral29,1,1218.6,-55.3,31.6,31.6,0.0
1982,coral30,1,1004.0,1096.7,37.9,37.9,0.0
1982,coral32,1,900.2,1259.0,29.4,29.4,0.0
1982,coral34,1,896.8,912.3,31.4,31.4,0.0
1982,coral35,1,-127.5,842.7,18.0,18.0,0.0
1982,coral37,1,-137.0,1805.0,34.2,34.2,0.0
1982,coral38,1,-0.0,88.8,36.5,36.5,0.0
1982,coral42,1,1173.1,1150.3,18.8,18.8,0.0
1982,coral43,1,962.6,355.6,28.1,28.1,0.0
1982,coral45,1,-100.2,1186.7,27.9,27.9,0.0
1982,coral47,1,1207.0,474.0,28.4,28.4,0.0
1982,coral48,1,1221.8,1943.6,28.9,28.9,0.0
1982,coral51,1,383.2,443.8,23.2,23.2,0.0
1982,coral53,1,891.6,-276.8,21.8,21.8,0.0
1982,coral54,1,1226.3,1557.3,21.7,21.7,0.0
1982,coral55,1,16.6,1321.8,29.9,29.9,0.0
1982,coral57,1,909.5,1635.8,32.3,32.3,0.0
1982,coral58,1,120.0,-145.3,29.4,29.4,0.0
1982,coral59,1,333.5,725.9,33.5,33.5,0.0
1982,manta,2,656.4,837.4,184.5,184.5,0.0
1982,turtle0,2,507.1,322.9,55.8,55.8,0.0
1982,turtle1,2,587.4,1942.1,55.8,55.8,0.0
1982,turtle2,2,1020.2,-227.0,55.8,55.8,0.0
1982,school0,2,634.3,487.0,121.5,121.5,0.0
1982,school1,2,635.2,-7.0,121.5,121.5,0.0
1982,boat,4,555.0,1180.0,61.2,154.8,0.0
1984,island0,5,162.0,1015.9,261.0,261.0,0.0
1984,island1,5,1055.2,1453.3,145.2,145.2,0.0
1984,island2,5,162.0,1654.9,234.9,234.9,0.0
1984,island3,5,1087.8,1771.9,163.7,163.7,0.0
1984,island4,5,1087.8,2172.4,183.0,183.0,0.0
1984,island7,5,126.0,358.9,182.7,182.7,0.0
1984,island8,5,1009.5,583.9,156.6,156.6,0.0
1984,coral1,1,261.7,1350.3,21.3,21.3,0.0
1984,coral2,1,1112.9,149.6,28.8,28.8,0.0
1984,coral4,1,-89.5,1988.8,26.9,26.9,0.0
1984,coral5,1,-38.3,-73.2,26.1,26.1,0.0
1984,coral7,1,-143.3,216.4,40.8,40.8,0.0
1984,coral9,1,936.4,55.1,22.4,22.4,0.0
1984,coral10,1,1124.6,325.7,17.6,17.6,0.0
1984,coral11,1,183.5,1964.2,31.7,31.7,0.0
1984,coral14,1,19.3,2181.0,21.2,21.2,0.0
1984,coral16,1,217.5,583.8,32.2,32.2,0.0
1984,coral17,1,181.4,27.1,25.0,25.0,0.0
1984,coral19,1,-86.4,-254.2,27.2,27.2,0.0
1984,coral20,1,292.3,2111.6,28.0,28.0,0.0
1984,coral22,1,-7.5,719.9,33.2,33.2,0.0
1984,coral23,1,379.1,-78.6,18.2,18.2,0.0
1984,coral24,1,341.5,1883.5,29.4,29.4,0.0
1984,coral25,1,-158.5,606.3,37.2,37.2,0.0
1984,coral26,1,1226.4,651.8,34.4,34.4,0.0
1984,coral28,1,1153.5,860.4,37.9,37.9,0.0
1984,coral29,1,1218.6,-48.2,31.6,31.6,0.0
1984,coral30,1,1004.0,1103.8,37.9,37.9,0.0
1984,coral32,1,900.2,1266.1,29.4,29.4,0.0
1984,coral34,1,896.8,919.5,31.4,31.4,0.0
1984,coral35,1,-127.5,849.8,18.0,18.0,0.0
1984,coral37,1,-137.0,1812.1,34.2,34.2,0.0
1984,coral38,1,-0.0,95.9,36.5,36.5,0.0
1984,coral42,1,1173.1,1157.5,18.8,18.8,0.0
1984,coral43,1,962.6,362.8,28.1,28.1,0.0
1984,coral45,1,-100.2,1193.8,27.9,27.9,0.0
1984,coral47,1,1207.0,481.2,28.4,28.4,0.0
1984,coral48,1,1221.8,1950.7,28.9,28.9,0.0
1984,coral51,1,383.2,451.0,23.2,23.2,0.0
1984,coral53,1,891.6,-269.7,21.8,21.8,0.0
1984,coral54,1,1226.3,1564.4,21.7,21.7,0.0
1984,coral55,1,16.6,1329.0,29.9,29.9,0.0
1984,coral57,1,909.5,1643.0,32.3,32.3,0.0
1984,coral58,1,120.0,-138.2,29.4,29.4,0.0
1984,coral59,1,333.5,733.1,33.5,33.5,0.0
1984,manta,2,656.4,837.4,184.5,184.5,0.0
1984,turtle0,2,505.8,326.3,55.8,55.8,0.0
1984,turtle1,2,589.1,1946.9,55.8,55.8,0.0
1984,turtle2,2,1020.2,-219.9,55.8,55.8,0.0
1984,school0,2,635.8,489.0,121.5,121.5,0.0
1984,school1,2,635.7,-0.4,121.5,121.5,0.0
1984,boat,4,555.0,1180.0,61.2,154.8,0.0
1986,island0,5,162.0,1023.1,261.0,261.0,0.0
1986,island1,5,1055.2,1460.5,145.2,145.2,0.0
1986,island2,5,162.0,1662.1,234.9,234.9,0.0
1986,island3,5,1087.8,1779.1,163.7,163.7,0.0
1986,island4,5,1087.8,2179.6,183.0,183.0,0.0
1986,island7,5,126.0,366.1,182.7,182.7,0.0
1986,island8,5,1009.5,591.1,156.6,156.6,0.0
1986,coral1,1,261.7,1357.4,21.3,21.3,0.0
1986,coral2,1,1112.9,156.8,28.8,28.8,0.0
1986,coral4,1,-89.5,1995.9,26.9,26.9,0.0
1986,coral5,1,-38.3,-66.1,26.1,26.1,0.0
1986,coral7,1,-143.3,223.6,40.8,40.8,0.0
1986,coral9,1,936.4,62.2,22.4,22.4,0.0
1986,coral10,1,1124.6,332.9,17.6,17.6,0.0
1986,coral11,1,183.5,1971.3,31.7,31.7,0.0
1986,coral14,1,19.3,2188.2,21.2,21.2,0.0
1986,coral16,1,217.5,590.9,32.2,32.2,0.0
1986,coral17,1,181.4,34.3,25.0,25.0,0.0
1986,coral19,1,-86.4,-247.0,27.2,27.2,0.0
1986,coral20,1,292.3,2118.7,28.0,28.0,0.0
1986,coral22,1,-7.5,727.1,33.2,33.2,0.0
1986,coral23,1,379.1,-71.4,18.2,18.2,0.0
1986,coral24,1,341.5,1890.7,29.4,29.4,0.0
1986,coral25,1,-158.5,613.5,37.2,37.2,0.0
1986,coral26,1,1226.4,659.0,34.4,34.4,0.0
1986,coral28,1,1153.5,867.6,37.9,37.9,0.0
1986,coral29,1,1218.6,-41.0,31.6,31.6,0.0
1986,coral30,1,1004.0,1111.0,37.9,37.9,0.0
1986,coral32,1,900.2,1273.3,29.4,29.4,0.0
1986,coral34,1,896.8,926.6,31.4,31.4,0.0
1986,coral35,1,-127.5,857.0,18.0,18.0,0.0
1986,coral37,1,-137.0,1819.3,34.2,34.2,0.0
1986,coral38,1,-0.0,103.1,36.5,36.5,0.0
1986,coral42,1,1173.1,1164.6,18.8,18.8,0.0
1986,coral43,1,962.6,369.9,28.1,28.1,0.0
1986,coral45,1,-100.2,1201.0,27.9,27.9,0.0
1986,coral47,1,1207.0,488.3,28.4,28.4,0.0
1986,coral48,1,1221.8,1957.9,28.9,28.9,0.0
1986,coral51,1,383.2,458.1,23.2,23.2,0.0
1986,coral53,1,891.6,-262.5,21.8,21.8,0.0
1986,coral54,1,1226.3,1571.6,21.7,21.7,0.0
1986,coral55,1,16.6,1336.1,29.9,29.9,0.0
1986,coral57,1,909.5,1650.1,32.3,32.3,0.0
1986,coral58,1,120.0,-131.0,29.4,29.4,0.0
1986,coral59,1,333.5,740.2,33.5,33.5,0.0
1986,manta,2,656.3,837.4,184.5,184.5,0.0
1986,turtle0,2,504.4,329.7,55.8,55.8,0.0
1986,turtle1,2,590.8,1951.8,55.8,55.8,0.0
1986,turtle2,2,1020.2,-212.7,55.8,55.8,0.0
1986,school0,2,637.4,491.0,121.5,121.5,0.0
1986,school1,2,636.1,6.2,121.5,121.5,0.0
1986,boat,4,555.0,1180.0,61.2,154.8,0.0
1988,island0,5,162.0,1030.2,261.0,261.0,0.0
1988,island1,5,1055.2,1467.6,145.2,145.2,0.0
1988,island2,5,162.0,1669.2,234.9,234.9,0.0
1988,island3,5,1087.8,1786.2,163.7,163.7,0.0
1988,island4,5,1087.8,2186.7,183.0,183.0,0.0
1988,island7,5,126.0,373.2,182.7,182.7,0.0
1988,island8,5,1009.5,598.2,156.6,156.6,0.0
1988,coral1,1,261.7,1364.6,21.3,21.3,0.0
1988,coral2,1,1112.9,163.9,28.8,28.8,0.0
1988,coral4,1,-89.5,2003.1,26.9,26.9,0.0
1988,coral5,1,-38.3,-58.9,26.1,26.1,0.0
1988,coral7,1,-143.3,230.7,40.8,40.8,0.0
1988,coral9,1,936.4,69.4,22.4,22.4,0.0
1988,coral10,1,1124.6,340.1,17.6,17.6,0.0
1988,coral11,1,183.5,1978.5,31.7,31.7,0.0
1988,coral14,1,19.3,2195.3,21.2,21.2,0.0
1988,coral16,1,217.5,598.1,32.2,32.2,0.0
1988,coral17,1,181.4,41.5,25.0,25.0,0.0
1988,coral19,1,-86.4,-239.9,27.2,27.2,0.0
1988,coral20,1,292.3,2125.9,28.0,28.0,0.0
1988,coral22,1,-7.5,734.2,33.2,33.2,0.0
1988,coral23,1,379.1,-64.3,18.2,18.2,0.0
1988,coral24,1,341.5,1897.8,29.4,29.4,0.0
1988,coral25,1,-158.5,620.6,37.2,37.2,0.0
1988,coral26,1,1226.4,666.1,34.4,34.4,0.0
1988,coral28,1,1153.5,874.7,37.9,37.9,0.0
1988,coral29,1,1218.6,-33.8,31.6,31.6,0.0
1988,coral30,1,1004.0,1118.1,37.9,37.9,0.0
1988,coral32,1,900.2,1280.5,29.4,29.4,0.0
1988,coral34,1,896.8,933.8,31.4,31.4,0.0
1988,coral35,1,-127.5,864.1,18.0,18.0,0.0
1988,coral37,1,-137.0,1826.4,34.2,34.2,0.0
1988,coral38,1,-0.0,110.2,36.5,36.5,0.0
1988,coral42,1,1173.1,1171.8,18.8,18.8,0.0
1988,coral43,1,962.6,377.1,28.1,28.1,0.0
1988,coral45,1,-100.2,1208.1,27.9,27.9,0.0
1988,coral47,1,1207.0,495.5,28.4,28.4,0.0
1988,coral48,1,1221.8,1965.0,28.9,28.9,0.0
1988,coral51,1,383.2,465.3,23.2,23.2,0.0
1988,coral53,1,891.6,-255.3,21.8,21.8,0.0
1988,coral54,1,1226.3,1578.8,21.7,21.7,0.0
1988,coral55,1,16.6,1343.3,29.9,29.9,0.0
1988,coral57,1,909.5,1657.3,32.3,32.3,0.0
1988,coral58,1,120.0,-123.8,29.4,29.4,0.0
1988,coral59,1,333.5,747.4,33.5,33.5,0.0
1988,manta,2,656.1,837.3,184.5,184.5,0.0
1988,turtle0,2,503.0,333.2,55.8,55.8,0.0
1988,turtle1,2,592.5,1956.6,55.8,55.8,0.0
1988,turtle2,2,1020.2,-205.6,55.8,55.8,0.0
1988,school0,2,638.9,493.0,121.5,121.5,0.0
1988,school1,2,636.6,12.9,121.5,121.5,0.0
1988,boat,4,555.0,1180.0,61.2,154.8,0.0
1990,island0,5,162.0,1037.4,261.0,261.0,0.0
1990,island1,5,1055.2,1474.8,145.2,145.2,0.0
1990,island2,5,162.0,1676.4,234.9,234.9,0.0
1990,island3,5,1087.8,1793.4,163.7,163.7,0.0
1990,island4,5,1087.8,2193.9,183.0,183.0,0.0
1990,island7,5,126.0,380.4,182.7,182.7,0.0
1990,island8,5,1009.5,605.4,156.6,156.6,0.0
1990,island11,5,271.5,-294.6,156.6,156.6,0.0
1990,coral1,1,261.7,1371.7,21.3,21.3,0.0
1990,coral2,1,1112.9,171.1,28.8,28.8,0.0
1990,coral4,1,-89.5,2010.3,26.9,26.9,0.0
1990,coral5,1,-38.3,-51.8,26.1,26.1,0.0
1990,coral7,1,-143.3,237.9,40.8,40.8,0.0
1990,coral9,1,936.4,76.5,22.4,22.4,0.0
1990,coral10,1,1124.6,347.2,17.6,17.6,0.0
1990,coral11,1,183.5,1985.6,31.7,31.7,0.0
1990,coral14,1,19.3,2202.5,21.2,21.2,0.0
1990,coral16,1,217.5,605.2,32.2,32.2,0.0
1990,coral17,1,181.4,48.6,25.0,25.0,0.0
1990,coral19,1,-86.4,-232.7,27.2,27.2,0.0
1990,coral20,1,292.3,2133.0,28.0,28.0,0.0
1990,coral22,1,-7.5,741.4,33.2,33.2,0.0
1990,coral23,1,379.1,-57.1,18.2,18.2,0.0
1990,coral24,1,341.5,1905.0,29.4,29.4,0.0
1990,coral25,1,-158.5,627.8,37.2,37.2,0.0
1990,coral26,1,1226.4,673.3,34.4,34.4,0.0
1990,coral28,1,1153.5,881.9,37.9,37.9,0.0
1990,coral29,1,1218.6,-26.7,31.6,31.6,0.0
1990,coral30,1,1004.0,1125.3,37.9,37.9,0.0
1990,coral32,1,900.2,1287.6,29.4,29.4,0.0
1990,coral34,1,896.8,940.9,31.4,31.4,0.0
1990,coral35,1,-127.5,871.3,18.0,18.0,0.0
1990,coral37,1,-137.0,1833.6,34.2,34.2,0.0
1990,coral38,1,-0.0,117.4,36.5,36.5,0.0
1990,coral42,1,1173.1,1178.9,18.8,18.8,0.0
1990,coral43,1,962.6,384.2,28.1,28.1,0.0
1990,coral45,1,-100.2,1215.3,27.9,27.9,0.0
1990,coral47,1,1207.0,502.6,28.4,28.4,0.0
1990,coral48,1,1221.8,1972.2,28.9,28.9,0.0
1990,coral51,1,383.2,472.4,23.2,23.2,0.0
1990,coral53,1,891.6,-248.2,21.8,21.8,0.0
1990,coral54,1,1226.3,1585.9,21.7,21.7,0.0
1990,coral55,1,16.6,1350.4,29.9,29.9,0.0
1990,coral57,1,909.5,1664.4,32.3,32.3,0.0
1990,coral58,1,120.0,-116.7,29.4,29.4,0.0
1990,coral59,1,333.5,754.5,33.5,33.5,0.0
1990,manta,2,655.9,837.2,184.5,184.5,0.0
1990,turtle0,2,501.6,336.6,55.8,55.8,0.0
1990,turtle1,2,594.2,1961.4,55.8,55.8,0.0
1990,turtle2,2,1020.2,-198.4,55.8,55.8,0.0
1990,school0,2,640.4,494.9,121.5,121.5,0.0
1990,school1,2,637.1,19.5,121.5,121.5,0.0
1990,boat,4,555.0,1180.0,61.2,154.8,0.0
1992,island0,5,162.0,1044.5,261.0,261.0,0.0
1992,island1,5,1055.2,1481.9,145.2,145.2,0.0
1992,island2,5,162.0,1683.5,234.9,234.9,0.0
1992,island3,5,1087.8,1800.5,163.7,163.7,0.0
1992,island4,5,1087.8,2201.0,183.0,183.0,0.0
1992,island7,5,126.0,387.5,182.7,182.7,0.0
1992,island8,5,1009.5,612.5,156.6,156.6,0.0
1992,island11,5,271.5,-287.5,156.6,156.6,0.0
1992,coral1,1,261.7,1378.9,21.3,21.3,0.0
1992,coral2,1,1112.9,178.2,28.8,28.8,0.0
1992,coral4,1,-89.5,2017.4,26.9,26.9,0.0
1992,coral5,1,-38.3,-44.6,26.1,26.1,0.0
1992,coral7,1,-143.3,245.0,40.8,40.8,0.0
1992,coral9,1,936.4,83.7,22.4,22.4,0.0
1992,coral10,1,1124.6,354.4,17.6,17.6,0.0
1992,coral11,1,183.5,1992.8,31.7,31.7,0.0
1992,coral14,1,19.3,2209.6,21.2,21.2,0.0
1992,coral16,1,217.5,612.4,32.2,32.2,0.0
1992,coral17,1,181.4,55.8,25.0,25.0,0.0
1992,coral19,1,-86.4,-225.6,27.2,27.2,0.0
1992,coral20,1,292.3,2140.2,28.0,28.0,0.0
1992,coral22,1,-7.5,748.5,33.2,33.2,0.0
1992,coral23,1,379.1,-50.0,18.2,18.2,0.0
1992,coral24,1,341.5,1912.1,29.4,29.4,0.0
1992,coral25,1,-158.5,634.9,37.2,37.2,0.0
1992,coral26,1,1226.4,680.4,34.4,34.4,0.0
1992,coral28,1,1153.5,889.0,37.9,37.9,0.0
1992,coral29,1,1218.6,-19.5,31.6,31.6,0.0
1992,coral30,1,1004.0,1132.5,37.9,37.9,0.0
1992,coral32,1,900.2,1294.8,29.4,29.4,0.0
1992,coral34,1,896.8,948.1,31.4,31.4,0.0
1992,coral35,1,-127.5,878.5,18.0,18.0,0.0
1992,coral37,1,-137.0,1840.7,34.2,34.2,0.0
1992,coral38,1,-0.0,124.6,36.5,36.5,0.0
1992,coral42,1,1173.1,1186.1,18.8,18.8,0.0
1992,coral43,1,962.6,391.4,28.1,28.1,0.0
1992,coral45,1,-100.2,1222.4,27.9,27.9,0.0
1992,coral47,1,1207.0,509.8,28.4,28.4,0.0
1992,coral48,1,1221.8,1979.3,28.9,28.9,0.0
1992,coral51,1,383.2,479.6,23.2,23.2,0.0
1992,coral53,1,891.6,-241.0,21.8,21.8,0.0
1992,coral54,1,1226.3,1593.1,21.7,21.7,0.0
1992,coral55,1,16.6,1357.6,29.9,29.9,0.0
1992,coral57,1,909.5,1671.6,32.3,32.3,0.0
1992,coral58,1,120.0,-109.5,29.4,29.4,0.0
1992,coral59,1,333.5,761.7,33.5,33.5,0.0
1992,manta,2,655.6,837.2,184.5,184.5,0.0
1992,turtle0,2,500.2,340.1,55.8,55.8,0.0
1992,turtle1,2,595.8,1966.2,55.8,55.8,0.0
1992,turtle2,2,1020.2,-191.3,55.8,55.8,0.0
1992,school0,2,641.8,496.9,121.5,121.5,0.0
1992,school1,2,637.5,26.1,121.5,121.5,0.0
1992,boat,4,555.0,1180.0,61.2,154.8,0.0
1994,island0,5,162.0,1051.7,261.0,261.0,0.0
1994,island1,5,1055.2,1489.1,145.2,145.2,0.0
1994,island2,5,162.0,1690.7,234.9,234.9,0.0
1994,island3,5,1087.8,1807.7,163.7,163.7,0.0
1994,island4,5,1087.8,2208.2,183.0,183.0,0.0
1994,island7,5,126.0,394.7,182.7,182.7,0.0
1994,island8,5,1009.5,619.7,156.6,156.6,0.0
1994,island11,5,271.5,-280.3,156.6,156.6,0.0
1994,coral1,1,261.7,1386.0,21.3,21.3,0.0
1994,coral2,1,1112.9,185.4,28.8,28.8,0.0
1994,coral4,1,-89.5,2024.6,26.9,26.9,0.0
1994,coral5,1,-38.3,-37.5,26.1,26.1,0.0
1994,coral7,1,-143.3,252.2,40.8,40.8,0.0
1994,coral9,1,936.4,90.8,22.4,22.4,0.0
1994,coral10,1,1124.6,361.5,17.6,17.6,0.0
1994,coral11,1,183.5,1999.9,31.7,31.7,0.0
1994,coral14,1,19.3,2216.8,21.2,21.2,0.0
1994,coral16,1,217.5,619.6,32.2,32.2,0.0
1994,coral17,1,181.4,62.9,25.0,25.0,0.0
1994,coral19,1,-86.4,-218.4,27.2,27.2,0.0
1994,coral20,1,292.3,2147.3,28.0,28.0,0.0
1994,coral22,1,-7.5,755.7,33.2,33.2,0.0
1994,coral23,1,379.1,-42.8,18.2,18.2,0.0
1994,coral24,1,341.5,1919.3,29.4,29.4,0.0
1994,coral25,1,-158.5,642.1,37.2,37.2,0.0
1994,coral26,1,1226.4,687.6,34.4,34.4,0.0
1994,coral28,1,1153.5,896.2,37.9,37.9,0.0
1994,coral29,1,1218.6,-12.4,31.6,31.6,0.0
1994,coral30,1,1004.0,1139.6,37.9,37.9,0.0
1994,coral32,1,900.2,1301.9,29.4,29.4,0.0
1994,coral34,1,896.8,955.3,31.4,31.4,0.0
1994,coral35,1,-127.5,885.6,18.0,18.0,0.0
1994,coral37,1,-137.0,1847.9,34.2,34.2,0.0
1994,coral38,1,-0.0,131.7,36.5,36.5,0.0
1994,coral42,1,1173.1,1193.3,18.8,18.8,0.0
1994,coral43,1,962.6,398.5,28.1,28.1,0.0
1994,coral45,1,-100.2,1229.6,27.9,27.9,0.0
1994,coral47,1,1207.0,516.9,28.4,28.4,0.0
1994,coral48,1,1221.8,1986.5,28.9,28.9,0.0
1994,coral51,1,383.2,486.7,23.2,23.2,0.0
1994,coral53,1,891.6,-233.9,21.8,21.8,0.0
1994,coral54,1,1226.3,1600.2,21.7,21.7,0.0
1994,coral55,1,16.6,1364.7,29.9,29.9,0.0
1994,coral57,1,909.5,1678.7,32.3,32.3,0.0
1994,coral58,1,120.0,-102.4,29.4,29.4,0.0
1994,coral59,1,333.5,768.8,33.5,33.5,0.0
1994,manta,2,655.3,837.1,184.5,184.5,0.0
1994,turtle0,2,498.8,343.6,55.8,55.8,0.0
1994,turtle1,2,597.5,1971.0,55.8,55.8,0.0
1994,turtle2,2,1020.2,-184.1,55.8,55.8,0.0
1994,school0,2,643.2,498.8,121.5,121.5,0.0
1994,school1,2,638.0,32.7,121.5,121.5,0.0
1994,boat,4,555.0,1180.0,61.2,154.8,0.0
1996,island0,5,162.0,1058.8,261.0,261.0,0.0
1996,island1,5,1055.2,1496.2,145.2,145.2,0.0
1996,island2,5,162.0,1697.8,234.9,234.9,0.0
1996,island3,5,1087.8,1814.8,163.7,163.7,0.0
1996,island4,5,1087.8,2215.3,183.0,183.0,0.0
1996,island7,5,126.0,401.8,182.7,182.7,0.0
1996,island8,5,1009.5,626.8,156.6,156.6,0.0
1996,island11,5,271.5,-273.2,156.6,156.6,0.0
1996,coral1,1,261.7,1393.2,21.3,21.3,0.0
1996,coral2,1,1112.9,192.6,28.8,28.8,0.0
1996,coral4,1,-89.5,2031.7,26.9,26.9,0.0
1996,coral5,1,-38.3,-30.3,26.1,26.1,0.0
1996,coral7,1,-143.3,259.4,40.8,40.8,0.0
1996,coral9,1,936.4,98.0,22.4,22.4,0.0
1996,coral10,1,1124.6,368.7,17.6,17.6,0.0
1996,coral11,1,183.5,2007.1,31.7,31.7,0.0
1996,coral16,1,217.5,626.7,32.2,32.2,0.0
1996,coral17,1,181.4,70.1,25.0,25.0,0.0
1996,coral19,1,-86.4,-211.3,27.2,27.2,0.0
1996,coral20,1,292.3,2154.5,28.0,28.0,0.0
1996,coral22,1,-7.5,762.8,33.2,33.2,0.0
1996,coral23,1,379.1,-35.6,18.2,18.2,0.0
1996,coral24,1,341.5,1926.4,29.4,29.4,0.0
1996,coral25,1,-158.5,649.2,37.2,37.2,0.0
1996,coral26,1,1226.4,694.8,34.4,34.4,0.0
1996,coral28,1,1153.5,903.3,37.9,37.9,0.0
1996,coral29,1,1218.6,-5.2,31.6,31.6,0.0
1996,coral30,1,1004.0,1146.8,37.9,37.9,0.0
1996,coral32,1,900.2,1309.1,29.4,29.4,0.0
1996,coral34,1,896.8,962.4,31.4,31.4,0.0
1996,coral35,1,-127.5,892.8,18.0,18.0,0.0
1996,coral37,1,-137.0,1855.0,34.2,34.2,0.0
1996,coral38,1,-0.0,138.9,36.5,36.5,0.0
1996,coral42,1,1173.1,1200.4,18.8,18.8,0.0
1996,coral43,1,962.6,405.7,28.1,28.1,0.0
1996,coral45,1,-100.2,1236.7,27.9,27.9,0.0
1996,coral47,1,1207.0,524.1,28.4,28.4,0.0
1996,coral48,1,1221.8,1993.6,28.9,28.9,0.0
1996,coral51,1,383.2,493.9,23.2,23.2,0.0
1996,coral53,1,891.6,-226.7,21.8,21.8,0.0
1996,coral54,1,1226.3,1607.4,21.7,21.7,0.0
1996,coral55,1,16.6,1371.9,29.9,29.9,0.0
1996,coral57,1,909.5,1685.9,32.3,32.3,0.0
1996,coral58,1,120.0,-95.2,29.4,29.4,0.0
1996,coral59,1,333.5,776.0,33.5,33.5,0.0
1996,manta,2,655.0,837.0,184.5,184.5,0.0
1996,turtle0,2,497.3,347.0,55.8,55.8,0.0
1996,turtle1,2,599.1,1975.8,55.8,55.8,0.0
1996,turtle2,2,1020.2,-177.0,55.8,55.8,0.0
1996,school0,2,644.5,500.7,121.5,121.5,0.0
1996,school1,2,638.5,39.3,121.5,121.5,0.0
1996,boat,4,555.0,1180.0,61.2,154.8,0.0
1998,island0,5,162.0,1066.0,261.0,261.0,0.0
1998,island1,5,1055.2,1503.4,145.2,145.2,0.0
1998,island2,5,162.0,1705.0,234.9,234.9,0.0
1998,island3,5,1087.8,1822.0,163.7,163.7,0.0
1998,island7,5,126.0,409.0,182.7,182.7,0.0
1998,island8,5,1009.5,634.0,156.6,156.6,0.0
1998,island11,5,271.5,-266.0,156.6,156.6,0.0
1998,coral1,1,261.7,1400.4,21.3,21.3,0.0
1998,coral2,1,1112.9,199.7,28.8,28.8,0.0
1998,coral4,1,-89.5,2038.9,26.9,26.9,0.0
1998,coral5,1,-38.3,-23.2,26.1,26.1,0.0
1998,coral7,1,-143.3,266.5,40.8,40.8,0.0
1998,coral9,1,936.4,105.2,22.4,22.4,0.0
1998,coral10,1,1124.6,375.8,17.6,17.6,0.0
1998,coral11,1,183.5,2014.2,31.7,31.7,0.0
1998,coral16,1,217.5,633.9,32.2,32.2,0.0
1998,coral17,1,181.4,77.2,25.0,25.0,0.0
1998,coral19,1,-86.4,-204.1,27.2,27.2,0.0
1998,coral20,1,292.3,2161.6,28.0,28.0,0.0
1998,coral22,1,-7.5,770.0,33.2,33.2,0.0
1998,coral23,1,379.1,-28.5,18.2,18.2,0.0
1998,coral24,1,341.5,1933.6,29.4,29.4,0.0
1998,coral25,1,-158.5,656.4,37.2,37.2,0.0
1998,coral26,1,1226.4,701.9,34.4,34.4,0.0
1998,coral28,1,1153.5,910.5,37.9,37.9,0.0
1998,coral29,1,1218.6,1.9,31.6,31.6,0.0
1998,coral30,1,1004.0,1153.9,37.9,37.9,0.0
1998,coral32,1,900.2,1316.2,29.4,29.4,0.0
1998,coral34,1,896.8,969.6,31.4,31.4,0.0
1998,coral35,1,-127.5,899.9,18.0,18.0,0.0
1998,coral37,1,-137.0,1862.2,34.2,34.2,0.0
1998,coral38,1,-0.0,146.0,36.5,36.5,0.0
1998,coral42,1,1173.1,1207.6,18.8,18.8,0.0
1998,coral43,1,962.6,412.8,28.1,28.1,0.0
1998,coral45,1,-100.2,1243.9,27.9,27.9,0.0
1998,coral47,1,1207.0,531.2,28.4,28.4,0.0
1998,coral48,1,1221.8,2000.8,28.9,28.9,0.0
1998,coral51,1,383.2,501.1,23.2,23.2,0.0
1998,coral53,1,891.6,-219.6,21.8,21.8,0.0
1998,coral54,1,1226.3,1614.5,21.7,21.7,0.0
1998,coral55,1,16.6,1379.0,29.9,29.9,0.0
1998,coral57,1,909.5,1693.1,32.3,32.3,0.0
1998,coral58,1,120.0,-88.1,29.4,29.4,0.0
1998,coral59,1,333.5,783.1,33.5,33.5,0.0
1998,manta,2,654.6,836.9,184.5,184.5,0.0
1998,turtle0,2,495.8,350.5,55.8,55.8,0.0
1998,turtle1,2,600.8,1980.6,55.8,55.8,0.0
1998,turtle2,2,1020.2,-169.8,55.8,55.8,0.0
1998,school0,2,645.8,502.6,121.5,121.5,0.0
1998,school1,2,639.0,45.9,121.5,121.5,0.0
1998,boat,4,555.0,1180.0,61.2,154.8,0.0
2000,island0,5,162.0,1073.1,261.0,261.0,0.0
2000,island1,5,1055.2,1510.5,145.2,145.2,0.0
2000,island2,5,162.0,1712.1,234.9,234.9,0.0
2000,island3,5,1087.8,1829.1,163.7,163.7,0.0
2000,island7,5,126.0,416.1,182.7,182.7,0.0
2000,island8,5,1009.5,641.1,156.6,156.6,0.0
2000,island11,5,271.5,-258.9,156.6,156.6,0.0
2000,coral1,1,261.7,1407.5,21.3,21.3,0.0
2000,coral2,1,1112.9,206.9,28.8,28.8,0.0
2000,coral3,1,1175.1,-296.4,30.8,30.8,0.0
2000,coral4,1,-89.5,2046.0,26.9,26.9,0.0
2000,coral5,1,-38.3,-16.0,26.1,26.1,0.0
2000,coral7,1,-143.3,273.7,40.8,40.8,0.0
2000,coral9,1,936.4,112.3,22.4,22.4,0.0
2000,coral10,1,1124.6,383.0,17.6,17.6,0.0
2000,coral11,1,183.5,2021.4,31.7,31.7,0.0
2000,coral16,1,217.5,641.0,32.2,32.2,0.0
2000,coral17,1,181.4,84.4,25.0,25.0,0.0
2000,coral19,1,-86.4,-196.9,27.2,27.2,0.0
2000,coral20,1,292.3,2168.8,28.0,28.0,0.0
2000,coral22,1,-7.5,777.2,33.2,33.2,0.0
2000,coral23,1,379.1,-21.3,18.2,18.2,0.0
2000,coral24,1,341.5,1940.8,29.4,29.4,0.0
2000,coral25,1,-158.5,663.5,37.2,37.2,0.0
2000,coral26,1,1226.4,709.1,34.4,34.4,0.0
2000,coral28,1,1153.5,917.6,37.9,37.9,0.0
2000,coral29,1,1218.6,9.1,31.6,31.6,0.0
2000,coral30,1,1004.0,1161.1,37.9,37.9,0.0
2000,coral32,1,900.2,1323.4,29.4,29.4,0.0
2000,coral34,1,896.8,976.7,31.4,31.4,0.0
2000,coral35,1,-127.5,907.1,18.0,18.0,0.0
2000,coral37,1,-137.0,1869.4,34.2,34.2,0.0
2000,coral38,1,-0.0,153.2,36.5,36.5,0.0
2000,coral42,1,1173.1,1214.7,18.8,18.8,0.0
2000,coral43,1,962.6,420.0,28.1,28.1,0.0
2000,coral45,1,-100.2,1251.1,27.9,27.9,0.0
2000,coral47,1,1207.0,538.4,28.4,28.4,0.0
2000,coral48,1,1221.8,2007.9,28.9,28.9,0.0
2000,coral51,1,383.2,508.2,23.2,23.2,0.0
2000,coral53,1,891.6,-212.4,21.8,21.8,0.0
2000,coral54,1,1226.3,1621.7,21.7,21.7,0.0
2000,coral55,1,16.6,1386.2,29.9,29.9,0.0
2000,coral57,1,909.5,1700.2,32.3,32.3,0.0
2000,coral58,1,120.0,-80.9,29.4,29.4,0.0
2000,coral59,1,333.5,790.3,33.5,33.5,0.0
2000,manta,2,654.3,836.8,184.5,184.5,0.0
2000,turtle0,2,494.3,354.0,55.8,55.8,0.0
2000,turtle1,2,602.4,1985.3,55.8,55.8,0.0
2000,turtle2,2,1020.2,-162.7,55.8,55.8,0.0
2000,school0,2,647.1,504.6,121.5,121.5,0.0
2000,school1,2,639.5,52.5,121.5,121.5,0.0
2000,boat,4,555.0,1180.0,61.2,154.8,0.0
2002,island0,5,162.0,1080.3,261.0,261.0,0.0
2002,island1,5,1055.2,1517.7,145.2,145.2,0.0
2002,island2,5,162.0,1719.3,234.9,234.9,0.0
2002,island3,5,1087.8,1836.3,163.7,163.7,0.0
2002,island7,5,126.0,423.3,182.7,182.7,0.0
2002,island8,5,1009.5,648.3,156.6,156.6,0.0
2002,island11,5,271.5,-251.7,156.6,156.6,0.0
2002,coral1,1,261.7,1414.7,21.3,21.3,0.0
2002,coral2,1,1112.9,214.0,28.8,28.8,0.0
2002,coral3,1,1175.1,-289.3,30.8,30.8,0.0
2002,coral4,1,-89.5,2053.2,26.9,26.9,0.0
2002,coral5,1,-38.3,-8.9,26.1,26.1,0.0
2002,coral7,1,-143.3,280.8,40.8,40.8,0.0
2002,coral9,1,936.4,119.5,22.4,22.4,0.0
2002,coral10,1,1124.6,390.1,17.6,17.6,0.0
2002,coral11,1,183.5,2028.6,31.7,31.7,0.0
2002,coral16,1,217.5,648.2,32.2,32.2,0.0
2002,coral17,1,181.4,91.5,25.0,25.0,0.0
2002,coral19,1,-86.4,-189.8,27.2,27.2,0.0
2002,coral20,1,292.3,2175.9,28.0,28.0,0.0
2002,coral22,1,-7.5,784.3,33.2,33.2,0.0
2002,coral23,1,379.1,-14.2,18.2,18.2,0.0
2002,coral24,1,341.5,1947.9,29.4,29.4,0.0
2002,coral25,1,-158.5,670.7,37.2,37.2,0.0
2002,coral26,1,1226.4,716.2,34.4,34.4,0.0
2002,coral28,1,1153.5,924.8,37.9,37.9,0.0
2002,coral29,1,1218.6,16.2,31.6,31.6,0.0
2002,coral30,1,1004.0,1168.2,37.9,37.9,0.0
2002,coral32,1,900.2,1330.5,29.4,29.4,0.0
2002,coral34,1,896.8,983.9,31.4,31.4,0.0
2002,coral35,1,-127.5,914.2,18.0,18.0,0.0
2002,coral37,1,-137.0,1876.5,34.2,34.2,0.0
2002,coral38,1,-0.0,160.3,36.5,36.5,0.0
2002,coral42,1,1173.1,1221.9,18.8,18.8,0.0
2002,coral43,1,962.6,427.1,28.1,28.1,0.0
2002,coral45,1,-100.2,1258.2,27.9,27.9,0.0
2002,coral47,1,1207.0,545.5,28.4,28.4,0.0
2002,coral48,1,1221.8,2015.1,28.9,28.9,0.0
2002,coral51,1,383.2,515.4,23.2,23.2,0.0
2002,coral53,1,891.6,-205.3,21.8,21.8,0.0
2002,coral54,1,1226.3,1628.8,21.7,21.7,0.0
2002,coral55,1,16.6,1393.4,29.9,29.9,0.0
2002,coral57,1,909.5,1707.4,32.3,32.3,0.0
2002,coral58,1,120.0,-73.8,29.4,29.4,0.0
2002,coral59,1,333.5,797.5,33.5,33.5,0.0
2002,manta,2,654.0,836.7,184.5,184.5,0.0
2002,turtle0,2,492.8,357.5,55.8,55.8,0.0
2002,turtle1,2,604.0,1990.1,55.8,55.8,0.0
2002,turtle2,2,1020.2,-155.5,55.8,55.8,0.0
2002,school0,2,648.5,506.5,121.5,121.5,0.0
2002,school1,2,639.9,59.1,121.5,121.5,0.0
2002,boat,4,555.0,1180.0,61.2,154.8,0.0
2004,island0,5,162.0,1087.5,261.0,261.0,0.0
2004,island1,5,1055.2,1524.9,145.2,145.2,0.0
2004,island2,5,162.0,1726.5,234.9,234.9,0.0
2004,island3,5,1087.8,1843.5,163.7,163.7,0.0
2004,island7,5,126.0,430.5,182.7,182.7,0.0
2004,island8,5,1009.5,655.5,156.6,156.6,0.0
2004,island11,5,271.5,-244.5,156.6,156.6,0.0
2004,coral1,1,261.7,1421.8,21.3,21.3,0.0
2004,coral2,1,1112.9,221.2,28.8,28.8,0.0
2004,coral3,1,1175.1,-282.1,30.8,30.8,0.0
2004,coral4,1,-89.5,2060.3,26.9,26.9,0.0
2004,coral5,1,-38.3,-1.7,26.1,26.1,0.0
2004,coral7,1,-143.3,288.0,40.8,40.8,0.0
2004,coral9,1,936.4,126.6,22.4,22.4,0.0
2004,coral10,1,1124.6,397.3,17.6,17.6,0.0
2004,coral11,1,183.5,2035.7,31.7,31.7,0.0
2004,coral16,1,217.5,655.3,32.2,32.2,0.0
2004,coral17,1,181.4,98.7,25.0,25.0,0.0
2004,coral19,1,-86.4,-182.6,27.2,27.2,0.0
2004,coral20,1,292.3,2183.1,28.0,28.0,0.0
2004,coral22,1,-7.5,791.5,33.2,33.2,0.0
2004,coral23,1,379.1,-7.0,18.2,18.2,0.0
2004,coral24,1,341.5,1955.1,29.4,29.4,0.0
2004,coral25,1,-158.5,677.9,37.2,37.2,0.0
2004,coral26,1,1226.4,723.4,34.4,34.4,0.0
2004,coral28,1,1153.5,931.9,37.9,37.9,0.0
2004,coral29,1,1218.6,23.4,31.6,31.6,0.0
2004,coral30,1,1004.0,1175.4,37.9,37.9,0.0
2004,coral32,1,900.2,1337.7,29.4,29.4,0.0
2004,coral34,1,896.8,991.0,31.4,31.4,0.0
2004,coral35,1,-127.5,921.4,18.0,18.0,0.0
2004,coral37,1,-137.0,1883.7,34.2,34.2,0.0
2004,coral38,1,-0.0,167.5,36.5,36.5,0.0
2004,coral42,1,1173.1,1229.0,18.8,18.8,0.0
2004,coral43,1,962.6,434.3,28.1,28.1,0.0
2004,coral45,1,-100.2,1265.4,27.9,27.9,0.0
2004,coral47,1,1207.0,552.7,28.4,28.4,0.0
2004,coral48,1,1221.8,2022.2,28.9,28.9,0.0
2004,coral51,1,383.2,522.5,23.2,23.2,0.0
2004,coral53,1,891.6,-198.1,21.8,21.8,0.0
2004,coral54,1,1226.3,1636.0,21.7,21.7,0.0
2004,coral55,1,16.6,1400.5,29.9,29.9,0.0
2004,coral57,1,909.5,1714.5,32.3,32.3,0.0
2004,coral58,1,120.0,-66.6,29.4,29.4,0.0
2004,coral59,1,333.5,804.6,33.5,33.5,0.0
2004,manta,2,653.7,836.6,184.5,184.5,0.0
2004,turtle0,2,491.3,361.0,55.8,55.8,0.0
2004,turtle1,2,605.6,1994.8,55.8,55.8,0.0
2004,turtle2,2,1020.2,-148.4,55.8,55.8,0.0
2004,school0,2,649.8,508.4,121.5,121.5,0.0
2004,school1,2,640.4,65.7,121.5,121.5,0.0
2004,boat,4,555.0,1180.0,61.2,154.8,0.0
2006,island0,5,162.0,1094.6,261.0,261.0,0.0
2006,island1,5,1055.2,1532.0,145.2,145.2,0.0
2006,island2,5,162.0,1733.6,234.9,234.9,0.0
2006,island3,5,1087.8,1850.6,163.7,163.7,0.0
2006,island7,5,126.0,437.6,182.7,182.7,0.0
2006,island8,5,1009.5,662.6,156.6,156.6,0.0
2006,island11,5,271.5,-237.4,156.6,156.6,0.0
2006,coral1,1,261.7,1429.0,21.3,21.3,0.0
2006,coral2,1,1112.9,228.3,28.8,28.8,0.0
2006,coral3,1,1175.1,-275.0,30.8,30.8,0.0
2006,coral4,1,-89.5,2067.5,26.9,26.9,0.0
2006,coral5,1,-38.3,5.5,26.1,26.1,0.0
2006,coral7,1,-143.3,295.1,40.8,40.8,0.0
2006,coral9,1,936.4,133.8,22.4,22.4,0.0
2006,coral10,1,1124.6,404.4,17.6,17.6,0.0
2006,coral11,1,183.5,2042.9,31.7,31.7,0.0
2006,coral16,1,217.5,662.5,32.2,32.2,0.0
2006,coral17,1,181.4,105.8,25.0,25.0,0.0
2006,coral19,1,-86.4,-175.5,27.2,27.2,0.0
2006,coral20,1,292.3,2190.3,28.0,28.0,0.0
2006,coral22,1,-7.5,798.6,33.2,33.2,0.0
2006,coral23,1,379.1,0.1,18.2,18.2,0.0
2006,coral24,1,341.5,1962.2,29.4,29.4,0.0
2006,coral25,1,-158.5,685.0,37.2,37.2,0.0
2006,coral26,1,1226.4,730.5,34.4,34.4,0.0
2006,coral28,1,1153.5,939.1,37.9,37.9,0.0
2006,coral29,1,1218.6,30.5,31.6,31.6,0.0
2006,coral30,1,1004.0,1182.5,37.9,37.9,0.0
2006,coral32,1,900.2,1344.8,29.4,29.4,0.0
2006,coral34,1,896.8,998.2,31.4,31.4,0.0
2006,coral35,1,-127.5,928.5,18.0,18.0,0.0
2006,coral37,1,-137.0,1890.8,34.2,34.2,0.0
2006,coral38,1,-0.0,174.6,36.5,36.5,0.0
2006,coral42,1,1173.1,1236.2,18.8,18.8,0.0
2006,coral43,1,962.6,441.4,28.1,28.1,0.0
2006,coral45,1,-100.2,1272.5,27.9,27.9,0.0
2006,coral47,1,1207.0,559.8,28.4,28.4,0.0
2006,coral48,1,1221.8,2029.4,28.9,28.9,0.0
2006,coral51,1,383.2,529.7,23.2,23.2,0.0
2006,coral53,1,891.6,-191.0,21.8,21.8,0.0
2006,coral54,1,1226.3,1643.1,21.7,21.7,0.0
2006,coral55,1,16.6,1407.7,29.9,29.9,0.0
2006,coral57,1,909.5,1721.7,32.3,32.3,0.0
2006,coral58,1,120.0,-59.5,29.4,29.4,0.0
2006,coral59,1,333.5,811.8,33.5,33.5,0.0
2006,manta,2,653.5,836.5,184.5,184.5,0.0
2006,turtle0,2,489.8,364.5,55.8,55.8,0.0
2006,turtle1,2,607.2,1999.5,55.8,55.8,0.0
2006,turtle2,2,1020.2,-141.2,55.8,55.8,0.0
2006,school0,2,651.2,510.3,121.5,121.5,0.0
2006,school1,2,640.9,72.3,121.5,121.5,0.0
2006,boat,4,555.0,1180.0,61.2,154.8,0.0
2008,island0,5,162.0,1101.8,261.0,261.0,0.0
2008,island1,5,1055.2,1539.2,145.2,145.2,0.0
2008,island2,5,162.0,1740.8,234.9,234.9,0.0
2008,island3,5,1087.8,1857.8,163.7,163.7,0.0
2008,island7,5,126.0,444.8,182.7,182.7,0.0
2008,island8,5,1009.5,669.8,156.6,156.6,0.0
2008,island11,5,271.5,-230.2,156.6,156.6,0.0
2008,coral1,1,261.7,1436.1,21.3,21.3,0.0
2008,coral2,1,1112.9,235.5,28.8,28.8,0.0
2008,coral3,1,1175.1,-267.8,30.8,30.8,0.0
2008,coral4,1,-89.5,2074.6,26.9,26.9,0.0
2008,coral5,1,-38.3,12.6,26.1,26.1,0.0
2008,coral7,1,-143.3,302.3,40.8,40.8,0.0
2008,coral9,1,936.4,140.9,22.4,22.4,0.0
2008,coral10,1,1124.6,411.6,17.6,17.6,0.0
2008,coral11,1,183.5,2050.0,31.7,31.7,0.0
2008,coral13,1,1009.8,-297.3,36.7,36.7,0.0
2008,coral16,1,217.5,669.6,32.2,32.2,0.0
2008,coral17,1,181.4,113.0,25.0,25.0,0.0
2008,coral19,1,-86.4,-168.3,27.2,27.2,0.0
2008,coral20,1,292.3,2197.4,28.0,28.0,0.0
2008,coral22,1,-7.5,805.8,33.2,33.2,0.0
2008,coral23,1,379.1,7.3,18.2,18.2,0.0
2008,coral24,1,341.5,1969.4,29.4,29.4,0.0
2008,coral25,1,-158.5,692.2,37.2,37.2,0.0
2008,coral26,1,1226.4,737.7,34.4,34.4,0.0
2008,coral28,1,1153.5,946.3,37.9,37.9,0.0
2008,coral29,1,1218.6,37.7,31.6,31.6,0.0
2008,coral30,1,1004.0,1189.7,37.9,37.9,0.0
2008,coral32,1,900.2,1352.0,29.4,29.4,0.0
2008,coral34,1,896.8,1005.3,31.4,31.4,0.0
2008,coral35,1,-127.5,935.7,18.0,18.0,0.0
2008,coral37,1,-137.0,1898.0,34.2,34.2,0.0
2008,coral38,1,-0.0,181.8,36.5,36.5,0.0
2008,coral42,1,1173.1,1243.3,18.8,18.8,0.0
2008,coral43,1,962.6,448.6,28.1,28.1,0.0
2008,coral45,1,-100.2,1279.7,27.9,27.9,0.0
2008,coral47,1,1207.0,567.0,28.4,28.4,0.0
2008,coral48,1,1221.8,2036.6,28.9,28.9,0.0
2008,coral51,1,383.2,536.8,23.2,23.2,0.0
2008,coral53,1,891.6,-183.8,21.8,21.8,0.0
2008,coral54,1,1226.3,1650.3,21.7,21.7,0.0
2008,coral55,1,16.6,1414.8,29.9,29.9,0.0
2008,coral57,1,909.5,1728.8,32.3,32.3,0.0
2008,coral58,1,120.0,-52.3,29.4,29.4,0.0
2008,coral59,1,333.5,818.9,33.5,33.5,0.0
2008,manta,2,653.2,836.4,184.5,184.5,0.0
2008,turtle0,2,488.3,368.0,55.8,55.8,0.0
2008,turtle1,2,608.7,2004.2,55.8,55.8,0.0
2008,turtle2,2,1020.2,-134.0,55.8,55.8,0.0
2008,school0,2,652.6,512.3,121.5,121.5,0.0
2008,school1,2,641.4,78.8,121.5,121.5,0.0
2008,boat,4,555.0,1180.0,61.2,154.8,0.0
2010,island0,5,162.0,1108.9,261.0,261.0,0.0
2010,island1,5,1055.2,1546.3,145.2,145.2,0.0
2010,island2,5,162.0,1747.9,234.9,234.9,0.0
2010,island3,5,1087.8,1864.9,163.7,163.7,0.0
2010,island7,5,126.0,451.9,182.7,182.7,0.0
2010,island8,5,1009.5,676.9,156.6,156.6,0.0
2010,island11,5,271.5,-223.1,156.6,156.6,0.0
2010,coral1,1,261.7,1443.3,21.3,21.3,0.0
2010,coral2,1,1112.9,242.6,28.8,28.8,0.0
2010,coral3,1,1175.1,-260.7,30.8,30.8,0.0
2010,coral4,1,-89.5,2081.8,26.9,26.9,0.0
2010,coral5,1,-38.3,19.8,26.1,26.1,0.0
2010,coral7,1,-143.3,309.4,40.8,40.8,0.0
2010,coral9,1,936.4,148.1,22.4,22.4,0.0
2010,coral10,1,1124.6,418.8,17.6,17.6,0.0
2010,coral11,1,183.5,2057.2,31.7,31.7,0.0
2010,coral13,1,1009.8,-290.1,36.7,36.7,0.0
2010,coral16,1,217.5,676.8,32.2,32.2,0.0
2010,coral17,1,181.4,120.1,25.0,25.0,0.0
2010,coral19,1,-86.4,-161.2,27.2,27.2,0.0
2010,coral20,1,292.3,2204.6,28.0,28.0,0.0
2010,coral22,1,-7.5,812.9,33.2,33.2,0.0
2010,coral23,1,379.1,14.4,18.2,18.2,0.0
2010,coral24,1,341.5,1976.5,29.4,29.4,0.0
2010,coral25,1,-158.5,699.3,37.2,37.2,0.0
2010,coral26,1,1226.4,744.8,34.4,34.4,0.0
2010,coral28,1,1153.5,953.4,37.9,37.9,0.0
2010,coral29,1,1218.6,44.9,31.6,31.6,0.0
2010,coral30,1,1004.0,1196.8,37.9,37.9,0.0
2010,coral32,1,900.2,1359.2,29.4,29.4,0.0
2010,coral34,1,896.8,1012.5,31.4,31.4,0.0
2010,coral35,1,-127.5,942.8,18.0,18.0,0.0
2010,coral37,1,-137.0,1905.1,34.2,34.2,0.0
2010,coral38,1,-0.0,188.9,36.5,36.5,0.0
2010,coral42,1,1173.1,1250.5,18.8,18.8,0.0
2010,coral43,1,962.6,455.8,28.1,28.1,0.0
2010,coral45,1,-100.2,1286.8,27.9,27.9,0.0
2010,coral47,1,1207.0,574.2,28.4,28.4,0.0
2010,coral48,1,1221.8,2043.7,28.9,28.9,0.0
2010,coral51,1,383.2,544.0,23.2,23.2,0.0
2010,coral53,1,891.6,-176.6,21.8,21.8,0.0
2010,coral54,1,1226.3,1657.5,21.7,21.7,0.0
2010,coral55,1,16.6,1422.0,29.9,29.9,0.0
2010,coral57,1,909.5,1736.0,32.3,32.3,0.0
2010,coral58,1,120.0,-45.1,29.4,29.4,0.0
2010,coral59,1,333.5,826.1,33.5,33.5,0.0
2010,manta,2,652.9,836.4,184.5,184.5,0.0
2010,turtle0,2,486.7,371.5,55.8,55.8,0.0
2010,turtle1,2,610.3,2008.9,55.8,55.8,0.0
2010,turtle2,2,1020.2,-126.9,55.8,55.8,0.0
2010,school0,2,654.1,514.2,121.5,121.5,0.0
2010,school1,2,641.9,85.3,121.5,121.5,0.0
2010,boat,4,555.0,1180.0,61.2,154.8,0.0
2012,island0,5,162.0,1116.1,261.0,261.0,0.0
2012,island1,5,1055.2,1553.5,145.2,145.2,0.0
2012,island2,5,162.0,1755.1,234.9,234.9,0.0
2012,island3,5,1087.8,1872.1,163.7,163.7,0.0
2012,island7,5,126.0,459.1,182.7,182.7,0.0
2012,island8,5,1009.5,684.1,156.6,156.6,0.0
2012,island11,5,271.5,-215.9,156.6,156.6,0.0
2012,coral1,1,261.7,1450.4,21.3,21.3,0.0
2012,coral2,1,1112.9,249.8,28.8,28.8,0.0
2012,coral3,1,1175.1,-253.5,30.8,30.8,0.0
2012,coral4,1,-89.5,2088.9,26.9,26.9,0.0
2012,coral5,1,-38.3,26.9,26.1,26.1,0.0
2012,coral7,1,-143.3,316.6,40.8,40.8,0.0
2012,coral9,1,936.4,155.2,22.4,22.4,0.0
2012,coral10,1,1124.6,425.9,17.6,17.6,0.0
2012,coral11,1,183.5,2064.3,31.7,31.7,0.0
2012,coral13,1,1009.8,-283.0,36.7,36.7,0.0
2012,coral16,1,217.5,683.9,32.2,32.2,0.0
2012,coral17,1,181.4,127.3,25.0,25.0,0.0
2012,coral19,1,-86.4,-154.0,27.2,27.2,0.0
2012,coral20,1,292.3,2211.7,28.0,28.0,0.0
2012,coral22,1,-7.5,820.1,33.2,33.2,0.0
2012,coral23,1,379.1,21.6,18.2,18.2,0.0
2012,coral24,1,341.5,1983.7,29.4,29.4,0.0
2012,coral25,1,-158.5,706.5,37.2,37.2,0.0
2012,coral26,1,1226.4,752.0,34.4,34.4,0.0
2012,coral28,1,1153.5,960.6,37.9,37.9,0.0
2012,coral29,1,1218.6,52.0,31.6,31.6,0.0
2012,coral30,1,1004.0,1204.0,37.9,37.9,0.0
2012,coral32,1,900.2,1366.3,29.4,29.4,0.0
2012,coral34,1,896.8,1019.6,31.4,31.4,0.0
2012,coral35,1,-127.5,950.0,18.0,18.0,0.0
2012,coral37,1,-137.0,1912.3,34.2,34.2,0.0
2012,coral38,1,-0.0,196.1,36.5,36.5,0.0
2012,coral42,1,1173.1,1257.6,18.8,18.8,0.0
2012,coral43,1,962.6,462.9,28.1,28.1,0.0
2012,coral45,1,-100.2,1294.0,27.9,27.9,0.0
2012,coral47,1,1207.0,581.3,28.4,28.4,0.0
2012,coral48,1,1221.8,2050.9,28.9,28.9,0.0
2012,coral51,1,383.2,551.1,23.2,23.2,0.0
2012,coral53,1,891.6,-169.5,21.8,21.8,0.0
2012,coral54,1,1226.3,1664.6,21.7,21.7,0.0
2012,coral55,1,16.6,1429.1,29.9,29.9,0.0
2012,coral57,1,909.5,1743.1,32.3,32.3,0.0
2012,coral58,1,120.0,-38.0,29.4,29.4,0.0
2012,coral59,1,333.5,833.2,33.5,33.5,0.0
2012,manta,2,652.8,836.4,184.5,184.5,0.0
2012,turtle0,2,485.2,375.0,55.8,55.8,0.0
2012,turtle1,2,611.9,2013.6,55.8,55.8,0.0
2012,turtle2,2,1020.2,-119.7,55.8,55.8,0.0
2012,school0,2,655.5,516.2,121.5,121.5,0.0
2012,school1,2,642.4,91.4,121.5,121.5,0.0
2012,boat,4,555.0,1180.0,61.2,154.8,0.0
2014,island0,5,162.0,1123.2,261.0,261.0,0.0
2014,island1,5,1055.2,1560.6,145.2,145.2,0.0
2014,island2,5,162.0,1762.2,234.9,234.9,0.0
2014,island3,5,1087.8,1879.2,163.7,163.7,0.0
2014,island7,5,126.0,466.2,182.7,182.7,0.0
2014,island8,5,1009.5,691.2,156.6,156.6,0.0
2014,island11,5,271.5,-208.8,156.6,156.6,0.0
2014,coral1,1,261.7,1457.6,21.3,21.3,0.0
2014,coral2,1,1112.9,256.9,28.8,28.8,0.0
2014,coral3,1,1175.1,-246.4,30.8,30.8,0.0
2014,coral4,1,-89.5,2096.1,26.9,26.9,0.0
2014,coral5,1,-38.3,34.1,26.1,26.1,0.0
2014,coral7,1,-143.3,323.7,40.8,40.8,0.0
2014,coral9,1,936.4,162.4,22.4,22.4,0.0
2014,coral10,1,1124.6,433.1,17.6,17.6,0.0
2014,coral11,1,183.5,2071.5,31.7,31.7,0.0
2014,coral13,1,1009.8,-275.8,36.7,36.7,0.0
2014,coral16,1,217.5,691.1,32.2,32.2,0.0
2014,coral17,1,181.4,134.5,25.0,25.0,0.0
2014,coral19,1,-86.4,-146.9,27.2,27.2,0.0
2014,coral20,1,292.3,2218.9,28.0,28.0,0.0
2014,coral22,1,-7.5,827.2,33.2,33.2,0.0
2014,coral23,1,379.1,28.7,18.2,18.2,0.0
2014,coral24,1,341.5,1990.8,29.4,29.4,0.0
2014,coral25,1,-158.5,713.6,37.2,37.2,0.0
2014,coral26,1,1226.4,759.1,34.4,34.4,0.0
2014,coral28,1,1153.5,967.7,37.9,37.9,0.0
2014,coral29,1,1218.6,59.2,31.6,31.6,0.0
2014,coral30,1,1004.0,1211.2,37.9,37.9,0.0
2014,coral32,1,900.2,1373.5,29.4,29.4,0.0
2014,coral34,1,896.8,1026.8,31.4,31.4,0.0
2014,coral35,1,-127.5,957.2,18.0,18.0,0.0
2014,coral37,1,-137.0,1919.4,34.2,34.2,0.0
2014,coral38,1,-0.0,203.2,36.5,36.5,0.0
2014,coral42,1,1173.1,1264.8,18.8,18.8,0.0
2014,coral43,1,962.6,470.1,28.1,28.1,0.0
2014,coral45,1,-100.2,1301.1,27.9,27.9,0.0
2014,coral47,1,1207.0,588.5,28.4,28.4,0.0
2014,coral48,1,1221.8,2058.0,28.9,28.9,0.0
2014,coral51,1,383.2,558.3,23.2,23.2,0.0
2014,coral53,1,891.6,-162.3,21.8,21.8,0.0
2014,coral54,1,1226.3,1671.8,21.7,21.7,0.0
2014,coral55,1,16.6,1436.3,29.9,29.9,0.0
2014,coral57,1,909.5,1750.3,32.3,32.3,0.0
2014,coral58,1,120.0,-30.8,29.4,29.4,0.0
2014,coral59,1,333.5,840.4,33.5,33.5,0.0
2014,manta,2,652.9,836.4,184.5,184.5,0.0
2014,turtle0,2,483.7,378.5,55.8,55.8,0.0
2014,turtle1,2,613.4,2018.2,55.8,55.8,0.0
2014,turtle2,2,1020.2,-112.6,55.8,55.8,0.0
2014,school0,2,657.0,518.2,121.5,121.5,0.0
2014,school1,2,642.9,97.2,121.5,121.5,0.0
2014,boat,4,555.0,1180.0,61.2,154.8,0.0
2016,island0,5,162.0,1130.4,261.0,261.0,0.0
2016,island1,5,1055.2,1567.8,145.2,145.2,0.0
2016,island2,5,162.0,1769.4,234.9,234.9,0.0
2016,island3,5,1087.8,1886.4,163.7,163.7,0.0
2016,island7,5,126.0,473.4,182.7,182.7,0.0
2016,island8,5,1009.5,698.4,156.6,156.6,0.0
2016,island11,5,271.5,-201.6,156.6,156.6,0.0
2016,coral1,1,261.7,1464.7,21.3,21.3,0.0
2016,coral2,1,1112.9,264.1,28.8,28.8,0.0
2016,coral3,1,1175.1,-239.2,30.8,30.8,0.0
2016,coral4,1,-89.5,2103.3,26.9,26.9,0.0
2016,coral5,1,-38.3,41.2,26.1,26.1,0.0
2016,coral7,1,-143.3,330.9,40.8,40.8,0.0
2016,coral9,1,936.4,169.5,22.4,22.4,0.0
2016,coral10,1,1124.6,440.2,17.6,17.6,0.0
2016,coral11,1,183.5,2078.6,31.7,31.7,0.0
2016,coral13,1,1009.8,-268.7,36.7,36.7,0.0
2016,coral16,1,217.5,698.2,32.2,32.2,0.0
2016,coral17,1,181.4,141.6,25.0,25.0,0.0
2016,coral19,1,-86.4,-139.7,27.2,27.2,0.0
2016,coral22,1,-7.5,834.4,33.2,33.2,0.0
2016,coral23,1,379.1,35.9,18.2,18.2,0.0
2016,coral24,1,341.5,1998.0,29.4,29.4,0.0
2016,coral25,1,-158.5,720.8,37.2,37.2,0.0
2016,coral26,1,1226.4,766.3,34.4,34.4,0.0
2016,coral28,1,1153.5,974.9,37.9,37.9,0.0
2016,coral29,1,1218.6,66.3,31.6,31.6,0.0
2016,coral30,1,1004.0,1218.3,37.9,37.9,0.0
2016,coral32,1,900.2,1380.6,29.4,29.4,0.0
2016,coral34,1,896.8,1034.0,31.4,31.4,0.0
2016,coral35,1,-127.5,964.3,18.0,18.0,0.0
2016,coral37,1,-137.0,1926.6,34.2,34.2,0.0
2016,coral38,1,-0.0,210.4,36.5,36.5,0.0
2016,coral42,1,1173.1,1272.0,18.8,18.8,0.0
2016,coral43,1,962.6,477.2,28.1,28.1,0.0
2016,coral45,1,-100.2,1308.3,27.9,27.9,0.0
2016,coral47,1,1207.0,595.6,28.4,28.4,0.0
2016,coral48,1,1221.8,2065.2,28.9,28.9,0.0
2016,coral51,1,383.2,565.4,23.2,23.2,0.0
2016,coral53,1,891.6,-155.2,21.8,21.8,0.0
2016,coral54,1,1226.3,1678.9,21.7,21.7,0.0
2016,coral55,1,16.6,1443.4,29.9,29.9,0.0
2016,coral57,1,909.5,1757.4,32.3,32.3,0.0
2016,coral58,1,120.0,-23.7,29.4,29.4,0.0
2016,coral59,1,333.5,847.5,33.5,33.5,0.0
2016,manta,2,653.1,836.4,184.5,184.5,0.0
2016,turtle0,2,482.1,382.0,55.8,55.8,0.0
2016,turtle1,2,614.9,2022.9,55.8,55.8,0.0
2016,turtle2,2,1020.2,-105.4,55.8,55.8,0.0
2016,school0,2,658.6,520.1,121.5,121.5,0.0
2016,school1,2,643.4,102.6,121.5,121.5,0.0
2016,boat,4,555.0,1180.0,61.2,154.8,0.0
2018,island0,5,162.0,1137.5,261.0,261.0,0.0
2018,island1,5,1055.2,1574.9,145.2,145.2,0.0
2018,island2,5,162.0,1776.5,234.9,234.9,0.0
2018,island3,5,1087.8,1893.5,163.7,163.7,0.0
2018,island7,5,126.0,480.5,182.7,182.7,0.0
2018,island8,5,1009.5,705.5,156.6,156.6,0.0
2018,island11,5,271.5,-194.5,156.6,156.6,0.0
2018,coral1,1,261.7,1471.9,21.3,21.3,0.0
2018,coral2,1,1112.9,271.3,28.8,28.8,0.0
2018,coral3,1,1175.1,-232.1,30.8,30.8,0.0
2018,coral4,1,-89.5,2110.4,26.9,26.9,0.0
2018,coral5,1,-38.3,48.4,26.1,26.1,0.0
2018,coral7,1,-143.3,338.0,40.8,40.8,0.0
2018,coral9,1,936.4,176.7,22.4,22.4,0.0
2018,coral10,1,1124.6,447.4,17.6,17.6,0.0
2018,coral11,1,183.5,2085.8,31.7,31.7,0.0
2018,coral13,1,1009.8,-261.5,36.7,36.7,0.0
2018,coral16,1,217.5,705.4,32.2,32.2,0.0
2018,coral17,1,181.4,148.8,25.0,25.0,0.0
2018,coral19,1,-86.4,-132.6,27.2,27.2,0.0
2018,coral22,1,-7.5,841.5,33.2,33.2,0.0
2018,coral23,1,379.1,43.1,18.2,18.2,0.0
2018,coral24,1,341.5,2005.1,29.4,29.4,0.0
2018,coral25,1,-158.5,727.9,37.2,37.2,0.0
2018,coral26,1,1226.4,773.5,34.4,34.4,0.0
2018,coral28,1,1153.5,982.0,37.9,37.9,0.0
2018,coral29,1,1218.6,73.5,31.6,31.6,0.0
2018,coral30,1,1004.0,1225.5,37.9,37.9,0.0
2018,coral32,1,900.2,1387.8,29.4,29.4,0.0
2018,coral34,1,896.8,1041.1,31.4,31.4,0.0
2018,coral35,1,-127.5,971.5,18.0,18.0,0.0
2018,coral37,1,-137.0,1933.7,34.2,34.2,0.0
2018,coral38,1,-0.0,217.6,36.5,36.5,0.0
2018,coral42,1,1173.1,1279.1,18.8,18.8,0.0
2018,coral43,1,962.6,484.4,28.1,28.1,0.0
2018,coral45,1,-100.2,1315.4,27.9,27.9,0.0
2018,coral47,1,1207.0,602.8,28.4,28.4,0.0
2018,coral48,1,1221.8,2072.3,28.9,28.9,0.0
2018,coral51,1,383.2,572.6,23.2,23.2,0.0
2018,coral53,1,891.6,-148.0,21.8,21.8,0.0
2018,coral54,1,1226.3,1686.1,21.7,21.7,0.0
2018,coral55,1,16.6,1450.6,29.9,29.9,0.0
2018,coral57,1,909.5,1764.6,32.3,32.3,0.0
2018,coral58,1,120.0,-16.5,29.4,29.4,0.0
2018,coral59,1,333.5,854.7,33.5,33.5,0.0
2018,manta,2,653.5,836.5,184.5,184.5,0.0
2018,turtle0,2,480.6,385.5,55.8,55.8,0.0
2018,turtle1,2,616.4,2027.5,55.8,55.8,0.0
2018,turtle2,2,1020.2,-98.3,55.8,55.8,0.0
2018,school0,2,660.2,522.1,121.5,121.5,0.0
2018,school1,2,643.9,107.6,121.5,121.5,0.0
2018,boat,4,555.0,1180.0,61.2,154.8,0.0
2020,island0,5,162.0,1144.7,261.0,261.0,0.0
2020,island1,5,1055.2,1582.1,145.2,145.2,0.0
2020,island2,5,162.0,1783.7,234.9,234.9,0.0
2020,island3,5,1087.8,1900.7,163.7,163.7,0.0
2020,island7,5,126.0,487.7,182.7,182.7,0.0
2020,island8,5,1009.5,712.7,156.6,156.6,0.0
2020,island11,5,271.5,-187.3,156.6,156.6,0.0
2020,coral1,1,261.7,1479.0,21.3,21.3,0.0
2020,coral2,1,1112.9,278.4,28.8,28.8,0.0
2020,coral3,1,1175.1,-224.9,30.8,30.8,0.0
2020,coral4,1,-89.5,2117.6,26.9,26.9,0.0
2020,coral5,1,-38.3,55.5,26.1,26.1,0.0
2020,coral7,1,-143.3,345.2,40.8,40.8,0.0
2020,coral9,1,936.4,183.9,22.4,22.4,0.0
2020,coral10,1,1124.6,454.5,17.6,17.6,0.0
2020,coral11,1,183.5,2092.9,31.7,31.7,0.0
2020,coral13,1,1009.8,-254.4,36.7,36.7,0.0
2020,coral16,1,217.5,712.6,32.2,32.2,0.0
2020,coral17,1,181.4,155.9,25.0,25.0,0.0
2020,coral19,1,-86.4,-125.4,27.2,27.2,0.0
2020,coral22,1,-7.5,848.7,33.2,33.2,0.0
2020,coral23,1,379.1,50.2,18.2,18.2,0.0
2020,coral24,1,341.5,2012.3,29.4,29.4,0.0
2020,coral25,1,-158.5,735.1,37.2,37.2,0.0
2020,coral26,1,1226.4,780.6,34.4,34.4,0.0
2020,coral28,1,1153.5,989.2,37.9,37.9,0.0
2020,coral29,1,1218.6,80.6,31.6,31.6,0.0
2020,coral30,1,1004.0,1232.6,37.9,37.9,0.0
2020,coral32,1,900.2,1394.9,29.4,29.4,0.0
2020,coral34,1,896.8,1048.3,31.4,31.4,0.0
2020,coral35,1,-127.5,978.6,18.0,18.0,0.0
2020,coral37,1,-137.0,1940.9,34.2,34.2,0.0
2020,coral38,1,-0.0,224.7,36.5,36.5,0.0
2020,coral42,1,1173.1,1286.3,18.8,18.8,0.0
2020,coral43,1,962.6,491.5,28.1,28.1,0.0
2020,coral45,1,-100.2,1322.6,27.9,27.9,0.0
2020,coral47,1,1207.0,609.9,28.4,28.4,0.0
2020,coral48,1,1221.8,2079.5,28.9,28.9,0.0
2020,coral51,1,383.2,579.7,23.2,23.2,0.0
2020,coral53,1,891.6,-140.9,21.8,21.8,0.0
2020,coral54,1,1226.3,1693.2,21.7,21.7,0.0
2020,coral55,1,16.6,1457.7,29.9,29.9,0.0
2020,coral56,1,-126.2,-299.8,32.7,32.7,0.0
2020,coral57,1,909.5,1771.8,32.3,32.3,0.0
2020,coral58,1,120.0,-9.4,29.4,29.4,0.0
2020,coral59,1,333.5,861.8,33.5,33.5,0.0
2020,manta,2,653.9,836.7,184.5,184.5,0.0
2020,turtle0,2,479.0,389.0,55.8,55.8,0.0
2020,turtle1,2,618.0,2032.2,55.8,55.8,0.0
2020,turtle2,2,1020.2,-91.1,55.8,55.8,0.0
2020,school0,2,661.7,524.1,121.5,121.5,0.0
2020,school1,2,644.4,112.1,121.5,121.5,0.0
2020,boat,4,555.0,1180.0,61.2,154.8,0.0
2022,island0,5,162.0,1151.8,261.0,261.0,0.0
2022,island1,5,1055.2,1589.2,145.2,145.2,0.0
2022,island2,5,162.0,1790.8,234.9,234.9,0.0
2022,island3,5,1087.8,1907.8,163.7,163.7,0.0
2022,island7,5,126.0,494.8,182.7,182.7,0.0
2022,island8,5,1009.5,719.8,156.6,156.6,0.0
2022,island11,5,271.5,-180.2,156.6,156.6,0.0
2022,coral1,1,261.7,1486.2,21.3,21.3,0.0
2022,coral2,1,1112.9,285.6,28.8,28.8,0.0
2022,coral3,1,1175.1,-217.7,30.8,30.8,0.0
2022,coral4,1,-89.5,2124.7,26.9,26.9,0.0
2022,coral5,1,-38.3,62.7,26.1,26.1,0.0
2022,coral7,1,-143.3,352.4,40.8,40.8,0.0
2022,coral9,1,936.4,191.0,22.4,22.4,0.0
2022,coral10,1,1124.6,461.7,17.6,17.6,0.0
2022,coral11,1,183.5,2100.1,31.7,31.7,0.0
2022,coral13,1,1009.8,-247.2,36.7,36.7,0.0
2022,coral16,1,217.5,719.7,32.2,32.2,0.0
2022,coral17,1,181.4,163.1,25.0,25.0,0.0
2022,coral18,1,80.4,-294.9,28.9,28.9,0.0
2022,coral19,1,-86.4,-118.3,27.2,27.2,0.0
2022,coral22,1,-7.5,855.9,33.2,33.2,0.0
2022,coral23,1,379.1,57.4,18.2,18.2,0.0
2022,coral24,1,341.5,2019.5,29.4,29.4,0.0
2022,coral25,1,-158.5,742.2,37.2,37.2,0.0
2022,coral26,1,1226.4,787.8,34.4,34.4,0.0
2022,coral28,1,1153.5,996.3,37.9,37.9,0.0
2022,coral29,1,1218.6,87.8,31.6,31.6,0.0
2022,coral30,1,1004.0,1239.8,37.9,37.9,0.0
2022,coral32,1,900.2,1402.1,29.4,29.4,0.0
2022,coral34,1,896.8,1055.4,31.4,31.4,0.0
2022,coral35,1,-127.5,985.8,18.0,18.0,0.0
2022,coral37,1,-137.0,1948.1,34.2,34.2,0.0
2022,coral38,1,-0.0,231.9,36.5,36.5,0.0
2022,coral42,1,1173.1,1293.4,18.8,18.8,0.0
2022,coral43,1,962.6,498.7,28.1,28.1,0.0
2022,coral45,1,-100.2,1329.8,27.9,27.9,0.0
2022,coral47,1,1207.0,617.1,28.4,28.4,0.0
2022,coral48,1,1221.8,2086.6,28.9,28.9,0.0
2022,coral51,1,383.2,586.9,23.2,23.2,0.0
2022,coral53,1,891.6,-133.7,21.8,21.8,0.0
2022,coral54,1,1226.3,1700.4,21.7,21.7,0.0
2022,coral55,1,16.6,1464.9,29.9,29.9,0.0
2022,coral56,1,-126.2,-292.6,32.7,32.7,0.0
2022,coral57,1,909.5,1778.9,32.3,32.3,0.0
2022,coral58,1,120.0,-2.2,29.4,29.4,0.0
2022,coral59,1,333.5,869.0,33.5,33.5,0.0
2022,manta,2,654.6,836.9,184.5,184.5,0.0
2022,turtle0,2,477.5,392.5,55.8,55.8,0.0
2022,turtle1,2,619.4,2036.8,55.8,55.8,0.0
2022,turtle2,2,1020.2,-84.0,55.8,55.8,0.0
2022,school0,2,663.3,526.1,121.5,121.5,0.0
2022,school1,2,645.0,116.2,121.5,121.5,0.0
2022,boat,4,555.0,1180.0,61.2,154.8,0.0
2024,island0,5,162.0,1159.0,261.0,261.0,0.0
2024,island1,5,1055.2,1596.4,145.2,145.2,0.0
2024,island2,5,162.0,1798.0,234.9,234.9,0.0
2024,island3,5,1087.8,1915.0,163.7,163.7,0.0
2024,island7,5,126.0,502.0,182.7,182.7,0.0
2024,island8,5,1009.5,727.0,156.6,156.6,0.0
2024,island11,5,271.5,-173.0,156.6,156.6,0.0
2024,coral1,1,261.7,1493.4,21.3,21.3,0.0
2024,coral2,1,1112.9,292.7,28.8,28.8,0.0
2024,coral3,1,1175.1,-210.6,30.8,30.8,0.0
2024,coral4,1,-89.5,2131.9,26.9,26.9,0.0
2024,coral5,1,-38.3,69.8,26.1,26.1,0.0
2024,coral7,1,-143.3,359.5,40.8,40.8,0.0
2024,coral9,1,936.4,198.2,22.4,22.4,0.0
2024,coral10,1,1124.6,468.8,17.6,17.6,0.0
2024,coral11,1,183.5,2107.3,31.7,31.7,0.0
2024,coral13,1,1009.8,-240.1,36.7,36.7,0.0
2024,coral16,1,217.5,726.9,32.2,32.2,0.0
2024,coral17,1,181.4,170.2,25.0,25.0,0.0
2024,coral18,1,80.4,-287.7,28.9,28.9,0.0
2024,coral19,1,-86.4,-111.1,27.2,27.2,0.0
2024,coral22,1,-7.5,863.0,33.2,33.2,0.0
2024,coral23,1,379.1,64.5,18.2,18.2,0.0
2024,coral24,1,341.5,2026.6,29.4,29.4,0.0
2024,coral25,1,-158.5,749.4,37.2,37.2,0.0
2024,coral26,1,1226.4,794.9,34.4,34.4,0.0
2024,coral28,1,1153.5,1003.5,37.9,37.9,0.0
2024,coral29,1,1218.6,94.9,31.6,31.6,0.0
2024,coral30,1,1004.0,1246.9,37.9,37.9,0.0
2024,coral32,1,900.2,1409.2,29.4,29.4,0.0
2024,coral34,1,896.8,1062.6,31.4,31.4,0.0
2024,coral35,1,-127.5,992.9,18.0,18.0,0.0
2024,coral37,1,-137.0,1955.2,34.2,34.2,0.0
2024,coral38,1,-0.0,239.0,36.5,36.5,0.0
2024,coral42,1,1173.1,1300.6,18.8,18.8,0.0
2024,coral43,1,962.6,505.8,28.1,28.1,0.0
2024,coral45,1,-100.2,1336.9,27.9,27.9,0.0
2024,coral47,1,1207.0,624.2,28.4,28.4,0.0
2024,coral48,1,1221.8,2093.8,28.9,28.9,0.0
2024,coral51,1,383.2,594.1,23.2,23.2,0.0
2024,coral53,1,891.6,-126.6,21.8,21.8,0.0
2024,coral54,1,1226.3,1707.5,21.7,21.7,0.0
2024,coral55,1,16.6,1472.1,29.9,29.9,0.0
2024,coral56,1,-126.2,-285.5,32.7,32.7,0.0
2024,coral57,1,909.5,1786.1,32.3,32.3,0.0
2024,coral58,1,120.0,4.9,29.4,29.4,0.0
2024,coral59,1,333.5,876.1,33.5,33.5,0.0
2024,manta,2,656.2,838.4,184.5,184.5,0.0
2024,turtle0,2,476.0,396.0,55.8,55.8,0.0
2024,turtle1,2,620.9,2041.4,55.8,55.8,0.0
2024,turtle2,2,1020.2,-76.8,55.8,55.8,0.0
2024,school0,2,664.9,528.1,121.5,121.5,0.0
2024,school1,2,645.7,119.8,121.5,121.5,0.0
2024,boat,4,555.0,1180.0,61.2,154.8,0.0
2026,island0,5,162.0,1166.2,261.0,261.0,0.0
2026,island1,5,1055.2,1603.6,145.2,145.2,0.0
2026,island2,5,162.0,1805.2,234.9,234.9,0.0
2026,island3,5,1087.8,1922.2,163.7,163.7,0.0
2026,island7,5,126.0,509.2,182.7,182.7,0.0
2026,island8,5,1009.5,734.2,156.6,156.6,0.0
2026,island11,5,271.5,-165.8,156.6,156.6,0.0
2026,coral1,1,261.7,1500.5,21.3,21.3,0.0
2026,coral2,1,1112.9,299.9,28.8,28.8,0.0
2026,coral3,1,1175.1,-203.4,30.8,30.8,0.0
2026,coral4,1,-89.5,2139.0,26.9,26.9,0.0
2026,coral5,1,-38.3,77.0,26.1,26.1,0.0
2026,coral7,1,-143.3,366.7,40.8,40.8,0.0
2026,coral9,1,936.4,205.3,22.4,22.4,0.0
2026,coral10,1,1124.6,476.0,17.6,17.6,0.0
2026,coral11,1,183.5,2114.4,31.7,31.7,0.0
2026,coral13,1,1009.8,-232.9,36.7,36.7,0.0
2026,coral16,1,217.5,734.0,32.2,32.2,0.0
2026,coral17,1,181.4,177.4,25.0,25.0,0.0
2026,coral18,1,80.4,-280.6,28.9,28.9,0.0
2026,coral19,1,-86.4,-103.9,27.2,27.2,0.0
2026,coral22,1,-7.5,870.2,33.2,33.2,0.0
2026,coral23,1,379.1,71.7,18.2,18.2,0.0
2026,coral24,1,341.5,2033.8,29.4,29.4,0.0
2026,coral25,1,-158.5,756.5,37.2,37.2,0.0
2026,coral26,1,1226.4,802.1,34.4,34.4,0.0
2026,coral28,1,1153.5,1010.6,37.9,37.9,0.0
2026,coral29,1,1218.6,102.1,31.6,31.6,0.0
2026,coral30,1,1004.0,1254.1,37.9,37.9,0.0
2026,coral32,1,900.2,1416.4,29.4,29.4,0.0
2026,coral34,1,896.8,1069.7,31.4,31.4,0.0
2026,coral35,1,-127.5,1000.1,18.0,18.0,0.0
2026,coral37,1,-137.0,1962.4,34.2,34.2,0.0
2026,coral38,1,-0.0,246.2,36.5,36.5,0.0
2026,coral42,1,1173.1,1307.7,18.8,18.8,0.0
2026,coral43,1,962.6,513.0,28.1,28.1,0.0
2026,coral45,1,-100.2,1344.1,27.9,27.9,0.0
2026,coral47,1,1207.0,631.4,28.4,28.4,0.0
2026,coral48,1,1221.8,2100.9,28.9,28.9,0.0
2026,coral51,1,383.2,601.2,23.2,23.2,0.0
2026,coral53,1,891.6,-119.4,21.8,21.8,0.0
2026,coral54,1,1226.3,1714.7,21.7,21.7,0.0
2026,coral55,1,16.6,1479.2,29.9,29.9,0.0
2026,coral56,1,-126.2,-278.3,32.7,32.7,0.0
2026,coral57,1,909.5,1793.2,32.3,32.3,0.0
2026,coral58,1,120.0,12.1,29.4,29.4,0.0
2026,coral59,1,333.5,883.3,33.5,33.5,0.0
2026,manta,2,659.9,840.4,184.5,184.5,0.0
2026,turtle0,2,474.4,399.5,55.8,55.8,0.0
2026,turtle1,2,622.4,2046.0,55.8,55.8,0.0
2026,turtle2,2,1020.2,-69.7,55.8,55.8,0.0
2026,school0,2,666.4,530.1,121.5,121.5,0.0
2026,school1,2,646.5,123.2,121.5,121.5,0.0
2026,boat,4,555.0,1180.0,61.2,154.8,0.0
2028,island0,5,162.0,1173.3,261.0,261.0,0.0
2028,island1,5,1055.2,1610.7,145.2,145.2,0.0
2028,island2,5,162.0,1812.3,234.9,234.9,0.0
2028,island3,5,1087.8,1929.3,163.7,163.7,0.0
2028,island7,5,126.0,516.3,182.7,182.7,0.0
2028,island8,5,1009.5,741.3,156.6,156.6,0.0
2028,island11,5,271.5,-158.7,156.6,156.6,0.0
2028,coral1,1,261.7,1507.7,21.3,21.3,0.0
2028,coral2,1,1112.9,307.0,28.8,28.8,0.0
2028,coral3,1,1175.1,-196.3,30.8,30.8,0.0
2028,coral4,1,-89.5,2146.2,26.9,26.9,0.0
2028,coral5,1,-38.3,84.1,26.1,26.1,0.0
2028,coral7,1,-143.3,373.8,40.8,40.8,0.0
2028,coral9,1,936.4,212.5,22.4,22.4,0.0
2028,coral10,1,1124.6,483.1,17.6,17.6,0.0
2028,coral11,1,183.5,2121.6,31.7,31.7,0.0
2028,coral13,1,1009.8,-225.7,36.7,36.7,0.0
2028,coral16,1,217.5,741.2,32.2,32.2,0.0
2028,coral17,1,181.4,184.5,25.0,25.0,0.0
2028,coral18,1,80.4,-273.4,28.9,28.9,0.0
2028,coral19,1,-86.4,-96.8,27.2,27.2,0.0
2028,coral22,1,-7.5,877.3,33.2,33.2,0.0
2028,coral23,1,379.1,78.8,18.2,18.2,0.0
2028,coral24,1,341.5,2040.9,29.4,29.4,0.0
2028,coral25,1,-158.5,763.7,37.2,37.2,0.0
2028,coral26,1,1226.4,809.2,34.4,34.4,0.0
2028,coral28,1,1153.5,1017.8,37.9,37.9,0.0
2028,coral29,1,1218.6,109.2,31.6,31.6,0.0
2028,coral30,1,1004.0,1261.2,37.9,37.9,0.0
2028,coral32,1,900.2,1423.5,29.4,29.4,0.0
2028,coral34,1,896.8,1076.9,31.4,31.4,0.0
2028,coral35,1,-127.5,1007.2,18.0,18.0,0.0
2028,coral37,1,-137.0,1969.5,34.2,34.2,0.0
2028,coral38,1,-0.0,253.3,36.5,36.5,0.0
2028,coral42,1,1173.1,1314.9,18.8,18.8,0.0
2028,coral43,1,962.6,520.1,28.1,28.1,0.0
2028,coral45,1,-100.2,1351.2,27.9,27.9,0.0
2028,coral47,1,1207.0,638.5,28.4,28.4,0.0
2028,coral48,1,1221.8,2108.1,28.9,28.9,0.0
2028,coral51,1,383.2,608.4,23.2,23.2,0.0
2028,coral53,1,891.6,-112.3,21.8,21.8,0.0
2028,coral54,1,1226.3,1721.8,21.7,21.7,0.0
2028,coral55,1,16.6,1486.4,29.9,29.9,0.0
2028,coral56,1,-126.2,-271.1,32.7,32.7,0.0
2028,coral57,1,909.5,1800.4,32.3,32.3,0.0
2028,coral58,1,120.0,19.2,29.4,29.4,0.0
2028,coral59,1,333.5,890.5,33.5,33.5,0.0
2028,manta,2,665.0,842.4,184.5,184.5,0.0
2028,turtle0,2,472.9,403.0,55.8,55.8,0.0
2028,turtle1,2,623.9,2050.6,55.8,55.8,0.0
2028,turtle2,2,1020.2,-62.5,55.8,55.8,0.0
2028,school0,2,667.9,532.0,121.5,121.5,0.0
2028,school1,2,647.4,126.2,121.5,121.5,0.0
2028,boat,4,555.0,1180.0,61.2,154.8,0.0
2030,island0,5,162.0,1180.5,261.0,261.0,0.0
2030,island1,5,1055.2,1617.9,145.2,145.2,0.0
2030,island2,5,162.0,1819.5,234.9,234.9,0.0
2030,island3,5,1087.8,1936.5,163.7,163.7,0.0
2030,island7,5,126.0,523.5,182.7,182.7,0.0
2030,island8,5,1009.5,748.5,156.6,156.6,0.0
2030,island11,5,271.5,-151.5,156.6,156.6,0.0
2030,coral1,1,261.7,1514.8,21.3,21.3,0.0
2030,coral2,1,1112.9,314.2,28.8,28.8,0.0
2030,coral3,1,1175.1,-189.1,30.8,30.8,0.0
2030,coral4,1,-89.5,2153.3,26.9,26.9,0.0
2030,coral5,1,-38.3,91.3,26.1,26.1,0.0
2030,coral7,1,-143.3,381.0,40.8,40.8,0.0
2030,coral9,1,936.4,219.6,22.4,22.4,0.0
2030,coral10,1,1124.6,490.3,17.6,17.6,0.0
2030,coral11,1,183.5,2128.7,31.7,31.7,0.0
2030,coral13,1,1009.8,-218.6,36.7,36.7,0.0
2030,coral16,1,217.5,748.3,32.2,32.2,0.0
2030,coral17,1,181.4,191.7,25.0,25.0,0.0
2030,coral18,1,80.4,-266.3,28.9,28.9,0.0
2030,coral19,1,-86.4,-89.6,27.2,27.2,0.0
2030,coral22,1,-7.5,884.5,33.2,33.2,0.0
2030,coral23,1,379.1,86.0,18.2,18.2,0.0
2030,coral24,1,341.5,2048.1,29.4,29.4,0.0
2030,coral25,1,-158.5,770.9,37.2,37.2,0.0
2030,coral26,1,1226.4,816.4,34.4,34.4,0.0
2030,coral28,1,1153.5,1025.0,37.9,37.9,0.0
2030,coral29,1,1218.6,116.4,31.6,31.6,0.0
2030,coral30,1,1004.0,1268.4,37.9,37.9,0.0
2030,coral32,1,900.2,1430.7,29.4,29.4,0.0
2030,coral34,1,896.8,1084.0,31.4,31.4,0.0
2030,coral35,1,-127.5,1014.4,18.0,18.0,0.0
2030,coral37,1,-137.0,1976.7,34.2,34.2,0.0
2030,coral38,1,-0.0,260.5,36.5,36.5,0.0
2030,coral42,1,1173.1,1322.0,18.8,18.8,0.0
2030,coral43,1,962.6,527.3,28.1,28.1,0.0
2030,coral45,1,-100.2,1358.4,27.9,27.9,0.0
2030,coral47,1,1207.0,645.7,28.4,28.4,0.0
2030,coral48,1,1221.8,2115.3,28.9,28.9,0.0
2030,coral51,1,383.2,615.5,23.2,23.2,0.0
2030,coral53,1,891.6,-105.1,21.8,21.8,0.0
2030,coral54,1,1226.3,1729.0,21.7,21.7,0.0
2030,coral55,1,16.6,1493.5,29.9,29.9,0.0
2030,coral56,1,-126.2,-264.0,32.7,32.7,0.0
2030,coral57,1,909.5,1807.5,32.3,32.3,0.0
2030,coral58,1,120.0,26.4,29.4,29.4,0.0
2030,coral59,1,333.5,897.6,33.5,33.5,0.0
2030,manta,2,670.7,844.4,184.5,184.5,0.0
2030,turtle0,2,471.4,406.5,55.8,55.8,0.0
2030,turtle1,2,625.3,2055.2,55.8,55.8,0.0
2030,turtle2,2,1020.2,-55.3,55.8,55.8,0.0
2030,school0,2,669.4,534.0,121.5,121.5,0.0
2030,school1,2,648.4,129.0,121.5,121.5,0.0
2030,boat,4,555.0,1180.0,61.2,154.8,0.0
2032,island0,5,162.0,1187.6,261.0,261.0,0.0
2032,island1,5,1055.2,1625.0,145.2,145.2,0.0
2032,island2,5,162.0,1826.6,234.9,234.9,0.0
2032,island3,5,1087.8,1943.6,163.7,163.7,0.0
2032,island7,5,126.0,530.6,182.7,182.7,0.0
2032,island8,5,1009.5,755.6,156.6,156.6,0.0
2032,island11,5,271.5,-144.4,156.6,156.6,0.0
2032,coral1,1,261.7,1522.0,21.3,21.3,0.0
2032,coral2,1,1112.9,321.3,28.8,28.8,0.0
2032,coral3,1,1175.1,-182.0,30.8,30.8,0.0
2032,coral4,1,-89.5,2160.5,26.9,26.9,0.0
2032,coral5,1,-38.3,98.5,26.1,26.1,0.0
2032,coral7,1,-143.3,388.1,40.8,40.8,0.0
2032,coral9,1,936.4,226.8,22.4,22.4,0.0
2032,coral10,1,1124.6,497.4,17.6,17.6,0.0
2032,coral11,1,183.5,2135.9,31.7,31.7,0.0
2032,coral13,1,1009.8,-211.4,36.7,36.7,0.0
2032,coral16,1,217.5,755.5,32.2,32.2,0.0
2032,coral17,1,181.4,198.8,25.0,25.0,0.0
2032,coral18,1,80.4,-259.1,28.9,28.9,0.0
2032,coral19,1,-86.4,-82.5,27.2,27.2,0.0
2032,coral22,1,-7.5,891.6,33.2,33.2,0.0
2032,coral23,1,379.1,93.1,18.2,18.2,0.0
2032,coral24,1,341.5,2055.2,29.4,29.4,0.0
2032,coral25,1,-158.5,778.0,37.2,37.2,0.0
2032,coral26,1,1226.4,823.5,34.4,34.4,0.0
2032,coral28,1,1153.5,1032.1,37.9,37.9,0.0
2032,coral29,1,1218.6,123.6,31.6,31.6,0.0
2032,coral30,1,1004.0,1275.5,37.9,37.9,0.0
2032,coral32,1,900.2,1437.9,29.4,29.4,0.0
2032,coral34,1,896.8,1091.2,31.4,31.4,0.0
2032,coral35,1,-127.5,1021.5,18.0,18.0,0.0
2032,coral37,1,-137.0,1983.8,34.2,34.2,0.0
2032,coral38,1,-0.0,267.6,36.5,36.5,0.0
2032,coral42,1,1173.1,1329.2,18.8,18.8,0.0
2032,coral43,1,962.6,534.5,28.1,28.1,0.0
2032,coral45,1,-100.2,1365.5,27.9,27.9,0.0
2032,coral47,1,1207.0,652.9,28.4,28.4,0.0
2032,coral48,1,1221.8,2122.4,28.9,28.9,0.0
2032,coral51,1,383.2,622.7,23.2,23.2,0.0
2032,coral53,1,891.6,-97.9,21.8,21.8,0.0
2032,coral54,1,1226.3,1736.1,21.7,21.7,0.0
2032,coral55,1,16.6,1500.7,29.9,29.9,0.0
2032,coral56,1,-126.2,-256.8,32.7,32.7,0.0
2032,coral57,1,909.5,1814.7,32.3,32.3,0.0
2032,coral58,1,120.0,33.5,29.4,29.4,0.0
2032,coral59,1,333.5,904.8,33.5,33.5,0.0
2032,manta,2,676.2,846.3,184.5,184.5,0.0
2032,turtle0,2,470.0,410.0,55.8,55.8,0.0
2032,turtle1,2,626.7,2059.7,55.8,55.8,0.0
2032,turtle2,2,1020.2,-48.2,55.8,55.8,0.0
2032,school0,2,670.7,535.9,121.5,121.5,0.0
2032,school1,2,649.6,131.6,121.5,121.5,0.0
2032,boat,4,555.0,1180.0,61.2,154.8,0.0
2034,island0,5,162.0,1194.8,261.0,261.0,0.0
2034,island1,5,1055.2,1632.2,145.2,145.2,0.0
2034,island2,5,162.0,1833.8,234.9,234.9,0.0
2034,island3,5,1087.8,1950.8,163.7,163.7,0.0
2034,island7,5,126.0,537.8,182.7,182.7,0.0
2034,island8,5,1009.5,762.8,156.6,156.6,0.0
2034,island11,5,271.5,-137.2,156.6,156.6,0.0
2034,coral1,1,261.7,1529.1,21.3,21.3,0.0
2034,coral2,1,1112.9,328.5,28.8,28.8,0.0
2034,coral3,1,1175.1,-174.8,30.8,30.8,0.0
2034,coral4,1,-89.5,2167.6,26.9,26.9,0.0
2034,coral5,1,-38.3,105.6,26.1,26.1,0.0
2034,coral7,1,-143.3,395.3,40.8,40.8,0.0
2034,coral9,1,936.4,233.9,22.4,22.4,0.0
2034,coral10,1,1124.6,504.6,17.6,17.6,0.0
2034,coral11,1,183.5,2143.0,31.7,31.7,0.0
2034,coral13,1,1009.8,-204.3,36.7,36.7,0.0
2034,coral16,1,217.5,762.6,32.2,32.2,0.0
2034,coral17,1,181.4,206.0,25.0,25.0,0.0
2034,coral18,1,80.4,-251.9,28.9,28.9,0.0
2034,coral19,1,-86.4,-75.3,27.2,27.2,0.0
2034,coral22,1,-7.5,898.8,33.2,33.2,0.0
2034,coral23,1,379.1,100.3,18.2,18.2,0.0
2034,coral24,1,341.5,2062.4,29.4,29.4,0.0
2034,coral25,1,-158.5,785.2,37.2,37.2,0.0
2034,coral26,1,1226.4,830.7,34.4,34.4,0.0
2034,coral28,1,1153.5,1039.3,37.9,37.9,0.0
2034,coral29,1,1218.6,130.7,31.6,31.6,0.0
2034,coral30,1,1004.0,1282.7,37.9,37.9,0.0
2034,coral32,1,900.2,1445.0,29.4,29.4,0.0
2034,coral34,1,896.8,1098.3,31.4,31.4,0.0
2034,coral35,1,-127.5,1028.7,18.0,18.0,0.0
2034,coral37,1,-137.0,1991.0,34.2,34.2,0.0
2034,coral38,1,-0.0,274.8,36.5,36.5,0.0
2034,coral42,1,1173.1,1336.3,18.8,18.8,0.0
2034,coral43,1,962.6,541.6,28.1,28.1,0.0
2034,coral45,1,-100.2,1372.7,27.9,27.9,0.0
2034,coral47,1,1207.0,660.0,28.4,28.4,0.0
2034,coral48,1,1221.8,2129.6,28.9,28.9,0.0
2034,coral51,1,383.2,629.8,23.2,23.2,0.0
2034,coral53,1,891.6,-90.8,21.8,21.8,0.0
2034,coral54,1,1226.3,1743.3,21.7,21.7,0.0
2034,coral55,1,16.6,1507.8,29.9,29.9,0.0
2034,coral56,1,-126.2,-249.7,32.7,32.7,0.0
2034,coral57,1,909.5,1821.8,32.3,32.3,0.0
2034,coral58,1,120.0,40.7,29.4,29.4,0.0
2034,coral59,1,333.5,911.9,33.5,33.5,0.0
2034,manta,2,678.9,848.1,184.5,184.5,0.0
2034,turtle0,2,468.5,413.5,55.8,55.8,0.0
2034,turtle1,2,628.2,2064.3,55.8,55.8,0.0
2034,turtle2,2,1020.2,-41.0,55.8,55.8,0.0
2034,school0,2,671.9,537.8,121.5,121.5,0.0
2034,school1,2,651.0,134.0,121.5,121.5,0.0
2034,boat,4,555.0,1180.0,61.2,154.8,0.0
2036,island0,5,162.0,1201.9,261.0,261.0,0.0
2036,island1,5,1055.2,1639.3,145.2,145.2,0.0
2036,island2,5,162.0,1840.9,234.9,234.9,0.0
2036,island3,5,1087.8,1957.9,163.7,163.7,0.0
2036,island7,5,126.0,544.9,182.7,182.7,0.0
2036,island8,5,1009.5,769.9,156.6,156.6,0.0
2036,island11,5,271.5,-130.1,156.6,156.6,0.0
2036,coral1,1,261.7,1536.3,21.3,21.3,0.0
2036,coral2,1,1112.9,335.6,28.8,28.8,0.0
2036,coral3,1,1175.1,-167.7,30.8,30.8,0.0
2036,coral4,1,-89.5,2174.8,26.9,26.9,0.0
2036,coral5,1,-38.3,112.8,26.1,26.1,0.0
2036,coral7,1,-143.3,402.4,40.8,40.8,0.0
2036,coral9,1,936.4,241.1,22.4,22.4,0.0
2036,coral10,1,1124.6,511.8,17.6,17.6,0.0
2036,coral11,1,183.5,2150.2,31.7,31.7,0.0
2036,coral13,1,1009.8,-197.1,36.7,36.7,0.0
2036,coral16,1,217.5,769.8,32.2,32.2,0.0
2036,coral17,1,181.4,213.2,25.0,25.0,0.0
2036,coral18,1,80.4,-244.8,28.9,28.9,0.0
2036,coral19,1,-86.4,-68.2,27.2,27.2,0.0
2036,coral22,1,-7.5,905.9,33.2,33.2,0.0
2036,coral23,1,379.1,107.4,18.2,18.2,0.0
2036,coral24,1,341.5,2069.5,29.4,29.4,0.0
2036,coral25,1,-158.5,792.3,37.2,37.2,0.0
2036,coral26,1,1226.4,837.8,34.4,34.4,0.0
2036,coral28,1,1153.5,1046.4,37.9,37.9,0.0
2036,coral29,1,1218.6,137.9,31.6,31.6,0.0
2036,coral30,1,1004.0,1289.8,37.9,37.9,0.0
2036,coral32,1,900.2,1452.2,29.4,29.4,0.0
2036,coral34,1,896.8,1105.5,31.4,31.4,0.0
2036,coral35,1,-127.5,1035.8,18.0,18.0,0.0
2036,coral37,1,-137.0,1998.1,34.2,34.2,0.0
2036,coral38,1,-0.0,281.9,36.5,36.5,0.0
2036,coral42,1,1173.1,1343.5,18.8,18.8,0.0
2036,coral43,1,962.6,548.8,28.1,28.1,0.0
2036,coral45,1,-100.2,1379.8,27.9,27.9,0.0
2036,coral47,1,1207.0,667.2,28.4,28.4,0.0
2036,coral48,1,1221.8,2136.7,28.9,28.9,0.0
2036,coral51,1,383.2,637.0,23.2,23.2,0.0
2036,coral53,1,891.6,-83.6,21.8,21.8,0.0
2036,coral54,1,1226.3,1750.5,21.7,21.7,0.0
2036,coral55,1,16.6,1515.0,29.9,29.9,0.0
2036,coral56,1,-126.2,-242.5,32.7,32.7,0.0
2036,coral57,1,909.5,1829.0,32.3,32.3,0.0
2036,coral58,1,120.0,47.9,29.4,29.4,0.0
2036,coral59,1,333.5,919.1,33.5,33.5,0.0
2036,manta,2,678.5,850.1,184.5,184.5,0.0
2036,turtle0,2,467.0,416.9,55.8,55.8,0.0
2036,turtle1,2,629.6,2068.8,55.8,55.8,0.0
2036,turtle2,2,1020.2,-33.9,55.8,55.8,0.0
2036,school0,2,673.1,539.7,121.5,121.5,0.0
2036,school1,2,652.5,136.3,121.5,121.5,0.0
2036,boat,4,555.0,1180.0,61.2,154.8,0.0
2038,island0,5,162.0,1209.1,261.0,261.0,0.0
2038,island1,5,1055.2,1646.5,145.2,145.2,0.0
2038,island2,5,162.0,1848.1,234.9,234.9,0.0
2038,island3,5,1087.8,1965.1,163.7,163.7,0.0
2038,island7,5,126.0,552.1,182.7,182.7,0.0
2038,island8,5,1009.5,777.1,156.6,156.6,0.0
2038,island11,5,271.5,-122.9,156.6,156.6,0.0
2038,coral1,1,261.7,1543.4,21.3,21.3,0.0
2038,coral2,1,1112.9,342.8,28.8,28.8,0.0
2038,coral3,1,1175.1,-160.5,30.8,30.8,0.0
2038,coral4,1,-89.5,2182.0,26.9,26.9,0.0
2038,coral5,1,-38.3,119.9,26.1,26.1,0.0
2038,coral7,1,-143.3,409.6,40.8,40.8,0.0
2038,coral9,1,936.4,248.2,22.4,22.4,0.0
2038,coral10,1,1124.6,518.9,17.6,17.6,0.0
2038,coral11,1,183.5,2157.3,31.7,31.7,0.0
2038,coral13,1,1009.8,-190.0,36.7,36.7,0.0
2038,coral16,1,217.5,776.9,32.2,32.2,0.0
2038,coral17,1,181.4,220.3,25.0,25.0,0.0
2038,coral18,1,80.4,-237.6,28.9,28.9,0.0
2038,coral19,1,-86.4,-61.0,27.2,27.2,0.0
2038,coral22,1,-7.5,913.1,33.2,33.2,0.0
2038,coral23,1,379.1,114.6,18.2,18.2,0.0
2038,coral24,1,341.5,2076.7,29.4,29.4,0.0
2038,coral25,1,-158.5,799.5,37.2,37.2,0.0
2038,coral26,1,1226.4,845.0,34.4,34.4,0.0
2038,coral28,1,1153.5,1053.6,37.9,37.9,0.0
2038,coral29,1,1218.6,145.0,31.6,31.6,0.0
2038,coral30,1,1004.0,1297.0,37.9,37.9,0.0
2038,coral32,1,900.2,1459.3,29.4,29.4,0.0
2038,coral34,1,896.8,1112.7,31.4,31.4,0.0
2038,coral35,1,-127.5,1043.0,18.0,18.0,0.0
2038,coral37,1,-137.0,2005.3,34.2,34.2,0.0
2038,coral38,1,-0.0,289.1,36.5,36.5,0.0
2038,coral42,1,1173.1,1350.6,18.8,18.8,0.0
2038,coral43,1,962.6,555.9,28.1,28.1,0.0
2038,coral45,1,-100.2,1387.0,27.9,27.9,0.0
2038,coral47,1,1207.0,674.3,28.4,28.4,0.0
2038,coral48,1,1221.8,2143.9,28.9,28.9,0.0
2038,coral51,1,383.2,644.1,23.2,23.2,0.0
2038,coral53,1,891.6,-76.5,21.8,21.8,0.0
2038,coral54,1,1226.3,1757.6,21.7,21.7,0.0
2038,coral55,1,16.6,1522.1,29.9,29.9,0.0
2038,coral56,1,-126.2,-235.4,32.7,32.7,0.0
2038,coral57,1,909.5,1836.1,32.3,32.3,0.0
2038,coral58,1,120.0,55.0,29.4,29.4,0.0
2038,coral59,1,333.5,926.2,33.5,33.5,0.0
2038,manta,2,678.1,852.0,184.5,184.5,0.0
2038,turtle0,2,465.6,420.4,55.8,55.8,0.0
2038,turtle1,2,630.9,2073.3,55.8,55.8,0.0
2038,turtle2,2,1020.2,-26.7,55.8,55.8,0.0
2038,school0,2,674.3,541.6,121.5,121.5,0.0
2038,school1,2,654.3,138.5,121.5,121.5,0.0
2038,boat,4,555.0,1180.0,61.2,154.8,0.0
2040,island0,5,162.0,1216.2,261.0,261.0,0.0
2040,island1,5,1055.2,1653.6,145.2,145.2,0.0
2040,island2,5,162.0,1855.2,234.9,234.9,0.0
2040,island3,5,1087.8,1972.2,163.7,163.7,0.0
2040,island7,5,126.0,559.2,182.7,182.7,0.0
2040,island8,5,1009.5,784.2,156.6,156.6,0.0
2040,island11,5,271.5,-115.8,156.6,156.6,0.0
2040,coral1,1,261.7,1550.6,21.3,21.3,0.0
2040,coral2,1,1112.9,349.9,28.8,28.8,0.0
2040,coral3,1,1175.1,-153.4,30.8,30.8,0.0
2040,coral4,1,-89.5,2189.1,26.9,26.9,0.0
2040,coral5,1,-38.3,127.1,26.1,26.1,0.0
2040,coral7,1,-143.3,416.7,40.8,40.8,0.0
2040,coral9,1,936.4,255.4,22.4,22.4,0.0
2040,coral10,1,1124.6,526.1,17.6,17.6,0.0
2040,coral11,1,183.5,2164.5,31.7,31.7,0.0
2040,coral13,1,1009.8,-182.8,36.7,36.7,0.0
2040,coral16,1,217.5,784.1,32.2,32.2,0.0
2040,coral17,1,181.4,227.5,25.0,25.0,0.0
2040,coral18,1,80.4,-230.5,28.9,28.9,0.0
2040,coral19,1,-86.4,-53.9,27.2,27.2,0.0
2040,coral22,1,-7.5,920.2,33.2,33.2,0.0
2040,coral23,1,379.1,121.7,18.2,18.2,0.0
2040,coral24,1,341.5,2083.8,29.4,29.4,0.0
2040,coral25,1,-158.5,806.6,37.2,37.2,0.0
2040,coral26,1,1226.4,852.1,34.4,34.4,0.0
2040,coral28,1,1153.5,1060.7,37.9,37.9,0.0
2040,coral29,1,1218.6,152.2,31.6,31.6,0.0
2040,coral30,1,1004.0,1304.2,37.9,37.9,0.0
2040,coral32,1,900.2,1466.5,29.4,29.4,0.0
2040,coral34,1,896.8,1119.8,31.4,31.4,0.0
2040,coral35,1,-127.5,1050.2,18.0,18.0,0.0
2040,coral37,1,-137.0,2012.4,34.2,34.2,0.0
2040,coral38,1,-0.0,296.3,36.5,36.5,0.0
2040,coral42,1,1173.1,1357.8,18.8,18.8,0.0
2040,coral43,1,962.6,563.1,28.1,28.1,0.0
2040,coral45,1,-100.2,1394.1,27.9,27.9,0.0
2040,coral47,1,1207.0,681.5,28.4,28.4,0.0
2040,coral48,1,1221.8,2151.0,28.9,28.9,0.0
2040,coral51,1,383.2,651.3,23.2,23.2,0.0
2040,coral53,1,891.6,-69.3,21.8,21.8,0.0
2040,coral54,1,1226.3,1764.8,21.7,21.7,0.0
2040,coral55,1,16.6,1529.3,29.9,29.9,0.0
2040,coral56,1,-126.2,-228.2,32.7,32.7,0.0
2040,coral57,1,909.5,1843.3,32.3,32.3,0.0
2040,coral58,1,120.0,62.2,29.4,29.4,0.0
2040,coral59,1,333.5,933.4,33.5,33.5,0.0
2040,manta,2,677.8,853.9,184.5,184.5,0.0
2040,turtle0,2,464.2,423.9,55.8,55.8,0.0
2040,turtle1,2,632.3,2077.9,55.8,55.8,0.0
2040,turtle2,2,1020.2,-19.6,55.8,55.8,0.0
2040,school0,2,675.4,543.5,121.5,121.5,0.0
2040,school1,2,656.3,140.6,121.5,121.5,0.0
2040,boat,4,555.0,1180.0,61.2,154.8,0.0
2042,island0,5,162.0,1223.4,261.0,261.0,0.0
2042,island1,5,1055.2,1660.8,145.2,145.2,0.0
2042,island2,5,162.0,1862.4,234.9,234.9,0.0
2042,island3,5,1087.8,1979.4,163.7,163.7,0.0
2042,island7,5,126.0,566.4,182.7,182.7,0.0
2042,island8,5,1009.5,791.4,156.6,156.6,0.0
2042,island11,5,271.5,-108.6,156.6,156.6,0.0
2042,coral1,1,261.7,1557.7,21.3,21.3,0.0
2042,coral2,1,1112.9,357.1,28.8,28.8,0.0
2042,coral3,1,1175.1,-146.2,30.8,30.8,0.0
2042,coral4,1,-89.5,2196.3,26.9,26.9,0.0
2042,coral5,1,-38.3,134.2,26.1,26.1,0.0
2042,coral7,1,-143.3,423.9,40.8,40.8,0.0
2042,coral9,1,936.4,262.6,22.4,22.4,0.0
2042,coral10,1,1124.6,533.2,17.6,17.6,0.0
2042,coral11,1,183.5,2171.6,31.7,31.7,0.0
2042,coral13,1,1009.8,-175.7,36.7,36.7,0.0
2042,coral16,1,217.5,791.3,32.2,32.2,0.0
2042,coral17,1,181.4,234.6,25.0,25.0,0.0
2042,coral18,1,80.4,-223.3,28.9,28.9,0.0
2042,coral19,1,-86.4,-46.7,27.2,27.2,0.0
2042,coral22,1,-7.5,927.4,33.2,33.2,0.0
2042,coral23,1,379.1,128.9,18.2,18.2,0.0
2042,coral24,1,341.5,2091.0,29.4,29.4,0.0
2042,coral25,1,-158.5,813.8,37.2,37.2,0.0
2042,coral26,1,1226.4,859.3,34.4,34.4,0.0
2042,coral28,1,1153.5,1067.9,37.9,37.9,0.0
2042,coral29,1,1218.6,159.3,31.6,31.6,0.0
2042,coral30,1,1004.0,1311.3,37.9,37.9,0.0
2042,coral32,1,900.2,1473.6,29.4,29.4,0.0
2042,coral34,1,896.8,1127.0,31.4,31.4,0.0
2042,coral35,1,-127.5,1057.3,18.0,18.0,0.0
2042,coral37,1,-137.0,2019.6,34.2,34.2,0.0
2042,coral38,1,-0.0,303.4,36.5,36.5,0.0
2042,coral42,1,1173.1,1365.0,18.8,18.8,0.0
2042,coral43,1,962.6,570.2,28.1,28.1,0.0
2042,coral45,1,-100.2,1401.3,27.9,27.9,0.0
2042,coral47,1,1207.0,688.6,28.4,28.4,0.0
2042,coral48,1,1221.8,2158.2,28.9,28.9,0.0
2042,coral51,1,383.2,658.4,23.2,23.2,0.0
2042,coral53,1,891.6,-62.2,21.8,21.8,0.0
2042,coral54,1,1226.3,1771.9,21.7,21.7,0.0
2042,coral55,1,16.6,1536.4,29.9,29.9,0.0
2042,coral56,1,-126.2,-221.1,32.7,32.7,0.0
2042,coral57,1,909.5,1850.5,32.3,32.3,0.0
2042,coral58,1,120.0,69.3,29.4,29.4,0.0
2042,coral59,1,333.5,940.5,33.5,33.5,0.0
2042,manta,2,677.4,855.8,184.5,184.5,0.0
2042,turtle0,2,462.7,427.3,55.8,55.8,0.0
2042,turtle1,2,633.7,2082.4,55.8,55.8,0.0
2042,turtle2,2,1020.2,-12.4,55.8,55.8,0.0
2042,school0,2,676.7,545.4,121.5,121.5,0.0
2042,school1,2,658.4,142.8,121.5,121.5,0.0
2042,boat,4,555.0,1180.0,61.2,154.8,0.0
2044,island0,5,162.0,1230.5,261.0,261.0,0.0
2044,island1,5,1055.2,1667.9,145.2,145.2,0.0
2044,island2,5,162.0,1869.5,234.9,234.9,0.0
2044,island3,5,1087.8,1986.5,163.7,163.7,0.0
2044,island7,5,126.0,573.5,182.7,182.7,0.0
2044,island8,5,1009.5,798.5,156.6,156.6,0.0
2044,island11,5,271.5,-101.5,156.6,156.6,0.0
2044,coral1,1,261.7,1564.9,21.3,21.3,0.0
2044,coral2,1,1112.9,364.3,28.8,28.8,0.0
2044,coral3,1,1175.1,-139.0,30.8,30.8,0.0
2044,coral4,1,-89.5,2203.4,26.9,26.9,0.0
2044,coral5,1,-38.3,141.4,26.1,26.1,0.0
2044,coral7,1,-143.3,431.1,40.8,40.8,0.0
2044,coral9,1,936.4,269.7,22.4,22.4,0.0
2044,coral10,1,1124.6,540.4,17.6,17.6,0.0
2044,coral11,1,183.5,2178.8,31.7,31.7,0.0
2044,coral13,1,1009.8,-168.5,36.7,36.7,0.0
2044,coral16,1,217.5,798.4,32.2,32.2,0.0
2044,coral17,1,181.4,241.8,25.0,25.0,0.0
2044,coral18,1,80.4,-216.2,28.9,28.9,0.0
2044,coral19,1,-86.4,-39.6,27.2,27.2,0.0
2044,coral22,1,-7.5,934.5,33.2,33.2,0.0
2044,coral23,1,379.1,136.1,18.2,18.2,0.0
2044,coral24,1,341.5,2098.2,29.4,29.4,0.0
2044,coral25,1,-158.5,820.9,37.2,37.2,0.0
2044,coral26,1,1226.4,866.5,34.4,34.4,0.0
2044,coral28,1,1153.5,1075.0,37.9,37.9,0.0
2044,coral29,1,1218.6,166.5,31.6,31.6,0.0
2044,coral30,1,1004.0,1318.5,37.9,37.9,0.0
2044,coral32,1,900.2,1480.8,29.4,29.4,0.0
2044,coral34,1,896.8,1134.1,31.4,31.4,0.0
2044,coral35,1,-127.5,1064.5,18.0,18.0,0.0
2044,coral37,1,-137.0,2026.8,34.2,34.2,0.0
2044,coral38,1,-0.0,310.6,36.5,36.5,0.0
2044,coral42,1,1173.1,1372.1,18.8,18.8,0.0
2044,coral43,1,962.6,577.4,28.1,28.1,0.0
2044,coral45,1,-100.2,1408.5,27.9,27.9,0.0
2044,coral47,1,1207.0,695.8,28.4,28.4,0.0
2044,coral48,1,1221.8,2165.3,28.9,28.9,0.0
2044,coral51,1,383.2,665.6,23.2,23.2,0.0
2044,coral53,1,891.6,-55.0,21.8,21.8,0.0
2044,coral54,1,1226.3,1779.1,21.7,21.7,0.0
2044,coral55,1,16.6,1543.6,29.9,29.9,0.0
2044,coral56,1,-126.2,-213.9,32.7,32.7,0.0
2044,coral57,1,909.5,1857.6,32.3,32.3,0.0
2044,coral58,1,120.0,76.5,29.4,29.4,0.0
2044,coral59,1,333.5,947.7,33.5,33.5,0.0
2044,manta,2,677.1,857.7,184.5,184.5,0.0
2044,turtle0,2,461.3,430.8,55.8,55.8,0.0
2044,turtle1,2,635.0,2086.9,55.8,55.8,0.0
2044,turtle2,2,1020.2,-5.3,55.8,55.8,0.0
2044,school0,2,677.9,547.3,121.5,121.5,0.0
2044,school1,2,660.6,145.1,121.5,121.5,0.0
2044,boat,4,555.0,1180.0,61.2,154.8,0.0
2046,island0,5,162.0,1237.7,261.0,261.0,0.0
2046,island1,5,1055.2,1675.1,145.2,145.2,0.0
2046,island2,5,162.0,1876.7,234.9,234.9,0.0
2046,island3,5,1087.8,1993.7,163.7,163.7,0.0
2046,island7,5,126.0,580.7,182.7,182.7,0.0
2046,island8,5,1009.5,805.7,156.6,156.6,0.0
2046,island11,5,271.5,-94.3,156.6,156.6,0.0
2046,coral1,1,261.7,1572.1,21.3,21.3,0.0
2046,coral2,1,1112.9,371.4,28.8,28.8,0.0
2046,coral3,1,1175.1,-131.9,30.8,30.8,0.0
2046,coral4,1,-89.5,2210.6,26.9,26.9,0.0
2046,coral5,1,-38.3,148.5,26.1,26.1,0.0
2046,coral7,1,-143.3,438.2,40.8,40.8,0.0
2046,coral9,1,936.4,276.9,22.4,22.4,0.0
2046,coral10,1,1124.6,547.5,17.6,17.6,0.0
2046,coral11,1,183.5,2186.0,31.7,31.7,0.0
2046,coral13,1,1009.8,-161.4,36.7,36.7,0.0
2046,coral16,1,217.5,805.6,32.2,32.2,0.0
2046,coral17,1,181.4,248.9,25.0,25.0,0.0
2046,coral18,1,80.4,-209.0,28.9,28.9,0.0
2046,coral19,1,-86.4,-32.4,27.2,27.2,0.0
2046,coral22,1,-7.5,941.7,33.2,33.2,0.0
2046,coral23,1,379.1,143.2,18.2,18.2,0.0
2046,coral24,1,341.5,2105.3,29.4,29.4,0.0
2046,coral25,1,-158.5,828.1,37.2,37.2,0.0
2046,coral26,1,1226.4,873.6,34.4,34.4,0.0
2046,coral28,1,1153.5,1082.2,37.9,37.9,0.0
2046,coral29,1,1218.6,173.6,31.6,31.6,0.0
2046,coral30,1,1004.0,1325.6,37.9,37.9,0.0
2046,coral32,1,900.2,1487.9,29.4,29.4,0.0
2046,coral34,1,896.8,1141.3,31.4,31.4,0.0
2046,coral35,1,-127.5,1071.6,18.0,18.0,0.0
2046,coral37,1,-137.0,2033.9,34.2,34.2,0.0
2046,coral38,1,-0.0,317.7,36.5,36.5,0.0
2046,coral42,1,1173.1,1379.3,18.8,18.8,0.0
2046,coral43,1,962.6,584.5,28.1,28.1,0.0
2046,coral45,1,-100.2,1415.6,27.9,27.9,0.0
2046,coral47,1,1207.0,702.9,28.4,28.4,0.0
2046,coral48,1,1221.8,2172.5,28.9,28.9,0.0
2046,coral51,1,383.2,672.8,23.2,23.2,0.0
2046,coral53,1,891.6,-47.9,21.8,21.8,0.0
2046,coral54,1,1226.3,1786.2,21.7,21.7,0.0
2046,coral55,1,16.6,1550.7,29.9,29.9,0.0
2046,coral56,1,-126.2,-206.8,32.7,32.7,0.0
2046,coral57,1,909.5,1864.8,32.3,32.3,0.0
2046,coral58,1,120.0,83.6,29.4,29.4,0.0
2046,coral59,1,333.5,954.8,33.5,33.5,0.0
2046,manta,2,676.9,859.6,184.5,184.5,0.0
2046,turtle0,2,459.9,434.2,55.8,55.8,0.0
2046,turtle1,2,636.4,2091.4,55.8,55.8,0.0
2046,turtle2,2,1020.2,1.9,55.8,55.8,0.0
2046,school0,2,679.2,549.2,121.5,121.5,0.0
2046,school1,2,663.0,147.4,121.5,121.5,0.0
2046,boat,4,555.0,1180.0,61.2,154.8,0.0
2048,island0,5,162.0,1244.9,261.0,261.0,0.0
2048,island1,5,1055.2,1682.3,145.2,145.2,0.0
2048,island2,5,162.0,1883.9,234.9,234.9,0.0
2048,island3,5,1087.8,2000.9,163.7,163.7,0.0
2048,island7,5,126.0,587.9,182.7,182.7,0.0
2048,island8,5,1009.5,812.9,156.6,156.6,0.0
2048,island11,5,271.5,-87.1,156.6,156.6,0.0
2048,coral1,1,261.7,1579.2,21.3,21.3,0.0
2048,coral2,1,1112.9,378.6,28.8,28.8,0.0
2048,coral3,1,1175.1,-124.7,30.8,30.8,0.0
2048,coral4,1,-89.5,2217.7,26.9,26.9,0.0
2048,coral5,1,-38.3,155.7,26.1,26.1,0.0
2048,coral7,1,-143.3,445.4,40.8,40.8,0.0
2048,coral9,1,936.4,284.0,22.4,22.4,0.0
2048,coral10,1,1124.6,554.7,17.6,17.6,0.0
2048,coral11,1,183.5,2193.1,31.7,31.7,0.0
2048,coral13,1,1009.8,-154.2,36.7,36.7,0.0
2048,coral16,1,217.5,812.7,32.2,32.2,0.0
2048,coral17,1,181.4,256.1,25.0,25.0,0.0
2048,coral18,1,80.4,-201.9,28.9,28.9,0.0
2048,coral19,1,-86.4,-25.2,27.2,27.2,0.0
2048,coral22,1,-7.5,948.9,33.2,33.2,0.0
2048,coral23,1,379.1,150.4,18.2,18.2,0.0
2048,coral24,1,341.5,2112.5,29.4,29.4,0.0
2048,coral25,1,-158.5,835.2,37.2,37.2,0.0
2048,coral26,1,1226.4,880.8,34.4,34.4,0.0
2048,coral28,1,1153.5,1089.3,37.9,37.9,0.0
2048,coral29,1,1218.6,180.8,31.6,31.6,0.0
2048,coral30,1,1004.0,1332.8,37.9,37.9,0.0
2048,coral32,1,900.2,1495.1,29.4,29.4,0.0
2048,coral34,1,896.8,1148.4,31.4,31.4,0.0
2048,coral35,1,-127.5,1078.8,18.0,18.0,0.0
2048,coral37,1,-137.0,2041.1,34.2,34.2,0.0
2048,coral38,1,-0.0,324.9,36.5,36.5,0.0
2048,coral42,1,1173.1,1386.4,18.8,18.8,0.0
2048,coral43,1,962.6,591.7,28.1,28.1,0.0
2048,coral45,1,-100.2,1422.8,27.9,27.9,0.0
2048,coral47,1,1207.0,710.1,28.4,28.4,0.0
2048,coral48,1,1221.8,2179.6,28.9,28.9,0.0
2048,coral51,1,383.2,679.9,23.2,23.2,0.0
2048,coral53,1,891.6,-40.7,21.8,21.8,0.0
2048,coral54,1,1226.3,1793.4,21.7,21.7,0.0
2048,coral55,1,16.6,1557.9,29.9,29.9,0.0
2048,coral56,1,-126.2,-199.6,32.7,32.7,0.0
2048,coral57,1,909.5,1871.9,32.3,32.3,0.0
2048,coral58,1,120.0,90.8,29.4,29.4,0.0
2048,coral59,1,333.5,962.0,33.5,33.5,0.0
2048,manta,2,676.7,861.5,184.5,184.5,0.0
2048,turtle0,2,458.6,437.7,55.8,55.8,0.0
2048,turtle1,2,637.7,2095.8,55.8,55.8,0.0
2048,turtle2,2,1020.2,9.0,55.8,55.8,0.0
2048,school0,2,680.5,551.1,121.5,121.5,0.0
2048,school1,2,665.5,149.7,121.5,121.5,0.0
2048,boat,4,555.0,1180.0,61.2,154.8,0.0
2050,island0,5,162.0,1252.0,261.0,261.0,0.0
2050,island1,5,1055.2,1689.4,145.2,145.2,0.0
2050,island2,5,162.0,1891.0,234.9,234.9,0.0
2050,island3,5,1087.8,2008.0,163.7,163.7,0.0
2050,island7,5,126.0,595.0,182.7,182.7,0.0
2050,island8,5,1009.5,820.0,156.6,156.6,0.0
2050,island11,5,271.5,-80.0,156.6,156.6,0.0
2050,coral1,1,261.7,1586.4,21.3,21.3,0.0
2050,coral2,1,1112.9,385.7,28.8,28.8,0.0
2050,coral3,1,1175.1,-117.6,30.8,30.8,0.0
2050,coral5,1,-38.3,162.8,26.1,26.1,0.0
2050,coral7,1,-143.3,452.5,40.8,40.8,0.0
2050,coral9,1,936.4,291.2,22.4,22.4,0.0
2050,coral10,1,1124.6,561.8,17.6,17.6,0.0
2050,coral11,1,183.5,2200.3,31.7,31.7,0.0
2050,coral13,1,1009.8,-147.1,36.7,36.7,0.0
2050,coral16,1,217.5,819.9,32.2,32.2,0.0
2050,coral17,1,181.4,263.2,25.0,25.0,0.0
2050,coral18,1,80.4,-194.7,28.9,28.9,0.0
2050,coral19,1,-86.4,-18.1,27.2,27.2,0.0
2050,coral22,1,-7.5,956.0,33.2,33.2,0.0
2050,coral23,1,379.1,157.5,18.2,18.2,0.0
2050,coral24,1,341.5,2119.6,29.4,29.4,0.0
2050,coral25,1,-158.5,842.4,37.2,37.2,0.0
2050,coral26,1,1226.4,887.9,34.4,34.4,0.0
2050,coral28,1,1153.5,1096.5,37.9,37.9,0.0
2050,coral29,1,1218.6,187.9,31.6,31.6,0.0
2050,coral30,1,1004.0,1339.9,37.9,37.9,0.0
2050,coral32,1,900.2,1502.2,29.4,29.4,0.0
2050,coral34,1,896.8,1155.6,31.4,31.4,0.0
2050,coral35,1,-127.5,1085.9,18.0,18.0,0.0
2050,coral37,1,-137.0,2048.2,34.2,34.2,0.0
2050,coral38,1,-0.0,332.0,36.5,36.5,0.0
2050,coral42,1,1173.1,1393.6,18.8,18.8,0.0
2050,coral43,1,962.6,598.8,28.1,28.1,0.0
2050,coral45,1,-100.2,1429.9,27.9,27.9,0.0
2050,coral47,1,1207.0,717.2,28.4,28.4,0.0
2050,coral48,1,1221.8,2186.8,28.9,28.9,0.0
2050,coral51,1,383.2,687.1,23.2,23.2,0.0
2050,coral53,1,891.6,-33.6,21.8,21.8,0.0
2050,coral54,1,1226.3,1800.5,21.7,21.7,0.0
2050,coral55,1,16.6,1565.1,29.9,29.9,0.0
2050,coral56,1,-126.2,-192.5,32.7,32.7,0.0
2050,coral57,1,909.5,1879.1,32.3,32.3,0.0
2050,coral58,1,120.0,97.9,29.4,29.4,0.0
2050,coral59,1,333.5,969.2,33.5,33.5,0.0
2050,manta,2,676.5,863.4,184.5,184.5,0.0
2050,turtle0,2,457.2,441.1,55.8,55.8,0.0
2050,turtle1,2,639.0,2100.3,55.8,55.8,0.0
2050,turtle2,2,1020.2,16.2,55.8,55.8,0.0
2050,school0,2,681.9,553.0,121.5,121.5,0.0
2050,school1,2,668.1,152.2,121.5,121.5,0.0
2050,boat,4,555.0,1180.0,61.2,154.8,0.0
2052,island0,5,162.0,1259.2,261.0,261.0,0.0
2052,island1,5,1055.2,1696.6,145.2,145.2,0.0
2052,island2,5,162.0,1898.2,234.9,234.9,0.0
2052,island3,5,1087.8,2015.2,163.7,163.7,0.0
2052,island7,5,126.0,602.2,182.7,182.7,0.0
2052,island8,5,1009.5,827.2,156.6,156.6,0.0
2052,island11,5,271.5,-72.8,156.6,156.6,0.0
2052,coral1,1,261.7,1593.5,21.3,21.3,0.0
2052,coral2,1,1112.9,392.9,28.8,28.8,0.0
2052,coral3,1,1175.1,-110.4,30.8,30.8,0.0
2052,coral5,1,-38.3,170.0,26.1,26.1,0.0
2052,coral7,1,-143.3,459.7,40.8,40.8,0.0
2052,coral9,1,936.4,298.3,22.4,22.4,0.0
2052,coral10,1,1124.6,569.0,17.6,17.6,0.0
2052,coral11,1,183.5,2207.4,31.7,31.7,0.0
2052,coral13,1,1009.8,-139.9,36.7,36.7,0.0
2052,coral16,1,217.5,827.0,32.2,32.2,0.0
2052,coral17,1,181.4,270.4,25.0,25.0,0.0
2052,coral18,1,80.4,-187.6,28.9,28.9,0.0
2052,coral19,1,-86.4,-10.9,27.2,27.2,0.0
2052,coral22,1,-7.5,963.2,33.2,33.2,0.0
2052,coral23,1,379.1,164.7,18.2,18.2,0.0
2052,coral24,1,341.5,2126.8,29.4,29.4,0.0
2052,coral25,1,-158.5,849.6,37.2,37.2,0.0
2052,coral26,1,1226.4,895.1,34.4,34.4,0.0
2052,coral28,1,1153.5,1103.6,37.9,37.9,0.0
2052,coral29,1,1218.6,195.1,31.6,31.6,0.0
2052,coral30,1,1004.0,1347.1,37.9,37.9,0.0
2052,coral32,1,900.2,1509.4,29.4,29.4,0.0
2052,coral34,1,896.8,1162.7,31.4,31.4,0.0
2052,coral35,1,-127.5,1093.1,18.0,18.0,0.0
2052,coral37,1,-137.0,2055.4,34.2,34.2,0.0
2052,coral38,1,-0.0,339.2,36.5,36.5,0.0
2052,coral42,1,1173.1,1400.7,18.8,18.8,0.0
2052,coral43,1,962.6,606.0,28.1,28.1,0.0
2052,coral45,1,-100.2,1437.1,27.9,27.9,0.0
2052,coral47,1,1207.0,724.4,28.4,28.4,0.0
2052,coral48,1,1221.8,2194.0,28.9,28.9,0.0
2052,coral51,1,383.2,694.2,23.2,23.2,0.0
2052,coral53,1,891.6,-26.4,21.8,21.8,0.0
2052,coral54,1,1226.3,1807.7,21.7,21.7,0.0
2052,coral55,1,16.6,1572.2,29.9,29.9,0.0
2052,coral56,1,-126.2,-185.3,32.7,32.7,0.0
2052,coral57,1,909.5,1886.2,32.3,32.3,0.0
2052,coral58,1,120.0,105.1,29.4,29.4,0.0
2052,coral59,1,333.5,976.3,33.5,33.5,0.0
2052,manta,2,676.4,865.3,184.5,184.5,0.0
2052,turtle0,2,455.9,444.5,55.8,55.8,0.0
2052,turtle1,2,640.3,2104.8,55.8,55.8,0.0
2052,turtle2,2,1020.2,23.4,55.8,55.8,0.0
2052,school0,2,683.3,554.9,121.5,121.5,0.0
2052,school1,2,670.7,154.6,121.5,121.5,0.0
2052,boat,4,555.0,1180.0,61.2,154.8,0.0
2054,island0,5,162.0,1266.3,261.0,261.0,0.0
2054,island1,5,1055.2,1703.7,145.2,145.2,0.0
2054,island2,5,162.0,1905.3,234.9,234.9,0.0
2054,island3,5,1087.8,2022.3,163.7,163.7,0.0
2054,island7,5,126.0,609.3,182.7,182.7,0.0
2054,island8,5,1009.5,834.3,156.6,156.6,0.0
2054,island11,5,271.5,-65.7,156.6,156.6,0.0
2054,coral1,1,261.7,1600.7,21.3,21.3,0.0
2054,coral2,1,1112.9,400.0,28.8,28.8,0.0
2054,coral3,1,1175.1,-103.3,30.8,30.8,0.0
2054,coral5,1,-38.3,177.2,26.1,26.1,0.0
2054,coral7,1,-143.3,466.8,40.8,40.8,0.0
2054,coral9,1,936.4,305.5,22.4,22.4,0.0
2054,coral10,1,1124.6,576.1,17.6,17.6,0.0
2054,coral11,1,183.5,2214.6,31.7,31.7,0.0
2054,coral13,1,1009.8,-132.7,36.7,36.7,0.0
2054,coral16,1,217.5,834.2,32.2,32.2,0.0
2054,coral17,1,181.4,277.5,25.0,25.0,0.0
2054,coral18,1,80.4,-180.4,28.9,28.9,0.0
2054,coral19,1,-86.4,-3.8,27.2,27.2,0.0
2054,coral22,1,-7.5,970.3,33.2,33.2,0.0
2054,coral23,1,379.1,171.8,18.2,18.2,0.0
2054,coral24,1,341.5,2133.9,29.4,29.4,0.0
2054,coral25,1,-158.5,856.7,37.2,37.2,0.0
2054,coral26,1,1226.4,902.2,34.4,34.4,0.0
2054,coral28,1,1153.5,1110.8,37.9,37.9,0.0
2054,coral29,1,1218.6,202.2,31.6,31.6,0.0
2054,coral30,1,1004.0,1354.2,37.9,37.9,0.0
2054,coral32,1,900.2,1516.5,29.4,29.4,0.0
2054,coral34,1,896.8,1169.9,31.4,31.4,0.0
2054,coral35,1,-127.5,1100.2,18.0,18.0,0.0
2054,coral37,1,-137.0,2062.5,34.2,34.2,0.0
2054,coral38,1,-0.0,346.3,36.5,36.5,0.0
2054,coral42,1,1173.1,1407.9,18.8,18.8,0.0
2054,coral43,1,962.6,613.2,28.1,28.1,0.0
2054,coral45,1,-100.2,1444.2,27.9,27.9,0.0
2054,coral47,1,1207.0,731.6,28.4,28.4,0.0
2054,coral48,1,1221.8,2201.1,28.9,28.9,0.0
2054,coral51,1,383.2,701.4,23.2,23.2,0.0
2054,coral53,1,891.6,-19.3,21.8,21.8,0.0
2054,coral54,1,1226.3,1814.8,21.7,21.7,0.0
2054,coral55,1,16.6,1579.4,29.9,29.9,0.0
2054,coral56,1,-126.2,-178.1,32.7,32.7,0.0
2054,coral57,1,909.5,1893.4,32.3,32.3,0.0
2054,coral58,1,120.0,112.2,29.4,29.4,0.0
2054,coral59,1,333.5,983.5,33.5,33.5,0.0
2054,manta,2,676.3,867.2,184.5,184.5,0.0
2054,turtle0,2,454.6,447.9,55.8,55.8,0.0
2054,turtle1,2,641.6,2109.2,55.8,55.8,0.0
2054,turtle2,2,1020.2,30.5,55.8,55.8,0.0
2054,school0,2,684.7,556.9,121.5,121.5,0.0
2054,school1,2,673.4,157.1,121.5,121.5,0.0
2054,boat,4,555.0,1180.0,61.2,154.8,0.0
2056,island0,5,162.0,1273.5,261.0,261.0,0.0
2056,island1,5,1055.2,1710.9,145.2,145.2,0.0
2056,island2,5,162.0,1912.5,234.9,234.9,0.0
2056,island3,5,1087.8,2029.5,163.7,163.7,0.0
2056,island7,5,126.0,616.5,182.7,182.7,0.0
2056,island8,5,1009.5,841.5,156.6,156.6,0.0
2056,island11,5,271.5,-58.5,156.6,156.6,0.0
2056,coral1,1,261.7,1607.8,21.3,21.3,0.0
2056,coral2,1,1112.9,407.2,28.8,28.8,0.0
2056,coral3,1,1175.1,-96.1,30.8,30.8,0.0
2056,coral5,1,-38.3,184.3,26.1,26.1,0.0
2056,coral7,1,-143.3,474.0,40.8,40.8,0.0
2056,coral9,1,936.4,312.6,22.4,22.4,0.0
2056,coral10,1,1124.6,583.3,17.6,17.6,0.0
2056,coral13,1,1009.8,-125.6,36.7,36.7,0.0
2056,coral16,1,217.5,841.3,32.2,32.2,0.0
2056,coral17,1,181.4,284.7,25.0,25.0,0.0
2056,coral18,1,80.4,-173.2,28.9,28.9,0.0
2056,coral19,1,-86.4,3.4,27.2,27.2,0.0
2056,coral22,1,-7.5,977.5,33.2,33.2,0.0
2056,coral23,1,379.1,179.0,18.2,18.2,0.0
2056,coral24,1,341.5,2141.1,29.4,29.4,0.0
2056,coral25,1,-158.5,863.9,37.2,37.2,0.0
2056,coral26,1,1226.4,909.4,34.4,34.4,0.0
2056,coral28,1,1153.5,1118.0,37.9,37.9,0.0
2056,coral29,1,1218.6,209.4,31.6,31.6,0.0
2056,coral30,1,1004.0,1361.4,37.9,37.9,0.0
2056,coral32,1,900.2,1523.7,29.4,29.4,0.0
2056,coral34,1,896.8,1177.0,31.4,31.4,0.0
2056,coral35,1,-127.5,1107.4,18.0,18.0,0.0
2056,coral37,1,-137.0,2069.7,34.2,34.2,0.0
2056,coral38,1,-0.0,353.5,36.5,36.5,0.0
2056,coral42,1,1173.1,1415.0,18.8,18.8,0.0
2056,coral43,1,962.6,620.3,28.1,28.1,0.0
2056,coral45,1,-100.2,1451.4,27.9,27.9,0.0
2056,coral47,1,1207.0,738.7,28.4,28.4,0.0
2056,coral48,1,1221.8,2208.3,28.9,28.9,0.0
2056,coral51,1,383.2,708.5,23.2,23.2,0.0
2056,coral53,1,891.6,-12.1,21.8,21.8,0.0
2056,coral54,1,1226.3,1822.0,21.7,21.7,0.0
2056,coral55,1,16.6,1586.5,29.9,29.9,0.0
2056,coral56,1,-126.2,-171.0,32.7,32.7,0.0
2056,coral57,1,909.5,1900.5,32.3,32.3,0.0
2056,coral58,1,120.0,119.4,29.4,29.4,0.0
2056,coral59,1,333.5,990.6,33.5,33.5,0.0
2056,manta,2,676.4,869.1,184.5,184.5,0.0
2056,turtle0,2,453.3,451.3,55.8,55.8,0.0
2056,turtle1,2,642.8,2113.7,55.8,55.8,0.0
2056,turtle2,2,1020.2,37.7,55.8,55.8,0.0
2056,school0,2,686.1,558.8,121.5,121.5,0.0
2056,school1,2,676.2,159.6,121.5,121.5,0.0
2056,boat,4,555.0,1180.0,61.2,154.8,0.0
2058,island0,5,162.0,1280.6,261.0,261.0,0.0
2058,island1,5,1055.2,1718.0,145.2,145.2,0.0
2058,island2,5,162.0,1919.6,234.9,234.9,0.0
2058,island3,5,1087.8,2036.6,163.7,163.7,0.0
2058,island7,5,126.0,623.6,182.7,182.7,0.0
2058,island8,5,1009.5,848.6,156.6,156.6,0.0
2058,island11,5,271.5,-51.4,156.6,156.6,0.0
2058,coral1,1,261.7,1615.0,21.3,21.3,0.0
2058,coral2,1,1112.9,414.3,28.8,28.8,0.0
2058,coral3,1,1175.1,-89.0,30.8,30.8,0.0
2058,coral5,1,-38.3,191.5,26.1,26.1,0.0
2058,coral7,1,-143.3,481.1,40.8,40.8,0.0
2058,coral8,1,1205.7,-299.3,36.0,36.0,0.0
2058,coral9,1,936.4,319.8,22.4,22.4,0.0
2058,coral10,1,1124.6,590.5,17.6,17.6,0.0
2058,coral13,1,1009.8,-118.4,36.7,36.7,0.0
2058,coral16,1,217.5,848.5,32.2,32.2,0.0
2058,coral17,1,181.4,291.9,25.0,25.0,0.0
2058,coral18,1,80.4,-166.1,28.9,28.9,0.0
2058,coral19,1,-86.4,10.5,27.2,27.2,0.0
2058,coral22,1,-7.5,984.6,33.2,33.2,0.0
2058,coral23,1,379.1,186.1,18.2,18.2,0.0
2058,coral24,1,341.5,2148.2,29.4,29.4,0.0
2058,coral25,1,-158.5,871.0,37.2,37.2,0.0
2058,coral26,1,1226.4,916.5,34.4,34.4,0.0
2058,coral28,1,1153.5,1125.1,37.9,37.9,0.0
2058,coral29,1,1218.6,216.6,31.6,31.6,0.0
2058,coral30,1,1004.0,1368.5,37.9,37.9,0.0
2058,coral32,1,900.2,1530.9,29.4,29.4,0.0
2058,coral34,1,896.8,1184.2,31.4,31.4,0.0
2058,coral35,1,-127.5,1114.5,18.0,18.0,0.0
2058,coral37,1,-137.0,2076.8,34.2,34.2,0.0
2058,coral38,1,-0.0,360.6,36.5,36.5,0.0
2058,coral42,1,1173.1,1422.2,18.8,18.8,0.0
2058,coral43,1,962.6,627.5,28.1,28.1,0.0
2058,coral45,1,-100.2,1458.5,27.9,27.9,0.0
2058,coral47,1,1207.0,745.9,28.4,28.4,0.0
2058,coral48,1,1221.8,2215.4,28.9,28.9,0.0
2058,coral51,1,383.2,715.7,23.2,23.2,0.0
2058,coral53,1,891.6,-4.9,21.8,21.8,0.0
2058,coral54,1,1226.3,1829.2,21.7,21.7,0.0
2058,coral55,1,16.6,1593.7,29.9,29.9,0.0
2058,coral56,1,-126.2,-163.8,32.7,32.7,0.0
2058,coral57,1,909.5,1907.7,32.3,32.3,0.0
2058,coral58,1,120.0,126.6,29.4,29.4,0.0
2058,coral59,1,333.5,997.8,33.5,33.5,0.0
2058,manta,2,676.4,871.0,184.5,184.5,0.0
2058,turtle0,2,452.1,454.7,55.8,55.8,0.0
2058,turtle1,2,644.1,2118.1,55.8,55.8,0.0
2058,turtle2,2,1020.2,44.8,55.8,55.8,0.0
2058,school0,2,687.6,560.8,121.5,121.5,0.0
2058,school1,2,678.9,162.1,121.5,121.5,0.0
2058,boat,4,555.0,1180.0,61.2,154.8,0.0
2060,island0,5,162.0,1287.8,261.0,261.0,0.0
2060,island1,5,1055.2,1725.2,145.2,145.2,0.0
2060,island2,5,162.0,1926.8,234.9,234.9,0.0
2060,island3,5,1087.8,2043.8,163.7,163.7,0.0
2060,island7,5,126.0,630.8,182.7,182.7,0.0
2060,island8,5,1009.5,855.8,156.6,156.6,0.0
2060,island11,5,271.5,-44.2,156.6,156.6,0.0
2060,coral1,1,261.7,1622.1,21.3,21.3,0.0
2060,coral2,1,1112.9,421.5,28.8,28.8,0.0
2060,coral3,1,1175.1,-81.8,30.8,30.8,0.0
2060,coral5,1,-38.3,198.6,26.1,26.1,0.0
2060,coral7,1,-143.3,488.3,40.8,40.8,0.0
2060,coral8,1,1205.7,-292.2,36.0,36.0,0.0
2060,coral9,1,936.4,326.9,22.4,22.4,0.0
2060,coral10,1,1124.6,597.6,17.6,17.6,0.0
2060,coral13,1,1009.8,-111.3,36.7,36.7,0.0
2060,coral16,1,217.5,855.6,32.2,32.2,0.0
2060,coral17,1,181.4,299.0,25.0,25.0,0.0
2060,coral18,1,80.4,-158.9,28.9,28.9,0.0
2060,coral19,1,-86.4,17.7,27.2,27.2,0.0
2060,coral22,1,-7.5,991.8,33.2,33.2,0.0
2060,coral23,1,379.1,193.3,18.2,18.2,0.0
2060,coral24,1,341.5,2155.4,29.4,29.4,0.0
2060,coral25,1,-158.5,878.2,37.2,37.2,0.0
2060,coral26,1,1226.4,923.7,34.4,34.4,0.0
2060,coral28,1,1153.5,1132.3,37.9,37.9,0.0
2060,coral29,1,1218.6,223.7,31.6,31.6,0.0
2060,coral30,1,1004.0,1375.7,37.9,37.9,0.0
2060,coral32,1,900.2,1538.0,29.4,29.4,0.0
2060,coral34,1,896.8,1191.3,31.4,31.4,0.0
2060,coral35,1,-127.5,1121.7,18.0,18.0,0.0
2060,coral37,1,-137.0,2084.0,34.2,34.2,0.0
2060,coral38,1,-0.0,367.8,36.5,36.5,0.0
2060,coral42,1,1173.1,1429.3,18.8,18.8,0.0
2060,coral43,1,962.6,634.6,28.1,28.1,0.0
2060,coral45,1,-100.2,1465.7,27.9,27.9,0.0
2060,coral47,1,1207.0,753.0,28.4,28.4,0.0
2060,coral51,1,383.2,722.8,23.2,23.2,0.0
2060,coral53,1,891.6,2.2,21.8,21.8,0.0
2060,coral54,1,1226.3,1836.3,21.7,21.7,0.0
2060,coral55,1,16.6,1600.8,29.9,29.9,0.0
2060,coral56,1,-126.2,-156.7,32.7,32.7,0.0
2060,coral57,1,909.5,1914.8,32.3,32.3,0.0
2060,coral58,1,120.0,133.7,29.4,29.4,0.0
2060,coral59,1,333.5,1004.9,33.5,33.5,0.0
2060,manta,2,676.6,872.9,184.5,184.5,0.0
2060,turtle0,2,450.8,458.1,55.8,55.8,0.0
2060,turtle1,2,645.3,2122.5,55.8,55.8,0.0
2060,turtle2,2,1020.2,52.0,55.8,55.8,0.0
2060,school0,2,689.0,562.7,121.5,121.5,0.0
2060,school1,2,681.7,164.6,121.5,121.5,0.0
2060,boat,4,555.0,1180.0,61.2,154.8,0.0
2062,island0,5,162.0,1294.9,261.0,261.0,0.0
2062,island1,5,1055.2,1732.3,145.2,145.2,0.0
2062,island2,5,162.0,1933.9,234.9,234.9,0.0
2062,island3,5,1087.8,2050.9,163.7,163.7,0.0
2062,island7,5,126.0,637.9,182.7,182.7,0.0
2062,island8,5,1009.5,862.9,156.6,156.6,0.0
2062,island11,5,271.5,-37.1,156.6,156.6,0.0
2062,coral1,1,261.7,1629.3,21.3,21.3,0.0
2062,coral2,1,1112.9,428.6,28.8,28.8,0.0
2062,coral3,1,1175.1,-74.7,30.8,30.8,0.0
2062,coral5,1,-38.3,205.8,26.1,26.1,0.0
2062,coral7,1,-143.3,495.4,40.8,40.8,0.0
2062,coral8,1,1205.7,-285.0,36.0,36.0,0.0
2062,coral9,1,936.4,334.1,22.4,22.4,0.0
2062,coral10,1,1124.6,604.8,17.6,17.6,0.0
2062,coral13,1,1009.8,-104.1,36.7,36.7,0.0
2062,coral16,1,217.5,862.8,32.2,32.2,0.0
2062,coral17,1,181.4,306.2,25.0,25.0,0.0
2062,coral18,1,80.4,-151.8,28.9,28.9,0.0
2062,coral19,1,-86.4,24.8,27.2,27.2,0.0
2062,coral22,1,-7.5,998.9,33.2,33.2,0.0
2062,coral23,1,379.1,200.4,18.2,18.2,0.0
2062,coral24,1,341.5,2162.5,29.4,29.4,0.0
2062,coral25,1,-158.5,885.3,37.2,37.2,0.0
2062,coral26,1,1226.4,930.8,34.4,34.4,0.0
2062,coral28,1,1153.5,1139.4,37.9,37.9,0.0
2062,coral29,1,1218.6,230.9,31.6,31.6,0.0
2062,coral30,1,1004.0,1382.9,37.9,37.9,0.0
2062,coral32,1,900.2,1545.2,29.4,29.4,0.0
2062,coral34,1,896.8,1198.5,31.4,31.4,0.0
2062,coral35,1,-127.5,1128.9,18.0,18.0,0.0
2062,coral37,1,-137.0,2091.1,34.2,34.2,0.0
2062,coral38,1,-0.0,374.9,36.5,36.5,0.0
2062,coral42,1,1173.1,1436.5,18.8,18.8,0.0
2062,coral43,1,962.6,641.8,28.1,28.1,0.0
2062,coral45,1,-100.2,1472.8,27.9,27.9,0.0
2062,coral47,1,1207.0,760.2,28.4,28.4,0.0
2062,coral51,1,383.2,730.0,23.2,23.2,0.0
2062,coral53,1,891.6,9.4,21.8,21.8,0.0
2062,coral54,1,1226.3,1843.5,21.7,21.7,0.0
2062,coral55,1,16.6,1608.0,29.9,29.9,0.0
2062,coral56,1,-126.2,-149.5,32.7,32.7,0.0
2062,coral57,1,909.5,1922.0,32.3,32.3,0.0
2062,coral58,1,120.0,140.9,29.4,29.4,0.0
2062,coral59,1,333.5,1012.1,33.5,33.5,0.0
2062,manta,2,676.8,874.8,184.5,184.5,0.0
2062,turtle0,2,449.6,461.5,55.8,55.8,0.0
2062,turtle1,2,646.6,2126.9,55.8,55.8,0.0
2062,turtle2,2,1020.2,59.1,55.8,55.8,0.0
2062,school0,2,690.5,564.7,121.5,121.5,0.0
2062,school1,2,684.4,167.1,121.5,121.5,0.0
2062,boat,4,555.0,1180.0,61.2,154.8,0.0
2064,island0,5,162.0,1302.1,261.0,261.0,0.0
2064,island1,5,1055.2,1739.5,145.2,145.2,0.0
2064,island2,5,162.0,1941.1,234.9,234.9,0.0
2064,island3,5,1087.8,2058.1,163.7,163.7,0.0
2064,island7,5,126.0,645.1,182.7,182.7,0.0
2064,island8,5,1009.5,870.1,156.6,156.6,0.0
2064,island11,5,271.5,-29.9,156.6,156.6,0.0
2064,coral1,1,261.7,1636.4,21.3,21.3,0.0
2064,coral2,1,1112.9,435.8,28.8,28.8,0.0
2064,coral3,1,1175.1,-67.5,30.8,30.8,0.0
2064,coral5,1,-38.3,212.9,26.1,26.1,0.0
2064,coral7,1,-143.3,502.6,40.8,40.8,0.0
2064,coral8,1,1205.7,-277.9,36.0,36.0,0.0
2064,coral9,1,936.4,341.2,22.4,22.4,0.0
2064,coral10,1,1124.6,611.9,17.6,17.6,0.0
2064,coral12,1,320.4,-297.9,28.5,28.5,0.0
2064,coral13,1,1009.8,-97.0,36.7,36.7,0.0
2064,coral16,1,217.5,870.0,32.2,32.2,0.0
2064,coral17,1,181.4,313.3,25.0,25.0,0.0
2064,coral18,1,80.4,-144.6,28.9,28.9,0.0
2064,coral19,1,-86.4,32.0,27.2,27.2,0.0
2064,coral22,1,-7.5,1006.1,33.2,33.2,0.0
2064,coral23,1,379.1,207.6,18.2,18.2,0.0
2064,coral24,1,341.5,2169.7,29.4,29.4,0.0
2064,coral25,1,-158.5,892.5,37.2,37.2,0.0
2064,coral26,1,1226.4,938.0,34.4,34.4,0.0
2064,coral28,1,1153.5,1146.6,37.9,37.9,0.0
2064,coral29,1,1218.6,238.0,31.6,31.6,0.0
2064,coral30,1,1004.0,1390.0,37.9,37.9,0.0
2064,coral32,1,900.2,1552.3,29.4,29.4,0.0
2064,coral34,1,896.8,1205.7,31.4,31.4,0.0
2064,coral35,1,-127.5,1136.0,18.0,18.0,0.0
2064,coral37,1,-137.0,2098.3,34.2,34.2,0.0
2064,coral38,1,-0.0,382.1,36.5,36.5,0.0
2064,coral42,1,1173.1,1443.7,18.8,18.8,0.0
2064,coral43,1,962.6,648.9,28.1,28.1,0.0
2064,coral45,1,-100.2,1480.0,27.9,27.9,0.0
2064,coral47,1,1207.0,767.3,28.4,28.4,0.0
2064,coral51,1,383.2,737.1,23.2,23.2,0.0
2064,coral53,1,891.6,16.5,21.8,21.8,0.0
2064,coral54,1,1226.3,1850.6,21.7,21.7,0.0
2064,coral55,1,16.6,1615.1,29.9,29.9,0.0
2064,coral56,1,-126.2,-142.4,32.7,32.7,0.0
2064,coral57,1,909.5,1929.1,32.3,32.3,0.0
2064,coral58,1,120.0,148.0,29.4,29.4,0.0
2064,coral59,1,333.5,1019.2,33.5,33.5,0.0
2064,manta,2,677.1,876.7,184.5,184.5,0.0
2064,turtle0,2,448.5,464.9,55.8,55.8,0.0
2064,turtle1,2,647.8,2131.4,55.8,55.8,0.0
2064,turtle2,2,1020.2,66.3,55.8,55.8,0.0
2064,school0,2,692.0,566.7,121.5,121.5,0.0
2064,school1,2,687.1,169.5,121.5,121.5,0.0
2064,boat,4,555.0,1180.0,61.2,154.8,0.0
2066,island0,5,162.0,1309.2,261.0,261.0,0.0
2066,island1,5,1055.2,1746.6,145.2,145.2,0.0
2066,island2,5,162.0,1948.2,234.9,234.9,0.0
2066,island3,5,1087.8,2065.2,163.7,163.7,0.0
2066,island7,5,126.0,652.2,182.7,182.7,0.0
2066,island8,5,1009.5,877.2,156.6,156.6,0.0
2066,island11,5,271.5,-22.8,156.6,156.6,0.0
2066,coral1,1,261.7,1643.6,21.3,21.3,0.0
2066,coral2,1,1112.9,443.0,28.8,28.8,0.0
2066,coral3,1,1175.1,-60.3,30.8,30.8,0.0
2066,coral5,1,-38.3,220.1,26.1,26.1,0.0
2066,coral7,1,-143.3,509.8,40.8,40.8,0.0
2066,coral8,1,1205.7,-270.7,36.0,36.0,0.0
2066,coral9,1,936.4,348.4,22.4,22.4,0.0
2066,coral10,1,1124.6,619.1,17.6,17.6,0.0
2066,coral12,1,320.4,-290.8,28.5,28.5,0.0
2066,coral13,1,1009.8,-89.8,36.7,36.7,0.0
2066,coral16,1,217.5,877.1,32.2,32.2,0.0
2066,coral17,1,181.4,320.5,25.0,25.0,0.0
2066,coral18,1,80.4,-137.5,28.9,28.9,0.0
2066,coral19,1,-86.4,39.1,27.2,27.2,0.0
2066,coral22,1,-7.5,1013.2,33.2,33.2,0.0
2066,coral23,1,379.1,214.8,18.2,18.2,0.0
2066,coral24,1,341.5,2176.8,29.4,29.4,0.0
2066,coral25,1,-158.5,899.6,37.2,37.2,0.0
2066,coral26,1,1226.4,945.2,34.4,34.4,0.0
2066,coral28,1,1153.5,1153.7,37.9,37.9,0.0
2066,coral29,1,1218.6,245.2,31.6,31.6,0.0
2066,coral30,1,1004.0,1397.2,37.9,37.9,0.0
2066,coral32,1,900.2,1559.5,29.4,29.4,0.0
2066,coral34,1,896.8,1212.8,31.4,31.4,0.0
2066,coral35,1,-127.5,1143.2,18.0,18.0,0.0
2066,coral36,1,-73.3,-292.9,34.2,34.2,0.0
2066,coral37,1,-137.0,2105.4,34.2,34.2,0.0
2066,coral38,1,-0.0,389.3,36.5,36.5,0.0
2066,coral42,1,1173.1,1450.8,18.8,18.8,0.0
2066,coral43,1,962.6,656.1,28.1,28.1,0.0
2066,coral45,1,-100.2,1487.1,27.9,27.9,0.0
2066,coral47,1,1207.0,774.5,28.4,28.4,0.0
2066,coral51,1,383.2,744.3,23.2,23.2,0.0
2066,coral53,1,891.6,23.7,21.8,21.8,0.0
2066,coral54,1,1226.3,1857.8,21.7,21.7,0.0
2066,coral55,1,16.6,1622.3,29.9,29.9,0.0
2066,coral56,1,-126.2,-135.2,32.7,32.7,0.0
2066,coral57,1,909.5,1936.3,32.3,32.3,0.0
2066,coral58,1,120.0,155.2,29.4,29.4,0.0
2066,coral59,1,333.5,1026.4,33.5,33.5,0.0
2066,manta,2,677.4,878.7,184.5,184.5,0.0
2066,turtle0,2,447.4,468.2,55.8,55.8,0.0
2066,turtle1,2,648.9,2135.7,55.8,55.8,0.0
2066,turtle2,2,1020.2,73.4,55.8,55.8,0.0
2066,school0,2,693.6,568.7,121.5,121.5,0.0
2066,school1,2,689.7,172.0,121.5,121.5,0.0
2066,boat,4,555.0,1180.0,61.2,154.8,0.0
2068,island0,5,162.0,1316.4,261.0,261.0,0.0
2068,island1,5,1055.2,1753.8,145.2,145.2,0.0
2068,island2,5,162.0,1955.4,234.9,234.9,0.0
2068,island3,5,1087.8,2072.4,163.7,163.7,0.0
2068,island7,5,126.0,659.4,182.7,182.7,0.0
2068,island8,5,1009.5,884.4,156.6,156.6,0.0
2068,island11,5,271.5,-15.6,156.6,156.6,0.0
2068,coral1,1,261.7,1650.7,21.3,21.3,0.0
2068,coral2,1,1112.9,450.1,28.8,28.8,0.0
2068,coral3,1,1175.1,-53.2,30.8,30.8,0.0
2068,coral5,1,-38.3,227.2,26.1,26.1,0.0
2068,coral7,1,-143.3,516.9,40.8,40.8,0.0
2068,coral8,1,1205.7,-263.5,36.0,36.0,0.0
2068,coral9,1,936.4,355.6,22.4,22.4,0.0
2068,coral10,1,1124.6,626.2,17.6,17.6,0.0
2068,coral12,1,320.4,-283.6,28.5,28.5,0.0
2068,coral13,1,1009.8,-82.7,36.7,36.7,0.0
2068,coral16,1,217.5,884.3,32.2,32.2,0.0
2068,coral17,1,181.4,327.6,25.0,25.0,0.0
2068,coral18,1,80.4,-130.3,28.9,28.9,0.0
2068,coral19,1,-86.4,46.3,27.2,27.2,0.0
2068,coral22,1,-7.5,1020.4,33.2,33.2,0.0
2068,coral23,1,379.1,221.9,18.2,18.2,0.0
2068,coral24,1,341.5,2184.0,29.4,29.4,0.0
2068,coral25,1,-158.5,906.8,37.2,37.2,0.0
2068,coral26,1,1226.4,952.3,34.4,34.4,0.0
2068,coral28,1,1153.5,1160.9,37.9,37.9,0.0
2068,coral29,1,1218.6,252.3,31.6,31.6,0.0
2068,coral30,1,1004.0,1404.3,37.9,37.9,0.0
2068,coral32,1,900.2,1566.6,29.4,29.4,0.0
2068,coral34,1,896.8,1220.0,31.4,31.4,0.0
2068,coral35,1,-127.5,1150.3,18.0,18.0,0.0
2068,coral36,1,-73.3,-285.7,34.2,34.2,0.0
2068,coral37,1,-137.0,2112.6,34.2,34.2,0.0
2068,coral38,1,-0.0,396.4,36.5,36.5,0.0
2068,coral42,1,1173.1,1458.0,18.8,18.8,0.0
2068,coral43,1,962.6,663.2,28.1,28.1,0.0
2068,coral45,1,-100.2,1494.3,27.9,27.9,0.0
2068,coral47,1,1207.0,781.6,28.4,28.4,0.0
2068,coral51,1,383.2,751.5,23.2,23.2,0.0
2068,coral53,1,891.6,30.8,21.8,21.8,0.0
2068,coral54,1,1226.3,1864.9,21.7,21.7,0.0
2068,coral55,1,16.6,1629.4,29.9,29.9,0.0
2068,coral56,1,-126.2,-128.1,32.7,32.7,0.0
2068,coral57,1,909.5,1943.5,32.3,32.3,0.0
2068,coral58,1,120.0,162.3,29.4,29.4,0.0
2068,coral59,1,333.5,1033.5,33.5,33.5,0.0
2068,manta,2,677.9,880.6,184.5,184.5,0.0
2068,turtle0,2,446.3,471.6,55.8,55.8,0.0
2068,turtle1,2,650.1,2140.1,55.8,55.8,0.0
2068,turtle2,2,1020.2,80.6,55.8,55.8,0.0
2068,school0,2,695.1,570.6,121.5,121.5,0.0
2068,school1,2,692.1,174.3,121.5,121.5,0.0
2068,boat,4,555.0,1180.0,61.2,154.8,0.0
2070,island0,5,162.0,1323.5,261.0,261.0,0.0
2070,island1,5,1055.2,1760.9,145.2,145.2,0.0
2070,island2,5,162.0,1962.5,234.9,234.9,0.0
2070,island3,5,1087.8,2079.5,163.7,163.7,0.0
2070,island7,5,126.0,666.5,182.7,182.7,0.0
2070,island8,5,1009.5,891.5,156.6,156.6,0.0
2070,island11,5,271.5,-8.5,156.6,156.6,0.0
2070,coral1,1,261.7,1657.9,21.3,21.3,0.0
2070,coral2,1,1112.9,457.3,28.8,28.8,0.0
2070,coral3,1,1175.1,-46.0,30.8,30.8,0.0
2070,coral5,1,-38.3,234.4,26.1,26.1,0.0
2070,coral7,1,-143.3,524.1,40.8,40.8,0.0
2070,coral8,1,1205.7,-256.4,36.0,36.0,0.0
2070,coral9,1,936.4,362.7,22.4,22.4,0.0
2070,coral10,1,1124.6,633.4,17.6,17.6,0.0
2070,coral12,1,320.4,-276.5,28.5,28.5,0.0
2070,coral13,1,1009.8,-75.5,36.7,36.7,0.0
2070,coral16,1,217.5,891.4,32.2,32.2,0.0
2070,coral17,1,181.4,334.8,25.0,25.0,0.0
2070,coral18,1,80.4,-123.2,28.9,28.9,0.0
2070,coral19,1,-86.4,53.5,27.2,27.2,0.0
2070,coral22,1,-7.5,1027.6,33.2,33.2,0.0
2070,coral23,1,379.1,229.1,18.2,18.2,0.0
2070,coral24,1,341.5,2191.2,29.4,29.4,0.0
2070,coral25,1,-158.5,913.9,37.2,37.2,0.0
2070,coral26,1,1226.4,959.5,34.4,34.4,0.0
2070,coral28,1,1153.5,1168.0,37.9,37.9,0.0
2070,coral29,1,1218.6,259.5,31.6,31.6,0.0
2070,coral30,1,1004.0,1411.5,37.9,37.9,0.0
2070,coral32,1,900.2,1573.8,29.4,29.4,0.0
2070,coral34,1,896.8,1227.1,31.4,31.4,0.0
2070,coral35,1,-127.5,1157.5,18.0,18.0,0.0
2070,coral36,1,-73.3,-278.6,34.2,34.2,0.0
2070,coral37,1,-137.0,2119.8,34.2,34.2,0.0
2070,coral38,1,-0.0,403.6,36.5,36.5,0.0
2070,coral42,1,1173.1,1465.1,18.8,18.8,0.0
2070,coral43,1,962.6,670.4,28.1,28.1,0.0
2070,coral45,1,-100.2,1501.5,27.9,27.9,0.0
2070,coral47,1,1207.0,788.8,28.4,28.4,0.0
2070,coral51,1,383.2,758.6,23.2,23.2,0.0
2070,coral53,1,891.6,38.0,21.8,21.8,0.0
2070,coral54,1,1226.3,1872.1,21.7,21.7,0.0
2070,coral55,1,16.6,1636.6,29.9,29.9,0.0
2070,coral56,1,-126.2,-120.9,32.7,32.7,0.0
2070,coral57,1,909.5,1950.6,32.3,32.3,0.0
2070,coral58,1,120.0,169.5,29.4,29.4,0.0
2070,coral59,1,333.5,1040.7,33.5,33.5,0.0
2070,manta,2,678.4,882.5,184.5,184.5,0.0
2070,turtle0,2,445.2,474.9,55.8,55.8,0.0
2070,turtle1,2,651.3,2144.5,55.8,55.8,0.0
2070,turtle2,2,1020.2,87.7,55.8,55.8,0.0
2070,school0,2,696.6,572.6,121.5,121.5,0.0
2070,school1,2,694.2,176.5,121.5,121.5,0.0
2070,boat,4,555.0,1180.0,61.2,154.8,0.0
2072,island0,5,162.0,1330.7,261.0,261.0,0.0
2072,island1,5,1055.2,1768.1,145.2,145.2,0.0
2072,island2,5,162.0,1969.7,234.9,234.9,0.0
2072,island3,5,1087.8,2086.7,163.7,163.7,0.0
2072,island7,5,126.0,673.7,182.7,182.7,0.0
2072,island8,5,1009.5,898.7,156.6,156.6,0.0
2072,island11,5,271.5,-1.3,156.6,156.6,0.0
2072,coral1,1,261.7,1665.1,21.3,21.3,0.0
2072,coral2,1,1112.9,464.4,28.8,28.8,0.0
2072,coral3,1,1175.1,-38.9,30.8,30.8,0.0
2072,coral5,1,-38.3,241.5,26.1,26.1,0.0
2072,coral7,1,-143.3,531.2,40.8,40.8,0.0
2072,coral8,1,1205.7,-249.2,36.0,36.0,0.0
2072,coral9,1,936.4,369.9,22.4,22.4,0.0
2072,coral10,1,1124.6,640.5,17.6,17.6,0.0
2072,coral12,1,320.4,-269.3,28.5,28.5,0.0
2072,coral13,1,1009.8,-68.4,36.7,36.7,0.0
2072,coral16,1,217.5,898.6,32.2,32.2,0.0
2072,coral17,1,181.4,341.9,25.0,25.0,0.0
2072,coral18,1,80.4,-116.0,28.9,28.9,0.0
2072,coral19,1,-86.4,60.6,27.2,27.2,0.0
2072,coral22,1,-7.5,1034.7,33.2,33.2,0.0
2072,coral23,1,379.1,236.2,18.2,18.2,0.0
2072,coral24,1,341.5,2198.3,29.4,29.4,0.0
2072,coral25,1,-158.5,921.1,37.2,37.2,0.0
2072,coral26,1,1226.4,966.6,34.4,34.4,0.0
2072,coral28,1,1153.5,1175.2,37.9,37.9,0.0
2072,coral29,1,1218.6,266.6,31.6,31.6,0.0
2072,coral30,1,1004.0,1418.6,37.9,37.9,0.0
2072,coral32,1,900.2,1580.9,29.4,29.4,0.0
2072,coral34,1,896.8,1234.3,31.4,31.4,0.0
2072,coral35,1,-127.5,1164.6,18.0,18.0,0.0
2072,coral36,1,-73.3,-271.4,34.2,34.2,0.0
2072,coral37,1,-137.0,2126.9,34.2,34.2,0.0
2072,coral38,1,-0.0,410.7,36.5,36.5,0.0
2072,coral42,1,1173.1,1472.3,18.8,18.8,0.0
2072,coral43,1,962.6,677.5,28.1,28.1,0.0
2072,coral45,1,-100.2,1508.6,27.9,27.9,0.0
2072,coral47,1,1207.0,795.9,28.4,28.4,0.0
2072,coral51,1,383.2,765.8,23.2,23.2,0.0
2072,coral53,1,891.6,45.1,21.8,21.8,0.0
2072,coral54,1,1226.3,1879.2,21.7,21.7,0.0
2072,coral55,1,16.6,1643.8,29.9,29.9,0.0
2072,coral56,1,-126.2,-113.8,32.7,32.7,0.0
2072,coral57,1,909.5,1957.8,32.3,32.3,0.0
2072,coral58,1,120.0,176.6,29.4,29.4,0.0
2072,coral59,1,333.5,1047.9,33.5,33.5,0.0
2072,manta,2,679.0,884.4,184.5,184.5,0.0
2072,turtle0,2,444.1,478.2,55.8,55.8,0.0
2072,turtle1,2,652.4,2148.9,55.8,55.8,0.0
2072,turtle2,2,1020.2,94.9,55.8,55.8,0.0
2072,school0,2,698.2,574.6,121.5,121.5,0.0
2072,school1,2,695.8,178.9,121.5,121.5,0.0
2072,boat,4,555.0,1180.0,61.2,154.8,0.0
2074,island0,5,162.0,1337.9,261.0,261.0,0.0
2074,island1,5,1055.2,1775.3,145.2,145.2,0.0
2074,island2,5,162.0,1976.9,234.9,234.9,0.0
2074,island3,5,1087.8,2093.9,163.7,163.7,0.0
2074,island7,5,126.0,680.9,182.7,182.7,0.0
2074,island8,5,1009.5,905.9,156.6,156.6,0.0
2074,island11,5,271.5,5.9,156.6,156.6,0.0
2074,coral1,1,261.7,1672.2,21.3,21.3,0.0
2074,coral2,1,1112.9,471.6,28.8,28.8,0.0
2074,coral3,1,1175.1,-31.7,30.8,30.8,0.0
2074,coral5,1,-38.3,248.7,26.1,26.1,0.0
2074,coral7,1,-143.3,538.4,40.8,40.8,0.0
2074,coral8,1,1205.7,-242.1,36.0,36.0,0.0
2074,coral9,1,936.4,377.0,22.4,22.4,0.0
2074,coral10,1,1124.6,647.7,17.6,17.6,0.0
2074,coral12,1,320.4,-262.2,28.5,28.5,0.0
2074,coral13,1,1009.8,-61.2,36.7,36.7,0.0
2074,coral16,1,217.5,905.7,32.2,32.2,0.0
2074,coral17,1,181.4,349.1,25.0,25.0,0.0
2074,coral18,1,80.4,-108.9,28.9,28.9,0.0
2074,coral19,1,-86.4,67.8,27.2,27.2,0.0
2074,coral22,1,-7.5,1041.9,33.2,33.2,0.0
2074,coral23,1,379.1,243.4,18.2,18.2,0.0
2074,coral24,1,341.5,2205.5,29.4,29.4,0.0
2074,coral25,1,-158.5,928.3,37.2,37.2,0.0
2074,coral26,1,1226.4,973.8,34.4,34.4,0.0
2074,coral28,1,1153.5,1182.3,37.9,37.9,0.0
2074,coral29,1,1218.6,273.8,31.6,31.6,0.0
2074,coral30,1,1004.0,1425.8,37.9,37.9,0.0
2074,coral32,1,900.2,1588.1,29.4,29.4,0.0
2074,coral34,1,896.8,1241.4,31.4,31.4,0.0
2074,coral35,1,-127.5,1171.8,18.0,18.0,0.0
2074,coral36,1,-73.3,-264.3,34.2,34.2,0.0
2074,coral37,1,-137.0,2134.1,34.2,34.2,0.0
2074,coral38,1,-0.0,417.9,36.5,36.5,0.0
2074,coral42,1,1173.1,1479.4,18.8,18.8,0.0
2074,coral43,1,962.6,684.7,28.1,28.1,0.0
2074,coral45,1,-100.2,1515.8,27.9,27.9,0.0
2074,coral47,1,1207.0,803.1,28.4,28.4,0.0
2074,coral51,1,383.2,772.9,23.2,23.2,0.0
2074,coral53,1,891.6,52.3,21.8,21.8,0.0
2074,coral54,1,1226.3,1886.4,21.7,21.7,0.0
2074,coral55,1,16.6,1650.9,29.9,29.9,0.0
2074,coral56,1,-126.2,-106.6,32.7,32.7,0.0
2074,coral57,1,909.5,1964.9,32.3,32.3,0.0
2074,coral58,1,120.0,183.8,29.4,29.4,0.0
2074,coral59,1,333.5,1055.0,33.5,33.5,0.0
2074,manta,2,679.7,886.4,184.5,184.5,0.0
2074,turtle0,2,443.1,481.6,55.8,55.8,0.0
2074,turtle1,2,653.6,2153.3,55.8,55.8,0.0
2074,turtle2,2,1020.2,102.0,55.8,55.8,0.0
2074,school0,2,699.7,576.6,121.5,121.5,0.0
2074,school1,2,696.9,181.3,121.5,121.5,0.0
2074,boat,4,555.0,1180.0,61.2,154.8,0.0
2076,island0,5,162.0,1345.0,261.0,261.0,0.0
2076,island1,5,1055.2,1782.4,145.2,145.2,0.0
2076,island2,5,162.0,1984.0,234.9,234.9,0.0
2076,island3,5,1087.8,2101.0,163.7,163.7,0.0
2076,island7,5,126.0,688.0,182.7,182.7,0.0
2076,island8,5,1009.5,913.0,156.6,156.6,0.0
2076,island11,5,271.5,13.0,156.6,156.6,0.0
2076,coral1,1,261.7,1679.4,21.3,21.3,0.0
2076,coral2,1,1112.9,478.7,28.8,28.8,0.0
2076,coral3,1,1175.1,-24.6,30.8,30.8,0.0
2076,coral5,1,-38.3,255.9,26.1,26.1,0.0
2076,coral7,1,-143.3,545.5,40.8,40.8,0.0
2076,coral8,1,1205.7,-234.9,36.0,36.0,0.0
2076,coral9,1,936.4,384.2,22.4,22.4,0.0
2076,coral10,1,1124.6,654.8,17.6,17.6,0.0
2076,coral12,1,320.4,-255.0,28.5,28.5,0.0
2076,coral13,1,1009.8,-54.0,36.7,36.7,0.0
2076,coral16,1,217.5,912.9,32.2,32.2,0.0
2076,coral17,1,181.4,356.2,25.0,25.0,0.0
2076,coral18,1,80.4,-101.7,28.9,28.9,0.0
2076,coral19,1,-86.4,74.9,27.2,27.2,0.0
2076,coral22,1,-7.5,1049.0,33.2,33.2,0.0
2076,coral23,1,379.1,250.5,18.2,18.2,0.0
2076,coral24,1,341.5,2212.6,29.4,29.4,0.0
2076,coral25,1,-158.5,935.4,37.2,37.2,0.0
2076,coral26,1,1226.4,980.9,34.4,34.4,0.0
2076,coral28,1,1153.5,1189.5,37.9,37.9,0.0
2076,coral29,1,1218.6,280.9,31.6,31.6,0.0
2076,coral30,1,1004.0,1432.9,37.9,37.9,0.0
2076,coral32,1,900.2,1595.2,29.4,29.4,0.0
2076,coral34,1,896.8,1248.6,31.4,31.4,0.0
2076,coral35,1,-127.5,1178.9,18.0,18.0,0.0
2076,coral36,1,-73.3,-257.1,34.2,34.2,0.0
2076,coral37,1,-137.0,2141.2,34.2,34.2,0.0
2076,coral38,1,-0.0,425.0,36.5,36.5,0.0
2076,coral42,1,1173.1,1486.6,18.8,18.8,0.0
2076,coral43,1,962.6,691.8,28.1,28.1,0.0
2076,coral45,1,-100.2,1522.9,27.9,27.9,0.0
2076,coral47,1,1207.0,810.2,28.4,28.4,0.0
2076,coral49,1,1014.8,-294.2,39.6,39.6,0.0
2076,coral51,1,383.2,780.1,23.2,23.2,0.0
2076,coral53,1,891.6,59.4,21.8,21.8,0.0
2076,coral54,1,1226.3,1893.5,21.7,21.7,0.0
2076,coral55,1,16.6,1658.1,29.9,29.9,0.0
2076,coral56,1,-126.2,-99.4,32.7,32.7,0.0
2076,coral57,1,909.5,1972.1,32.3,32.3,0.0
2076,coral58,1,120.0,190.9,29.4,29.4,0.0
2076,coral59,1,333.5,1062.2,33.5,33.5,0.0
2076,manta,2,680.5,888.3,184.5,184.5,0.0
2076,turtle0,2,442.2,484.9,55.8,55.8,0.0
2076,turtle1,2,654.7,2157.6,55.8,55.8,0.0
2076,turtle2,2,1020.2,109.2,55.8,55.8,0.0
2076,school0,2,701.3,578.6,121.5,121.5,0.0
2076,school1,2,697.3,184.0,121.5,121.5,0.0
2076,boat,4,555.0,1180.0,61.2,154.8,0.0
